subject	subj_idx	transition	prob	long_short	acc	rt_ms
sub-001	1	flexibility	prob_diff	Long	1	1572
sub-001	1	flexibility	prob_diff	Long	1	1020
sub-001	1	flexibility	prob_diff	Long	1	1149
sub-001	1	flexibility	prob_diff	Long	1	1181
sub-001	1	flexibility	prob_diff	Long	1	1405
sub-001	1	flexibility	prob_diff	Long	1	1166
sub-001	1	flexibility	prob_diff	Long	1	1239
sub-001	1	flexibility	prob_diff	Long	1	1680
sub-001	1	flexibility	prob_diff	Long	1	1257
sub-001	1	flexibility	prob_diff	Long	1	1169
sub-001	1	flexibility	prob_diff	Long	1	1058
sub-001	1	flexibility	prob_diff	Long	1	1307
sub-001	1	flexibility	prob_diff	Long	1	1155
sub-001	1	flexibility	prob_diff	Long	1	1004
sub-001	1	flexibility	prob_diff	Long	1	1380
sub-001	1	flexibility	prob_diff	Long	1	1277
sub-001	1	flexibility	prob_diff	Long	1	1191
sub-001	1	flexibility	prob_diff	Long	1	1697
sub-001	1	flexibility	prob_diff	Long	1	1341
sub-001	1	flexibility	prob_diff	Long	1	1325
sub-001	1	flexibility	prob_diff	Short	1	1181
sub-001	1	flexibility	prob_diff	Short	1	1319
sub-001	1	flexibility	prob_diff	Short	0	1088
sub-001	1	flexibility	prob_diff	Short	1	1224
sub-001	1	flexibility	prob_diff	Short	1	1418
sub-001	1	flexibility	prob_diff	Short	0	1299
sub-001	1	flexibility	prob_diff	Short	0	323
sub-001	1	flexibility	prob_diff	Short	1	1051
sub-001	1	flexibility	prob_diff	Short	1	1588
sub-001	1	flexibility	prob_diff	Short	1	1308
sub-001	1	flexibility	prob_diff	Short	1	1020
sub-001	1	flexibility	prob_diff	Short	1	1660
sub-001	1	flexibility	prob_diff	Short	1	1565
sub-001	1	flexibility	prob_diff	Short	1	1110
sub-001	1	flexibility	prob_diff	Short	1	1246
sub-001	1	flexibility	prob_diff	Short	1	1373
sub-001	1	flexibility	prob_diff	Short	1	1326
sub-001	1	flexibility	prob_diff	Short	1	1111
sub-001	1	flexibility	prob_diff	Short	1	1319
sub-001	1	flexibility	prob_diff	Short	1	1231
sub-001	1	flexibility	prob_same	Long	0	0
sub-001	1	flexibility	prob_same	Long	1	1305
sub-001	1	flexibility	prob_same	Long	1	1332
sub-001	1	flexibility	prob_same	Long	1	1228
sub-001	1	flexibility	prob_same	Long	1	1125
sub-001	1	flexibility	prob_same	Long	1	1302
sub-001	1	flexibility	prob_same	Long	1	1208
sub-001	1	flexibility	prob_same	Long	1	1234
sub-001	1	flexibility	prob_same	Long	1	1107
sub-001	1	flexibility	prob_same	Long	1	1019
sub-001	1	flexibility	prob_same	Short	1	1280
sub-001	1	flexibility	prob_same	Short	1	1497
sub-001	1	flexibility	prob_same	Short	0	242
sub-001	1	flexibility	prob_same	Short	1	1737
sub-001	1	flexibility	prob_same	Short	1	1114
sub-001	1	flexibility	prob_same	Short	0	1251
sub-001	1	flexibility	prob_same	Short	1	1412
sub-001	1	flexibility	prob_same	Short	1	1020
sub-001	1	flexibility	prob_same	Short	1	1221
sub-001	1	flexibility	prob_same	Short	1	1462
sub-001	1	stability	prob_diff	Long	1	844
sub-001	1	stability	prob_diff	Long	1	1198
sub-001	1	stability	prob_diff	Long	1	1024
sub-001	1	stability	prob_diff	Long	1	1133
sub-001	1	stability	prob_diff	Long	1	982
sub-001	1	stability	prob_diff	Long	1	967
sub-001	1	stability	prob_diff	Long	1	983
sub-001	1	stability	prob_diff	Long	1	832
sub-001	1	stability	prob_diff	Long	1	1289
sub-001	1	stability	prob_diff	Long	1	930
sub-001	1	stability	prob_diff	Long	1	802
sub-001	1	stability	prob_diff	Long	1	667
sub-001	1	stability	prob_diff	Long	1	1028
sub-001	1	stability	prob_diff	Long	1	942
sub-001	1	stability	prob_diff	Long	0	1095
sub-001	1	stability	prob_diff	Long	1	479
sub-001	1	stability	prob_diff	Long	1	872
sub-001	1	stability	prob_diff	Long	1	759
sub-001	1	stability	prob_diff	Long	1	744
sub-001	1	stability	prob_diff	Long	1	1064
sub-001	1	stability	prob_diff	Short	1	1021
sub-001	1	stability	prob_diff	Short	1	868
sub-001	1	stability	prob_diff	Short	1	965
sub-001	1	stability	prob_diff	Short	1	965
sub-001	1	stability	prob_diff	Short	1	1062
sub-001	1	stability	prob_diff	Short	1	1317
sub-001	1	stability	prob_diff	Short	1	774
sub-001	1	stability	prob_diff	Short	1	1014
sub-001	1	stability	prob_diff	Short	1	983
sub-001	1	stability	prob_diff	Short	1	951
sub-001	1	stability	prob_diff	Short	1	871
sub-001	1	stability	prob_diff	Short	1	936
sub-001	1	stability	prob_diff	Short	1	889
sub-001	1	stability	prob_diff	Short	1	561
sub-001	1	stability	prob_diff	Short	1	738
sub-001	1	stability	prob_diff	Short	1	897
sub-001	1	stability	prob_diff	Short	1	700
sub-001	1	stability	prob_diff	Short	1	1443
sub-001	1	stability	prob_diff	Short	0	1549
sub-001	1	stability	prob_diff	Short	1	1023
sub-001	1	stability	prob_same	Long	1	1866
sub-001	1	stability	prob_same	Long	1	1210
sub-001	1	stability	prob_same	Long	1	1260
sub-001	1	stability	prob_same	Long	1	1589
sub-001	1	stability	prob_same	Long	1	982
sub-001	1	stability	prob_same	Long	1	1015
sub-001	1	stability	prob_same	Long	1	1096
sub-001	1	stability	prob_same	Long	1	801
sub-001	1	stability	prob_same	Long	1	1241
sub-001	1	stability	prob_same	Long	1	852
sub-001	1	stability	prob_same	Short	1	992
sub-001	1	stability	prob_same	Short	1	1145
sub-001	1	stability	prob_same	Short	1	913
sub-001	1	stability	prob_same	Short	1	1010
sub-001	1	stability	prob_same	Short	1	1850
sub-001	1	stability	prob_same	Short	1	1210
sub-001	1	stability	prob_same	Short	1	851
sub-001	1	stability	prob_same	Short	0	0
sub-001	1	stability	prob_same	Short	1	900
sub-001	1	stability	prob_same	Short	1	773
sub-002	2	flexibility	prob_diff	Long	1	1736
sub-002	2	flexibility	prob_diff	Long	1	1040
sub-002	2	flexibility	prob_diff	Long	0	0
sub-002	2	flexibility	prob_diff	Long	1	1145
sub-002	2	flexibility	prob_diff	Long	1	986
sub-002	2	flexibility	prob_diff	Long	1	979
sub-002	2	flexibility	prob_diff	Long	1	1261
sub-002	2	flexibility	prob_diff	Long	1	1037
sub-002	2	flexibility	prob_diff	Long	1	1062
sub-002	2	flexibility	prob_diff	Long	1	957
sub-002	2	flexibility	prob_diff	Long	1	1062
sub-002	2	flexibility	prob_diff	Long	1	1335
sub-002	2	flexibility	prob_diff	Long	1	1040
sub-002	2	flexibility	prob_diff	Long	1	1353
sub-002	2	flexibility	prob_diff	Long	1	1162
sub-002	2	flexibility	prob_diff	Long	1	962
sub-002	2	flexibility	prob_diff	Long	1	1279
sub-002	2	flexibility	prob_diff	Long	1	1697
sub-002	2	flexibility	prob_diff	Long	1	1626
sub-002	2	flexibility	prob_diff	Long	1	1010
sub-002	2	flexibility	prob_diff	Short	1	1195
sub-002	2	flexibility	prob_diff	Short	1	1004
sub-002	2	flexibility	prob_diff	Short	1	1180
sub-002	2	flexibility	prob_diff	Short	1	1158
sub-002	2	flexibility	prob_diff	Short	1	1407
sub-002	2	flexibility	prob_diff	Short	1	1088
sub-002	2	flexibility	prob_diff	Short	1	912
sub-002	2	flexibility	prob_diff	Short	1	985
sub-002	2	flexibility	prob_diff	Short	1	969
sub-002	2	flexibility	prob_diff	Short	1	946
sub-002	2	flexibility	prob_diff	Short	1	1129
sub-002	2	flexibility	prob_diff	Short	1	1082
sub-002	2	flexibility	prob_diff	Short	1	922
sub-002	2	flexibility	prob_diff	Short	1	1131
sub-002	2	flexibility	prob_diff	Short	1	963
sub-002	2	flexibility	prob_diff	Short	1	1051
sub-002	2	flexibility	prob_diff	Short	1	1164
sub-002	2	flexibility	prob_diff	Short	1	988
sub-002	2	flexibility	prob_diff	Short	1	1036
sub-002	2	flexibility	prob_diff	Short	1	1540
sub-002	2	flexibility	prob_same	Long	0	0
sub-002	2	flexibility	prob_same	Long	1	1342
sub-002	2	flexibility	prob_same	Long	1	1623
sub-002	2	flexibility	prob_same	Long	1	1370
sub-002	2	flexibility	prob_same	Long	1	1050
sub-002	2	flexibility	prob_same	Long	0	0
sub-002	2	flexibility	prob_same	Long	1	1173
sub-002	2	flexibility	prob_same	Long	1	1086
sub-002	2	flexibility	prob_same	Long	1	1079
sub-002	2	flexibility	prob_same	Long	1	1096
sub-002	2	flexibility	prob_same	Short	1	1142
sub-002	2	flexibility	prob_same	Short	1	1029
sub-002	2	flexibility	prob_same	Short	1	1063
sub-002	2	flexibility	prob_same	Short	1	991
sub-002	2	flexibility	prob_same	Short	1	1008
sub-002	2	flexibility	prob_same	Short	1	1016
sub-002	2	flexibility	prob_same	Short	1	1192
sub-002	2	flexibility	prob_same	Short	1	1105
sub-002	2	flexibility	prob_same	Short	1	825
sub-002	2	flexibility	prob_same	Short	1	994
sub-002	2	stability	prob_diff	Long	1	827
sub-002	2	stability	prob_diff	Long	1	1540
sub-002	2	stability	prob_diff	Long	1	766
sub-002	2	stability	prob_diff	Long	1	808
sub-002	2	stability	prob_diff	Long	1	1284
sub-002	2	stability	prob_diff	Long	1	1068
sub-002	2	stability	prob_diff	Long	1	893
sub-002	2	stability	prob_diff	Long	0	941
sub-002	2	stability	prob_diff	Long	1	1405
sub-002	2	stability	prob_diff	Long	1	718
sub-002	2	stability	prob_diff	Long	1	1078
sub-002	2	stability	prob_diff	Long	1	823
sub-002	2	stability	prob_diff	Long	1	936
sub-002	2	stability	prob_diff	Long	1	1251
sub-002	2	stability	prob_diff	Long	1	828
sub-002	2	stability	prob_diff	Long	1	1092
sub-002	2	stability	prob_diff	Long	1	1157
sub-002	2	stability	prob_diff	Long	1	685
sub-002	2	stability	prob_diff	Long	1	1173
sub-002	2	stability	prob_diff	Long	1	1062
sub-002	2	stability	prob_diff	Short	1	1345
sub-002	2	stability	prob_diff	Short	1	1058
sub-002	2	stability	prob_diff	Short	1	778
sub-002	2	stability	prob_diff	Short	1	1010
sub-002	2	stability	prob_diff	Short	0	1099
sub-002	2	stability	prob_diff	Short	1	795
sub-002	2	stability	prob_diff	Short	1	740
sub-002	2	stability	prob_diff	Short	1	899
sub-002	2	stability	prob_diff	Short	1	851
sub-002	2	stability	prob_diff	Short	0	828
sub-002	2	stability	prob_diff	Short	1	956
sub-002	2	stability	prob_diff	Short	1	877
sub-002	2	stability	prob_diff	Short	1	1117
sub-002	2	stability	prob_diff	Short	1	886
sub-002	2	stability	prob_diff	Short	1	917
sub-002	2	stability	prob_diff	Short	1	1190
sub-002	2	stability	prob_diff	Short	1	1599
sub-002	2	stability	prob_diff	Short	1	993
sub-002	2	stability	prob_diff	Short	1	1088
sub-002	2	stability	prob_diff	Short	1	939
sub-002	2	stability	prob_same	Long	0	1543
sub-002	2	stability	prob_same	Long	1	1464
sub-002	2	stability	prob_same	Long	1	1505
sub-002	2	stability	prob_same	Long	1	1169
sub-002	2	stability	prob_same	Long	1	1195
sub-002	2	stability	prob_same	Long	1	972
sub-002	2	stability	prob_same	Long	1	1108
sub-002	2	stability	prob_same	Long	1	1220
sub-002	2	stability	prob_same	Long	1	1085
sub-002	2	stability	prob_same	Long	1	919
sub-002	2	stability	prob_same	Short	1	1030
sub-002	2	stability	prob_same	Short	1	886
sub-002	2	stability	prob_same	Short	1	839
sub-002	2	stability	prob_same	Short	1	871
sub-002	2	stability	prob_same	Short	1	991
sub-002	2	stability	prob_same	Short	1	840
sub-002	2	stability	prob_same	Short	1	776
sub-002	2	stability	prob_same	Short	1	712
sub-002	2	stability	prob_same	Short	1	769
sub-002	2	stability	prob_same	Short	1	865
sub-003	3	flexibility	prob_diff	Long	0	0
sub-003	3	flexibility	prob_diff	Long	1	1368
sub-003	3	flexibility	prob_diff	Long	1	1496
sub-003	3	flexibility	prob_diff	Long	1	1433
sub-003	3	flexibility	prob_diff	Long	1	1449
sub-003	3	flexibility	prob_diff	Long	1	1458
sub-003	3	flexibility	prob_diff	Long	1	1122
sub-003	3	flexibility	prob_diff	Long	1	1067
sub-003	3	flexibility	prob_diff	Long	1	1116
sub-003	3	flexibility	prob_diff	Long	1	1452
sub-003	3	flexibility	prob_diff	Long	1	1380
sub-003	3	flexibility	prob_diff	Long	1	1172
sub-003	3	flexibility	prob_diff	Long	1	1214
sub-003	3	flexibility	prob_diff	Long	1	1174
sub-003	3	flexibility	prob_diff	Long	1	1200
sub-003	3	flexibility	prob_diff	Long	1	1193
sub-003	3	flexibility	prob_diff	Long	1	1202
sub-003	3	flexibility	prob_diff	Long	1	1284
sub-003	3	flexibility	prob_diff	Long	1	1582
sub-003	3	flexibility	prob_diff	Long	1	1528
sub-003	3	flexibility	prob_diff	Short	0	1587
sub-003	3	flexibility	prob_diff	Short	1	1235
sub-003	3	flexibility	prob_diff	Short	1	1347
sub-003	3	flexibility	prob_diff	Short	1	1324
sub-003	3	flexibility	prob_diff	Short	1	1565
sub-003	3	flexibility	prob_diff	Short	0	0
sub-003	3	flexibility	prob_diff	Short	1	1391
sub-003	3	flexibility	prob_diff	Short	1	1270
sub-003	3	flexibility	prob_diff	Short	1	1112
sub-003	3	flexibility	prob_diff	Short	1	1280
sub-003	3	flexibility	prob_diff	Short	1	1488
sub-003	3	flexibility	prob_diff	Short	1	1288
sub-003	3	flexibility	prob_diff	Short	1	1312
sub-003	3	flexibility	prob_diff	Short	0	1272
sub-003	3	flexibility	prob_diff	Short	1	1169
sub-003	3	flexibility	prob_diff	Short	1	1321
sub-003	3	flexibility	prob_diff	Short	1	1113
sub-003	3	flexibility	prob_diff	Short	1	1441
sub-003	3	flexibility	prob_diff	Short	1	1018
sub-003	3	flexibility	prob_diff	Short	1	1170
sub-003	3	flexibility	prob_same	Long	1	1590
sub-003	3	flexibility	prob_same	Long	1	1383
sub-003	3	flexibility	prob_same	Long	1	1312
sub-003	3	flexibility	prob_same	Long	1	1314
sub-003	3	flexibility	prob_same	Long	1	1235
sub-003	3	flexibility	prob_same	Long	1	1235
sub-003	3	flexibility	prob_same	Long	1	1484
sub-003	3	flexibility	prob_same	Long	1	1268
sub-003	3	flexibility	prob_same	Long	1	1589
sub-003	3	flexibility	prob_same	Long	1	1686
sub-003	3	flexibility	prob_same	Short	1	1508
sub-003	3	flexibility	prob_same	Short	1	1437
sub-003	3	flexibility	prob_same	Short	1	1229
sub-003	3	flexibility	prob_same	Short	1	1134
sub-003	3	flexibility	prob_same	Short	1	1270
sub-003	3	flexibility	prob_same	Short	1	1207
sub-003	3	flexibility	prob_same	Short	1	1375
sub-003	3	flexibility	prob_same	Short	1	1248
sub-003	3	flexibility	prob_same	Short	1	1215
sub-003	3	flexibility	prob_same	Short	1	1225
sub-003	3	stability	prob_diff	Long	1	1119
sub-003	3	stability	prob_diff	Long	1	1279
sub-003	3	stability	prob_diff	Long	1	1048
sub-003	3	stability	prob_diff	Long	1	1193
sub-003	3	stability	prob_diff	Long	1	890
sub-003	3	stability	prob_diff	Long	1	1051
sub-003	3	stability	prob_diff	Long	1	1315
sub-003	3	stability	prob_diff	Long	1	1173
sub-003	3	stability	prob_diff	Long	1	1036
sub-003	3	stability	prob_diff	Long	1	1253
sub-003	3	stability	prob_diff	Long	1	1278
sub-003	3	stability	prob_diff	Long	1	1079
sub-003	3	stability	prob_diff	Long	1	824
sub-003	3	stability	prob_diff	Long	1	1257
sub-003	3	stability	prob_diff	Long	1	985
sub-003	3	stability	prob_diff	Long	1	874
sub-003	3	stability	prob_diff	Long	1	1315
sub-003	3	stability	prob_diff	Long	1	883
sub-003	3	stability	prob_diff	Long	1	916
sub-003	3	stability	prob_diff	Long	1	628
sub-003	3	stability	prob_diff	Short	1	976
sub-003	3	stability	prob_diff	Short	1	880
sub-003	3	stability	prob_diff	Short	1	776
sub-003	3	stability	prob_diff	Short	1	1024
sub-003	3	stability	prob_diff	Short	1	1041
sub-003	3	stability	prob_diff	Short	1	873
sub-003	3	stability	prob_diff	Short	1	1122
sub-003	3	stability	prob_diff	Short	1	793
sub-003	3	stability	prob_diff	Short	1	738
sub-003	3	stability	prob_diff	Short	1	1180
sub-003	3	stability	prob_diff	Short	1	899
sub-003	3	stability	prob_diff	Short	1	923
sub-003	3	stability	prob_diff	Short	1	1004
sub-003	3	stability	prob_diff	Short	1	683
sub-003	3	stability	prob_diff	Short	1	780
sub-003	3	stability	prob_diff	Short	1	1413
sub-003	3	stability	prob_diff	Short	1	1198
sub-003	3	stability	prob_diff	Short	1	1199
sub-003	3	stability	prob_diff	Short	1	832
sub-003	3	stability	prob_diff	Short	1	1130
sub-003	3	stability	prob_same	Long	0	1125
sub-003	3	stability	prob_same	Long	1	1629
sub-003	3	stability	prob_same	Long	1	1030
sub-003	3	stability	prob_same	Long	1	919
sub-003	3	stability	prob_same	Long	1	777
sub-003	3	stability	prob_same	Long	1	1193
sub-003	3	stability	prob_same	Long	1	850
sub-003	3	stability	prob_same	Long	1	962
sub-003	3	stability	prob_same	Long	1	1237
sub-003	3	stability	prob_same	Long	1	998
sub-003	3	stability	prob_same	Short	1	1380
sub-003	3	stability	prob_same	Short	1	620
sub-003	3	stability	prob_same	Short	1	965
sub-003	3	stability	prob_same	Short	1	1069
sub-003	3	stability	prob_same	Short	1	1286
sub-003	3	stability	prob_same	Short	1	903
sub-003	3	stability	prob_same	Short	1	1559
sub-003	3	stability	prob_same	Short	1	856
sub-003	3	stability	prob_same	Short	1	968
sub-003	3	stability	prob_same	Short	1	936
sub-004	4	flexibility	prob_diff	Long	0	0
sub-004	4	flexibility	prob_diff	Long	1	1339
sub-004	4	flexibility	prob_diff	Long	1	1212
sub-004	4	flexibility	prob_diff	Long	1	1020
sub-004	4	flexibility	prob_diff	Long	1	1117
sub-004	4	flexibility	prob_diff	Long	1	1270
sub-004	4	flexibility	prob_diff	Long	1	1102
sub-004	4	flexibility	prob_diff	Long	1	1159
sub-004	4	flexibility	prob_diff	Long	1	1120
sub-004	4	flexibility	prob_diff	Long	1	1224
sub-004	4	flexibility	prob_diff	Long	1	1177
sub-004	4	flexibility	prob_diff	Long	1	1322
sub-004	4	flexibility	prob_diff	Long	1	1139
sub-004	4	flexibility	prob_diff	Long	1	1019
sub-004	4	flexibility	prob_diff	Long	1	980
sub-004	4	flexibility	prob_diff	Long	1	1132
sub-004	4	flexibility	prob_diff	Long	1	1190
sub-004	4	flexibility	prob_diff	Long	1	1619
sub-004	4	flexibility	prob_diff	Long	1	1063
sub-004	4	flexibility	prob_diff	Long	1	1120
sub-004	4	flexibility	prob_diff	Short	1	1035
sub-004	4	flexibility	prob_diff	Short	1	1036
sub-004	4	flexibility	prob_diff	Short	1	1549
sub-004	4	flexibility	prob_diff	Short	1	1223
sub-004	4	flexibility	prob_diff	Short	1	1066
sub-004	4	flexibility	prob_diff	Short	1	1170
sub-004	4	flexibility	prob_diff	Short	1	1322
sub-004	4	flexibility	prob_diff	Short	1	1027
sub-004	4	flexibility	prob_diff	Short	1	1460
sub-004	4	flexibility	prob_diff	Short	1	995
sub-004	4	flexibility	prob_diff	Short	1	1108
sub-004	4	flexibility	prob_diff	Short	1	1396
sub-004	4	flexibility	prob_diff	Short	1	1132
sub-004	4	flexibility	prob_diff	Short	1	1140
sub-004	4	flexibility	prob_diff	Short	1	997
sub-004	4	flexibility	prob_diff	Short	1	1510
sub-004	4	flexibility	prob_diff	Short	1	1421
sub-004	4	flexibility	prob_diff	Short	1	1174
sub-004	4	flexibility	prob_diff	Short	1	1198
sub-004	4	flexibility	prob_diff	Short	1	1039
sub-004	4	flexibility	prob_same	Long	1	1464
sub-004	4	flexibility	prob_same	Long	1	721
sub-004	4	flexibility	prob_same	Long	0	985
sub-004	4	flexibility	prob_same	Long	1	1050
sub-004	4	flexibility	prob_same	Long	1	1274
sub-004	4	flexibility	prob_same	Long	1	1036
sub-004	4	flexibility	prob_same	Long	0	1111
sub-004	4	flexibility	prob_same	Long	1	968
sub-004	4	flexibility	prob_same	Long	1	928
sub-004	4	flexibility	prob_same	Long	1	978
sub-004	4	flexibility	prob_same	Short	1	1080
sub-004	4	flexibility	prob_same	Short	1	1152
sub-004	4	flexibility	prob_same	Short	1	1073
sub-004	4	flexibility	prob_same	Short	0	946
sub-004	4	flexibility	prob_same	Short	1	1066
sub-004	4	flexibility	prob_same	Short	1	1194
sub-004	4	flexibility	prob_same	Short	1	1034
sub-004	4	flexibility	prob_same	Short	1	1795
sub-004	4	flexibility	prob_same	Short	1	1348
sub-004	4	flexibility	prob_same	Short	1	1229
sub-004	4	stability	prob_diff	Long	1	955
sub-004	4	stability	prob_diff	Long	1	1309
sub-004	4	stability	prob_diff	Long	1	1137
sub-004	4	stability	prob_diff	Long	1	1484
sub-004	4	stability	prob_diff	Long	1	959
sub-004	4	stability	prob_diff	Long	1	1495
sub-004	4	stability	prob_diff	Long	1	784
sub-004	4	stability	prob_diff	Long	1	727
sub-004	4	stability	prob_diff	Long	1	761
sub-004	4	stability	prob_diff	Long	1	1097
sub-004	4	stability	prob_diff	Long	1	1073
sub-004	4	stability	prob_diff	Long	1	938
sub-004	4	stability	prob_diff	Long	1	1115
sub-004	4	stability	prob_diff	Long	1	596
sub-004	4	stability	prob_diff	Long	1	1189
sub-004	4	stability	prob_diff	Long	1	1013
sub-004	4	stability	prob_diff	Long	1	1590
sub-004	4	stability	prob_diff	Long	1	974
sub-004	4	stability	prob_diff	Long	1	832
sub-004	4	stability	prob_diff	Long	1	1193
sub-004	4	stability	prob_diff	Short	1	804
sub-004	4	stability	prob_diff	Short	1	972
sub-004	4	stability	prob_diff	Short	1	852
sub-004	4	stability	prob_diff	Short	1	581
sub-004	4	stability	prob_diff	Short	1	558
sub-004	4	stability	prob_diff	Short	1	486
sub-004	4	stability	prob_diff	Short	1	1126
sub-004	4	stability	prob_diff	Short	1	591
sub-004	4	stability	prob_diff	Short	1	656
sub-004	4	stability	prob_diff	Short	1	567
sub-004	4	stability	prob_diff	Short	1	695
sub-004	4	stability	prob_diff	Short	0	1424
sub-004	4	stability	prob_diff	Short	0	889
sub-004	4	stability	prob_diff	Short	1	729
sub-004	4	stability	prob_diff	Short	1	912
sub-004	4	stability	prob_diff	Short	1	633
sub-004	4	stability	prob_diff	Short	1	771
sub-004	4	stability	prob_diff	Short	1	1580
sub-004	4	stability	prob_diff	Short	1	1702
sub-004	4	stability	prob_diff	Short	1	1631
sub-004	4	stability	prob_same	Long	0	1107
sub-004	4	stability	prob_same	Long	0	1324
sub-004	4	stability	prob_same	Long	1	1253
sub-004	4	stability	prob_same	Long	1	1117
sub-004	4	stability	prob_same	Long	1	1102
sub-004	4	stability	prob_same	Long	1	918
sub-004	4	stability	prob_same	Long	1	1224
sub-004	4	stability	prob_same	Long	1	1296
sub-004	4	stability	prob_same	Long	1	849
sub-004	4	stability	prob_same	Long	1	865
sub-004	4	stability	prob_same	Short	1	896
sub-004	4	stability	prob_same	Short	1	776
sub-004	4	stability	prob_same	Short	1	969
sub-004	4	stability	prob_same	Short	1	657
sub-004	4	stability	prob_same	Short	1	723
sub-004	4	stability	prob_same	Short	1	1491
sub-004	4	stability	prob_same	Short	1	1595
sub-004	4	stability	prob_same	Short	1	836
sub-004	4	stability	prob_same	Short	1	1916
sub-004	4	stability	prob_same	Short	1	829
sub-005	5	flexibility	prob_diff	Long	1	1598
sub-005	5	flexibility	prob_diff	Long	1	1078
sub-005	5	flexibility	prob_diff	Long	1	1127
sub-005	5	flexibility	prob_diff	Long	1	1031
sub-005	5	flexibility	prob_diff	Long	1	1376
sub-005	5	flexibility	prob_diff	Long	1	808
sub-005	5	flexibility	prob_diff	Long	1	657
sub-005	5	flexibility	prob_diff	Long	1	1209
sub-005	5	flexibility	prob_diff	Long	1	1562
sub-005	5	flexibility	prob_diff	Long	1	1043
sub-005	5	flexibility	prob_diff	Long	1	1252
sub-005	5	flexibility	prob_diff	Long	1	860
sub-005	5	flexibility	prob_diff	Long	1	1085
sub-005	5	flexibility	prob_diff	Long	1	966
sub-005	5	flexibility	prob_diff	Long	1	1079
sub-005	5	flexibility	prob_diff	Long	1	1239
sub-005	5	flexibility	prob_diff	Long	1	1165
sub-005	5	flexibility	prob_diff	Long	1	966
sub-005	5	flexibility	prob_diff	Long	1	943
sub-005	5	flexibility	prob_diff	Long	1	1249
sub-005	5	flexibility	prob_diff	Short	1	1016
sub-005	5	flexibility	prob_diff	Short	1	1015
sub-005	5	flexibility	prob_diff	Short	1	1210
sub-005	5	flexibility	prob_diff	Short	1	1227
sub-005	5	flexibility	prob_diff	Short	1	1116
sub-005	5	flexibility	prob_diff	Short	1	1020
sub-005	5	flexibility	prob_diff	Short	1	1061
sub-005	5	flexibility	prob_diff	Short	1	1974
sub-005	5	flexibility	prob_diff	Short	1	1046
sub-005	5	flexibility	prob_diff	Short	1	694
sub-005	5	flexibility	prob_diff	Short	1	782
sub-005	5	flexibility	prob_diff	Short	1	670
sub-005	5	flexibility	prob_diff	Short	1	920
sub-005	5	flexibility	prob_diff	Short	1	1191
sub-005	5	flexibility	prob_diff	Short	1	1168
sub-005	5	flexibility	prob_diff	Short	1	744
sub-005	5	flexibility	prob_diff	Short	1	849
sub-005	5	flexibility	prob_diff	Short	1	1217
sub-005	5	flexibility	prob_diff	Short	0	745
sub-005	5	flexibility	prob_diff	Short	1	705
sub-005	5	flexibility	prob_same	Long	1	1309
sub-005	5	flexibility	prob_same	Long	1	1327
sub-005	5	flexibility	prob_same	Long	1	1160
sub-005	5	flexibility	prob_same	Long	1	600
sub-005	5	flexibility	prob_same	Long	0	690
sub-005	5	flexibility	prob_same	Long	1	771
sub-005	5	flexibility	prob_same	Long	1	916
sub-005	5	flexibility	prob_same	Long	0	1036
sub-005	5	flexibility	prob_same	Long	1	1189
sub-005	5	flexibility	prob_same	Long	1	1174
sub-005	5	flexibility	prob_same	Short	1	858
sub-005	5	flexibility	prob_same	Short	1	930
sub-005	5	flexibility	prob_same	Short	1	1148
sub-005	5	flexibility	prob_same	Short	1	1027
sub-005	5	flexibility	prob_same	Short	1	1060
sub-005	5	flexibility	prob_same	Short	1	997
sub-005	5	flexibility	prob_same	Short	1	805
sub-005	5	flexibility	prob_same	Short	1	1046
sub-005	5	flexibility	prob_same	Short	1	814
sub-005	5	flexibility	prob_same	Short	1	934
sub-005	5	stability	prob_diff	Long	1	1675
sub-005	5	stability	prob_diff	Long	1	659
sub-005	5	stability	prob_diff	Long	1	574
sub-005	5	stability	prob_diff	Long	1	623
sub-005	5	stability	prob_diff	Long	1	865
sub-005	5	stability	prob_diff	Long	1	681
sub-005	5	stability	prob_diff	Long	1	722
sub-005	5	stability	prob_diff	Long	1	818
sub-005	5	stability	prob_diff	Long	1	683
sub-005	5	stability	prob_diff	Long	1	659
sub-005	5	stability	prob_diff	Long	1	1100
sub-005	5	stability	prob_diff	Long	1	1060
sub-005	5	stability	prob_diff	Long	1	807
sub-005	5	stability	prob_diff	Long	1	832
sub-005	5	stability	prob_diff	Long	1	992
sub-005	5	stability	prob_diff	Long	1	737
sub-005	5	stability	prob_diff	Long	1	826
sub-005	5	stability	prob_diff	Long	1	659
sub-005	5	stability	prob_diff	Long	1	795
sub-005	5	stability	prob_diff	Long	1	644
sub-005	5	stability	prob_diff	Short	1	1591
sub-005	5	stability	prob_diff	Short	1	1080
sub-005	5	stability	prob_diff	Short	1	992
sub-005	5	stability	prob_diff	Short	1	793
sub-005	5	stability	prob_diff	Short	1	1296
sub-005	5	stability	prob_diff	Short	1	561
sub-005	5	stability	prob_diff	Short	1	729
sub-005	5	stability	prob_diff	Short	1	738
sub-005	5	stability	prob_diff	Short	1	1114
sub-005	5	stability	prob_diff	Short	1	674
sub-005	5	stability	prob_diff	Short	1	683
sub-005	5	stability	prob_diff	Short	1	651
sub-005	5	stability	prob_diff	Short	1	531
sub-005	5	stability	prob_diff	Short	1	612
sub-005	5	stability	prob_diff	Short	0	876
sub-005	5	stability	prob_diff	Short	1	1101
sub-005	5	stability	prob_diff	Short	1	677
sub-005	5	stability	prob_diff	Short	1	807
sub-005	5	stability	prob_diff	Short	1	687
sub-005	5	stability	prob_diff	Short	0	712
sub-005	5	stability	prob_same	Long	1	1396
sub-005	5	stability	prob_same	Long	1	1045
sub-005	5	stability	prob_same	Long	1	878
sub-005	5	stability	prob_same	Long	1	942
sub-005	5	stability	prob_same	Long	1	783
sub-005	5	stability	prob_same	Long	1	592
sub-005	5	stability	prob_same	Long	1	778
sub-005	5	stability	prob_same	Long	1	778
sub-005	5	stability	prob_same	Long	1	843
sub-005	5	stability	prob_same	Long	1	798
sub-005	5	stability	prob_same	Short	1	826
sub-005	5	stability	prob_same	Short	1	859
sub-005	5	stability	prob_same	Short	1	1170
sub-005	5	stability	prob_same	Short	1	811
sub-005	5	stability	prob_same	Short	1	1460
sub-005	5	stability	prob_same	Short	1	1244
sub-005	5	stability	prob_same	Short	1	773
sub-005	5	stability	prob_same	Short	1	645
sub-005	5	stability	prob_same	Short	1	871
sub-005	5	stability	prob_same	Short	1	823
sub-006	6	flexibility	prob_diff	Long	1	1733
sub-006	6	flexibility	prob_diff	Long	1	1333
sub-006	6	flexibility	prob_diff	Long	1	1301
sub-006	6	flexibility	prob_diff	Long	1	1133
sub-006	6	flexibility	prob_diff	Long	1	1550
sub-006	6	flexibility	prob_diff	Long	1	1111
sub-006	6	flexibility	prob_diff	Long	0	0
sub-006	6	flexibility	prob_diff	Long	1	865
sub-006	6	flexibility	prob_diff	Long	1	1065
sub-006	6	flexibility	prob_diff	Long	1	1089
sub-006	6	flexibility	prob_diff	Long	1	1041
sub-006	6	flexibility	prob_diff	Long	0	291
sub-006	6	flexibility	prob_diff	Long	1	995
sub-006	6	flexibility	prob_diff	Long	1	1196
sub-006	6	flexibility	prob_diff	Long	1	1684
sub-006	6	flexibility	prob_diff	Long	1	1085
sub-006	6	flexibility	prob_diff	Long	0	0
sub-006	6	flexibility	prob_diff	Long	0	0
sub-006	6	flexibility	prob_diff	Long	1	1320
sub-006	6	flexibility	prob_diff	Long	1	1090
sub-006	6	flexibility	prob_diff	Short	1	1560
sub-006	6	flexibility	prob_diff	Short	1	1295
sub-006	6	flexibility	prob_diff	Short	1	1136
sub-006	6	flexibility	prob_diff	Short	0	1146
sub-006	6	flexibility	prob_diff	Short	1	1051
sub-006	6	flexibility	prob_diff	Short	1	1187
sub-006	6	flexibility	prob_diff	Short	1	876
sub-006	6	flexibility	prob_diff	Short	0	1347
sub-006	6	flexibility	prob_diff	Short	1	1028
sub-006	6	flexibility	prob_diff	Short	1	1340
sub-006	6	flexibility	prob_diff	Short	1	884
sub-006	6	flexibility	prob_diff	Short	1	1077
sub-006	6	flexibility	prob_diff	Short	1	1245
sub-006	6	flexibility	prob_diff	Short	1	957
sub-006	6	flexibility	prob_diff	Short	1	1062
sub-006	6	flexibility	prob_diff	Short	1	1006
sub-006	6	flexibility	prob_diff	Short	0	1006
sub-006	6	flexibility	prob_diff	Short	1	1111
sub-006	6	flexibility	prob_diff	Short	1	871
sub-006	6	flexibility	prob_diff	Short	1	1703
sub-006	6	flexibility	prob_same	Long	1	1268
sub-006	6	flexibility	prob_same	Long	1	940
sub-006	6	flexibility	prob_same	Long	1	1150
sub-006	6	flexibility	prob_same	Long	1	1583
sub-006	6	flexibility	prob_same	Long	1	1112
sub-006	6	flexibility	prob_same	Long	1	1833
sub-006	6	flexibility	prob_same	Long	0	1378
sub-006	6	flexibility	prob_same	Long	1	1275
sub-006	6	flexibility	prob_same	Long	1	1012
sub-006	6	flexibility	prob_same	Long	1	1301
sub-006	6	flexibility	prob_same	Short	1	1217
sub-006	6	flexibility	prob_same	Short	1	1298
sub-006	6	flexibility	prob_same	Short	0	0
sub-006	6	flexibility	prob_same	Short	1	1250
sub-006	6	flexibility	prob_same	Short	1	1242
sub-006	6	flexibility	prob_same	Short	1	915
sub-006	6	flexibility	prob_same	Short	1	1099
sub-006	6	flexibility	prob_same	Short	0	24
sub-006	6	flexibility	prob_same	Short	1	932
sub-006	6	flexibility	prob_same	Short	1	973
sub-006	6	stability	prob_diff	Long	0	1088
sub-006	6	stability	prob_diff	Long	0	1435
sub-006	6	stability	prob_diff	Long	0	0
sub-006	6	stability	prob_diff	Long	1	902
sub-006	6	stability	prob_diff	Long	1	1128
sub-006	6	stability	prob_diff	Long	1	959
sub-006	6	stability	prob_diff	Long	1	1048
sub-006	6	stability	prob_diff	Long	1	153
sub-006	6	stability	prob_diff	Long	0	497
sub-006	6	stability	prob_diff	Long	1	675
sub-006	6	stability	prob_diff	Long	1	1075
sub-006	6	stability	prob_diff	Long	1	1155
sub-006	6	stability	prob_diff	Long	1	757
sub-006	6	stability	prob_diff	Long	1	662
sub-006	6	stability	prob_diff	Long	1	1230
sub-006	6	stability	prob_diff	Long	0	783
sub-006	6	stability	prob_diff	Long	1	1151
sub-006	6	stability	prob_diff	Long	0	792
sub-006	6	stability	prob_diff	Long	1	633
sub-006	6	stability	prob_diff	Long	1	161
sub-006	6	stability	prob_diff	Short	1	989
sub-006	6	stability	prob_diff	Short	1	998
sub-006	6	stability	prob_diff	Short	1	1278
sub-006	6	stability	prob_diff	Short	1	943
sub-006	6	stability	prob_diff	Short	1	775
sub-006	6	stability	prob_diff	Short	0	952
sub-006	6	stability	prob_diff	Short	0	0
sub-006	6	stability	prob_diff	Short	1	921
sub-006	6	stability	prob_diff	Short	1	1209
sub-006	6	stability	prob_diff	Short	1	729
sub-006	6	stability	prob_diff	Short	1	833
sub-006	6	stability	prob_diff	Short	1	1201
sub-006	6	stability	prob_diff	Short	1	1146
sub-006	6	stability	prob_diff	Short	1	666
sub-006	6	stability	prob_diff	Short	1	834
sub-006	6	stability	prob_diff	Short	1	891
sub-006	6	stability	prob_diff	Short	1	883
sub-006	6	stability	prob_diff	Short	1	1565
sub-006	6	stability	prob_diff	Short	1	759
sub-006	6	stability	prob_diff	Short	1	1368
sub-006	6	stability	prob_same	Long	1	1235
sub-006	6	stability	prob_same	Long	1	947
sub-006	6	stability	prob_same	Long	1	1165
sub-006	6	stability	prob_same	Long	1	1134
sub-006	6	stability	prob_same	Long	1	1390
sub-006	6	stability	prob_same	Long	0	895
sub-006	6	stability	prob_same	Long	1	888
sub-006	6	stability	prob_same	Long	1	985
sub-006	6	stability	prob_same	Long	1	978
sub-006	6	stability	prob_same	Long	1	1580
sub-006	6	stability	prob_same	Short	0	1073
sub-006	6	stability	prob_same	Short	1	1433
sub-006	6	stability	prob_same	Short	0	0
sub-006	6	stability	prob_same	Short	0	0
sub-006	6	stability	prob_same	Short	0	644
sub-006	6	stability	prob_same	Short	1	780
sub-006	6	stability	prob_same	Short	0	1757
sub-006	6	stability	prob_same	Short	0	1716
sub-006	6	stability	prob_same	Short	0	158
sub-006	6	stability	prob_same	Short	0	845
sub-007	7	flexibility	prob_diff	Long	1	1658
sub-007	7	flexibility	prob_diff	Long	1	1034
sub-007	7	flexibility	prob_diff	Long	1	858
sub-007	7	flexibility	prob_diff	Long	1	1067
sub-007	7	flexibility	prob_diff	Long	1	1108
sub-007	7	flexibility	prob_diff	Long	1	1021
sub-007	7	flexibility	prob_diff	Long	1	941
sub-007	7	flexibility	prob_diff	Long	1	1141
sub-007	7	flexibility	prob_diff	Long	1	902
sub-007	7	flexibility	prob_diff	Long	1	1351
sub-007	7	flexibility	prob_diff	Long	1	887
sub-007	7	flexibility	prob_diff	Long	1	919
sub-007	7	flexibility	prob_diff	Long	1	1025
sub-007	7	flexibility	prob_diff	Long	1	993
sub-007	7	flexibility	prob_diff	Long	1	1122
sub-007	7	flexibility	prob_diff	Long	1	914
sub-007	7	flexibility	prob_diff	Long	1	1301
sub-007	7	flexibility	prob_diff	Long	1	1241
sub-007	7	flexibility	prob_diff	Long	1	1249
sub-007	7	flexibility	prob_diff	Long	1	1105
sub-007	7	flexibility	prob_diff	Short	1	1227
sub-007	7	flexibility	prob_diff	Short	1	1484
sub-007	7	flexibility	prob_diff	Short	1	1063
sub-007	7	flexibility	prob_diff	Short	1	879
sub-007	7	flexibility	prob_diff	Short	1	1361
sub-007	7	flexibility	prob_diff	Short	1	1225
sub-007	7	flexibility	prob_diff	Short	1	985
sub-007	7	flexibility	prob_diff	Short	0	1178
sub-007	7	flexibility	prob_diff	Short	1	1066
sub-007	7	flexibility	prob_diff	Short	1	1186
sub-007	7	flexibility	prob_diff	Short	1	1267
sub-007	7	flexibility	prob_diff	Short	1	1147
sub-007	7	flexibility	prob_diff	Short	1	1099
sub-007	7	flexibility	prob_diff	Short	1	1076
sub-007	7	flexibility	prob_diff	Short	1	964
sub-007	7	flexibility	prob_diff	Short	1	804
sub-007	7	flexibility	prob_diff	Short	1	997
sub-007	7	flexibility	prob_diff	Short	1	773
sub-007	7	flexibility	prob_diff	Short	1	893
sub-007	7	flexibility	prob_diff	Short	1	845
sub-007	7	flexibility	prob_same	Long	1	1561
sub-007	7	flexibility	prob_same	Long	1	1298
sub-007	7	flexibility	prob_same	Long	1	1075
sub-007	7	flexibility	prob_same	Long	1	1043
sub-007	7	flexibility	prob_same	Long	1	1020
sub-007	7	flexibility	prob_same	Long	1	1119
sub-007	7	flexibility	prob_same	Long	1	1039
sub-007	7	flexibility	prob_same	Long	1	857
sub-007	7	flexibility	prob_same	Long	1	905
sub-007	7	flexibility	prob_same	Long	1	1137
sub-007	7	flexibility	prob_same	Short	1	1062
sub-007	7	flexibility	prob_same	Short	1	894
sub-007	7	flexibility	prob_same	Short	1	824
sub-007	7	flexibility	prob_same	Short	1	1008
sub-007	7	flexibility	prob_same	Short	1	1152
sub-007	7	flexibility	prob_same	Short	1	1049
sub-007	7	flexibility	prob_same	Short	1	1241
sub-007	7	flexibility	prob_same	Short	1	866
sub-007	7	flexibility	prob_same	Short	1	1651
sub-007	7	flexibility	prob_same	Short	1	1347
sub-007	7	stability	prob_diff	Long	1	860
sub-007	7	stability	prob_diff	Long	1	1624
sub-007	7	stability	prob_diff	Long	1	1451
sub-007	7	stability	prob_diff	Long	1	1466
sub-007	7	stability	prob_diff	Long	1	788
sub-007	7	stability	prob_diff	Long	1	733
sub-007	7	stability	prob_diff	Long	1	1406
sub-007	7	stability	prob_diff	Long	1	807
sub-007	7	stability	prob_diff	Long	1	1303
sub-007	7	stability	prob_diff	Long	1	921
sub-007	7	stability	prob_diff	Long	1	995
sub-007	7	stability	prob_diff	Long	1	747
sub-007	7	stability	prob_diff	Long	1	1060
sub-007	7	stability	prob_diff	Long	1	1197
sub-007	7	stability	prob_diff	Long	1	782
sub-007	7	stability	prob_diff	Long	1	1574
sub-007	7	stability	prob_diff	Long	1	1110
sub-007	7	stability	prob_diff	Long	1	1031
sub-007	7	stability	prob_diff	Long	1	750
sub-007	7	stability	prob_diff	Long	1	775
sub-007	7	stability	prob_diff	Short	1	1443
sub-007	7	stability	prob_diff	Short	1	1236
sub-007	7	stability	prob_diff	Short	1	811
sub-007	7	stability	prob_diff	Short	1	844
sub-007	7	stability	prob_diff	Short	1	821
sub-007	7	stability	prob_diff	Short	1	957
sub-007	7	stability	prob_diff	Short	1	877
sub-007	7	stability	prob_diff	Short	1	710
sub-007	7	stability	prob_diff	Short	1	917
sub-007	7	stability	prob_diff	Short	1	926
sub-007	7	stability	prob_diff	Short	1	839
sub-007	7	stability	prob_diff	Short	1	766
sub-007	7	stability	prob_diff	Short	1	1015
sub-007	7	stability	prob_diff	Short	1	951
sub-007	7	stability	prob_diff	Short	1	1119
sub-007	7	stability	prob_diff	Short	0	0
sub-007	7	stability	prob_diff	Short	1	1528
sub-007	7	stability	prob_diff	Short	1	785
sub-007	7	stability	prob_diff	Short	1	650
sub-007	7	stability	prob_diff	Short	1	1451
sub-007	7	stability	prob_same	Long	1	1423
sub-007	7	stability	prob_same	Long	1	954
sub-007	7	stability	prob_same	Long	1	1931
sub-007	7	stability	prob_same	Long	1	1188
sub-007	7	stability	prob_same	Long	1	973
sub-007	7	stability	prob_same	Long	1	1174
sub-007	7	stability	prob_same	Long	1	1134
sub-007	7	stability	prob_same	Long	1	655
sub-007	7	stability	prob_same	Long	0	0
sub-007	7	stability	prob_same	Long	1	1465
sub-007	7	stability	prob_same	Short	0	1303
sub-007	7	stability	prob_same	Short	1	918
sub-007	7	stability	prob_same	Short	1	927
sub-007	7	stability	prob_same	Short	1	967
sub-007	7	stability	prob_same	Short	1	920
sub-007	7	stability	prob_same	Short	1	1376
sub-007	7	stability	prob_same	Short	1	1169
sub-007	7	stability	prob_same	Short	1	842
sub-007	7	stability	prob_same	Short	1	786
sub-007	7	stability	prob_same	Short	0	0
sub-008	8	flexibility	prob_diff	Long	1	1679
sub-008	8	flexibility	prob_diff	Long	1	1215
sub-008	8	flexibility	prob_diff	Long	1	1112
sub-008	8	flexibility	prob_diff	Long	1	1417
sub-008	8	flexibility	prob_diff	Long	1	1226
sub-008	8	flexibility	prob_diff	Long	1	1259
sub-008	8	flexibility	prob_diff	Long	1	1075
sub-008	8	flexibility	prob_diff	Long	1	1099
sub-008	8	flexibility	prob_diff	Long	1	1251
sub-008	8	flexibility	prob_diff	Long	1	1125
sub-008	8	flexibility	prob_diff	Long	0	0
sub-008	8	flexibility	prob_diff	Long	1	1190
sub-008	8	flexibility	prob_diff	Long	0	1727
sub-008	8	flexibility	prob_diff	Long	1	920
sub-008	8	flexibility	prob_diff	Long	1	1504
sub-008	8	flexibility	prob_diff	Long	1	1096
sub-008	8	flexibility	prob_diff	Long	1	1352
sub-008	8	flexibility	prob_diff	Long	1	1138
sub-008	8	flexibility	prob_diff	Long	1	1059
sub-008	8	flexibility	prob_diff	Long	1	1164
sub-008	8	flexibility	prob_diff	Short	1	1201
sub-008	8	flexibility	prob_diff	Short	0	1418
sub-008	8	flexibility	prob_diff	Short	1	1682
sub-008	8	flexibility	prob_diff	Short	1	1506
sub-008	8	flexibility	prob_diff	Short	1	1285
sub-008	8	flexibility	prob_diff	Short	1	1117
sub-008	8	flexibility	prob_diff	Short	1	1005
sub-008	8	flexibility	prob_diff	Short	1	1174
sub-008	8	flexibility	prob_diff	Short	1	1598
sub-008	8	flexibility	prob_diff	Short	1	1286
sub-008	8	flexibility	prob_diff	Short	1	1151
sub-008	8	flexibility	prob_diff	Short	0	0
sub-008	8	flexibility	prob_diff	Short	1	1352
sub-008	8	flexibility	prob_diff	Short	1	992
sub-008	8	flexibility	prob_diff	Short	1	1752
sub-008	8	flexibility	prob_diff	Short	1	1177
sub-008	8	flexibility	prob_diff	Short	1	1169
sub-008	8	flexibility	prob_diff	Short	1	1346
sub-008	8	flexibility	prob_diff	Short	1	1298
sub-008	8	flexibility	prob_diff	Short	1	1458
sub-008	8	flexibility	prob_same	Long	0	1613
sub-008	8	flexibility	prob_same	Long	1	1285
sub-008	8	flexibility	prob_same	Long	1	1439
sub-008	8	flexibility	prob_same	Long	1	1199
sub-008	8	flexibility	prob_same	Long	1	1041
sub-008	8	flexibility	prob_same	Long	1	1386
sub-008	8	flexibility	prob_same	Long	1	1499
sub-008	8	flexibility	prob_same	Long	1	1301
sub-008	8	flexibility	prob_same	Long	1	1278
sub-008	8	flexibility	prob_same	Long	1	1199
sub-008	8	flexibility	prob_same	Short	1	1619
sub-008	8	flexibility	prob_same	Short	1	1420
sub-008	8	flexibility	prob_same	Short	1	1733
sub-008	8	flexibility	prob_same	Short	1	1412
sub-008	8	flexibility	prob_same	Short	1	1117
sub-008	8	flexibility	prob_same	Short	1	1254
sub-008	8	flexibility	prob_same	Short	1	1318
sub-008	8	flexibility	prob_same	Short	1	1391
sub-008	8	flexibility	prob_same	Short	1	1111
sub-008	8	flexibility	prob_same	Short	1	952
sub-008	8	stability	prob_diff	Long	1	1079
sub-008	8	stability	prob_diff	Long	1	1105
sub-008	8	stability	prob_diff	Long	1	1021
sub-008	8	stability	prob_diff	Long	1	718
sub-008	8	stability	prob_diff	Long	1	1025
sub-008	8	stability	prob_diff	Long	1	826
sub-008	8	stability	prob_diff	Long	1	538
sub-008	8	stability	prob_diff	Long	1	763
sub-008	8	stability	prob_diff	Long	1	667
sub-008	8	stability	prob_diff	Long	1	628
sub-008	8	stability	prob_diff	Long	1	477
sub-008	8	stability	prob_diff	Long	1	1013
sub-008	8	stability	prob_diff	Long	1	670
sub-008	8	stability	prob_diff	Long	1	727
sub-008	8	stability	prob_diff	Long	1	1224
sub-008	8	stability	prob_diff	Long	1	609
sub-008	8	stability	prob_diff	Long	1	513
sub-008	8	stability	prob_diff	Long	1	505
sub-008	8	stability	prob_diff	Long	1	971
sub-008	8	stability	prob_diff	Long	1	628
sub-008	8	stability	prob_diff	Short	1	768
sub-008	8	stability	prob_diff	Short	1	560
sub-008	8	stability	prob_diff	Short	1	1096
sub-008	8	stability	prob_diff	Short	1	1329
sub-008	8	stability	prob_diff	Short	1	1097
sub-008	8	stability	prob_diff	Short	1	665
sub-008	8	stability	prob_diff	Short	1	858
sub-008	8	stability	prob_diff	Short	1	619
sub-008	8	stability	prob_diff	Short	1	755
sub-008	8	stability	prob_diff	Short	1	628
sub-008	8	stability	prob_diff	Short	1	563
sub-008	8	stability	prob_diff	Short	1	1028
sub-008	8	stability	prob_diff	Short	1	860
sub-008	8	stability	prob_diff	Short	1	717
sub-008	8	stability	prob_diff	Short	1	1101
sub-008	8	stability	prob_diff	Short	1	1317
sub-008	8	stability	prob_diff	Short	1	918
sub-008	8	stability	prob_diff	Short	1	1640
sub-008	8	stability	prob_diff	Short	1	1753
sub-008	8	stability	prob_diff	Short	1	1346
sub-008	8	stability	prob_same	Long	1	1070
sub-008	8	stability	prob_same	Long	1	1217
sub-008	8	stability	prob_same	Long	1	857
sub-008	8	stability	prob_same	Long	1	1082
sub-008	8	stability	prob_same	Long	1	1258
sub-008	8	stability	prob_same	Long	1	1155
sub-008	8	stability	prob_same	Long	1	821
sub-008	8	stability	prob_same	Long	1	1069
sub-008	8	stability	prob_same	Long	1	1478
sub-008	8	stability	prob_same	Long	1	832
sub-008	8	stability	prob_same	Short	1	1108
sub-008	8	stability	prob_same	Short	1	924
sub-008	8	stability	prob_same	Short	1	755
sub-008	8	stability	prob_same	Short	1	1093
sub-008	8	stability	prob_same	Short	1	630
sub-008	8	stability	prob_same	Short	1	830
sub-008	8	stability	prob_same	Short	1	871
sub-008	8	stability	prob_same	Short	1	800
sub-008	8	stability	prob_same	Short	1	552
sub-008	8	stability	prob_same	Short	1	577
sub-009	9	flexibility	prob_diff	Long	1	1689
sub-009	9	flexibility	prob_diff	Long	1	1129
sub-009	9	flexibility	prob_diff	Long	1	1162
sub-009	9	flexibility	prob_diff	Long	1	1027
sub-009	9	flexibility	prob_diff	Long	1	1283
sub-009	9	flexibility	prob_diff	Long	1	964
sub-009	9	flexibility	prob_diff	Long	1	1133
sub-009	9	flexibility	prob_diff	Long	1	909
sub-009	9	flexibility	prob_diff	Long	1	1574
sub-009	9	flexibility	prob_diff	Long	1	1047
sub-009	9	flexibility	prob_diff	Long	1	1217
sub-009	9	flexibility	prob_diff	Long	1	1969
sub-009	9	flexibility	prob_diff	Long	1	1081
sub-009	9	flexibility	prob_diff	Long	1	961
sub-009	9	flexibility	prob_diff	Long	1	937
sub-009	9	flexibility	prob_diff	Long	1	882
sub-009	9	flexibility	prob_diff	Long	1	1033
sub-009	9	flexibility	prob_diff	Long	1	1402
sub-009	9	flexibility	prob_diff	Long	1	1498
sub-009	9	flexibility	prob_diff	Long	1	1237
sub-009	9	flexibility	prob_diff	Short	1	1340
sub-009	9	flexibility	prob_diff	Short	0	0
sub-009	9	flexibility	prob_diff	Short	1	1063
sub-009	9	flexibility	prob_diff	Short	1	1095
sub-009	9	flexibility	prob_diff	Short	1	1294
sub-009	9	flexibility	prob_diff	Short	1	1102
sub-009	9	flexibility	prob_diff	Short	1	1103
sub-009	9	flexibility	prob_diff	Short	1	928
sub-009	9	flexibility	prob_diff	Short	0	1120
sub-009	9	flexibility	prob_diff	Short	1	1032
sub-009	9	flexibility	prob_diff	Short	1	968
sub-009	9	flexibility	prob_diff	Short	0	1952
sub-009	9	flexibility	prob_diff	Short	1	936
sub-009	9	flexibility	prob_diff	Short	1	1025
sub-009	9	flexibility	prob_diff	Short	1	961
sub-009	9	flexibility	prob_diff	Short	1	1090
sub-009	9	flexibility	prob_diff	Short	1	938
sub-009	9	flexibility	prob_diff	Short	1	1241
sub-009	9	flexibility	prob_diff	Short	1	1938
sub-009	9	flexibility	prob_diff	Short	1	1114
sub-009	9	flexibility	prob_same	Long	1	1593
sub-009	9	flexibility	prob_same	Long	1	1361
sub-009	9	flexibility	prob_same	Long	1	1082
sub-009	9	flexibility	prob_same	Long	1	1667
sub-009	9	flexibility	prob_same	Long	1	996
sub-009	9	flexibility	prob_same	Long	1	998
sub-009	9	flexibility	prob_same	Long	1	951
sub-009	9	flexibility	prob_same	Long	1	872
sub-009	9	flexibility	prob_same	Long	1	792
sub-009	9	flexibility	prob_same	Long	1	1745
sub-009	9	flexibility	prob_same	Short	1	1253
sub-009	9	flexibility	prob_same	Short	1	1348
sub-009	9	flexibility	prob_same	Short	1	981
sub-009	9	flexibility	prob_same	Short	1	1246
sub-009	9	flexibility	prob_same	Short	1	1215
sub-009	9	flexibility	prob_same	Short	1	1543
sub-009	9	flexibility	prob_same	Short	1	1152
sub-009	9	flexibility	prob_same	Short	1	1095
sub-009	9	flexibility	prob_same	Short	1	1192
sub-009	9	flexibility	prob_same	Short	1	1185
sub-009	9	stability	prob_diff	Long	1	1293
sub-009	9	stability	prob_diff	Long	1	918
sub-009	9	stability	prob_diff	Long	1	1335
sub-009	9	stability	prob_diff	Long	1	1080
sub-009	9	stability	prob_diff	Long	1	1028
sub-009	9	stability	prob_diff	Long	1	1596
sub-009	9	stability	prob_diff	Long	1	1381
sub-009	9	stability	prob_diff	Long	1	933
sub-009	9	stability	prob_diff	Long	1	1045
sub-009	9	stability	prob_diff	Long	1	1093
sub-009	9	stability	prob_diff	Long	1	934
sub-009	9	stability	prob_diff	Long	1	998
sub-009	9	stability	prob_diff	Long	1	872
sub-009	9	stability	prob_diff	Long	1	776
sub-009	9	stability	prob_diff	Long	1	1130
sub-009	9	stability	prob_diff	Long	1	891
sub-009	9	stability	prob_diff	Long	1	916
sub-009	9	stability	prob_diff	Long	1	668
sub-009	9	stability	prob_diff	Long	1	1069
sub-009	9	stability	prob_diff	Long	1	782
sub-009	9	stability	prob_diff	Short	1	1187
sub-009	9	stability	prob_diff	Short	1	908
sub-009	9	stability	prob_diff	Short	1	796
sub-009	9	stability	prob_diff	Short	1	1188
sub-009	9	stability	prob_diff	Short	1	1173
sub-009	9	stability	prob_diff	Short	1	957
sub-009	9	stability	prob_diff	Short	1	1100
sub-009	9	stability	prob_diff	Short	1	821
sub-009	9	stability	prob_diff	Short	1	861
sub-009	9	stability	prob_diff	Short	1	1582
sub-009	9	stability	prob_diff	Short	0	822
sub-009	9	stability	prob_diff	Short	1	966
sub-009	9	stability	prob_diff	Short	1	1087
sub-009	9	stability	prob_diff	Short	1	1135
sub-009	9	stability	prob_diff	Short	1	679
sub-009	9	stability	prob_diff	Short	1	1296
sub-009	9	stability	prob_diff	Short	1	1315
sub-009	9	stability	prob_diff	Short	1	811
sub-009	9	stability	prob_diff	Short	1	915
sub-009	9	stability	prob_diff	Short	1	763
sub-009	9	stability	prob_same	Long	1	1497
sub-009	9	stability	prob_same	Long	1	1306
sub-009	9	stability	prob_same	Long	1	1156
sub-009	9	stability	prob_same	Long	0	1084
sub-009	9	stability	prob_same	Long	1	997
sub-009	9	stability	prob_same	Long	1	1421
sub-009	9	stability	prob_same	Long	1	1262
sub-009	9	stability	prob_same	Long	1	1231
sub-009	9	stability	prob_same	Long	1	1065
sub-009	9	stability	prob_same	Long	1	1081
sub-009	9	stability	prob_same	Short	1	964
sub-009	9	stability	prob_same	Short	1	685
sub-009	9	stability	prob_same	Short	1	893
sub-009	9	stability	prob_same	Short	1	821
sub-009	9	stability	prob_same	Short	1	1158
sub-009	9	stability	prob_same	Short	1	670
sub-009	9	stability	prob_same	Short	1	894
sub-009	9	stability	prob_same	Short	1	687
sub-009	9	stability	prob_same	Short	1	776
sub-009	9	stability	prob_same	Short	1	736
sub-010	10	flexibility	prob_diff	Long	0	1956
sub-010	10	flexibility	prob_diff	Long	1	995
sub-010	10	flexibility	prob_diff	Long	1	1708
sub-010	10	flexibility	prob_diff	Long	1	1045
sub-010	10	flexibility	prob_diff	Long	1	1134
sub-010	10	flexibility	prob_diff	Long	1	982
sub-010	10	flexibility	prob_diff	Long	1	1023
sub-010	10	flexibility	prob_diff	Long	0	1783
sub-010	10	flexibility	prob_diff	Long	1	944
sub-010	10	flexibility	prob_diff	Long	1	1233
sub-010	10	flexibility	prob_diff	Long	1	1577
sub-010	10	flexibility	prob_diff	Long	1	1034
sub-010	10	flexibility	prob_diff	Long	1	1083
sub-010	10	flexibility	prob_diff	Long	1	1212
sub-010	10	flexibility	prob_diff	Long	0	1533
sub-010	10	flexibility	prob_diff	Long	1	1413
sub-010	10	flexibility	prob_diff	Long	1	1521
sub-010	10	flexibility	prob_diff	Long	1	1187
sub-010	10	flexibility	prob_diff	Long	1	1062
sub-010	10	flexibility	prob_diff	Long	1	1176
sub-010	10	flexibility	prob_diff	Short	1	1184
sub-010	10	flexibility	prob_diff	Short	1	993
sub-010	10	flexibility	prob_diff	Short	1	1033
sub-010	10	flexibility	prob_diff	Short	1	922
sub-010	10	flexibility	prob_diff	Short	1	1504
sub-010	10	flexibility	prob_diff	Short	1	897
sub-010	10	flexibility	prob_diff	Short	1	1514
sub-010	10	flexibility	prob_diff	Short	1	826
sub-010	10	flexibility	prob_diff	Short	1	1210
sub-010	10	flexibility	prob_diff	Short	1	1027
sub-010	10	flexibility	prob_diff	Short	1	1179
sub-010	10	flexibility	prob_diff	Short	1	947
sub-010	10	flexibility	prob_diff	Short	1	1075
sub-010	10	flexibility	prob_diff	Short	1	923
sub-010	10	flexibility	prob_diff	Short	1	1124
sub-010	10	flexibility	prob_diff	Short	1	1052
sub-010	10	flexibility	prob_diff	Short	1	859
sub-010	10	flexibility	prob_diff	Short	1	901
sub-010	10	flexibility	prob_diff	Short	0	1541
sub-010	10	flexibility	prob_diff	Short	1	909
sub-010	10	flexibility	prob_same	Long	1	1810
sub-010	10	flexibility	prob_same	Long	1	1427
sub-010	10	flexibility	prob_same	Long	1	1253
sub-010	10	flexibility	prob_same	Long	1	1102
sub-010	10	flexibility	prob_same	Long	1	1278
sub-010	10	flexibility	prob_same	Long	1	1121
sub-010	10	flexibility	prob_same	Long	1	1209
sub-010	10	flexibility	prob_same	Long	1	1194
sub-010	10	flexibility	prob_same	Long	1	1123
sub-010	10	flexibility	prob_same	Long	1	1356
sub-010	10	flexibility	prob_same	Short	1	1190
sub-010	10	flexibility	prob_same	Short	1	1702
sub-010	10	flexibility	prob_same	Short	1	1103
sub-010	10	flexibility	prob_same	Short	1	1023
sub-010	10	flexibility	prob_same	Short	0	1608
sub-010	10	flexibility	prob_same	Short	1	1864
sub-010	10	flexibility	prob_same	Short	1	1024
sub-010	10	flexibility	prob_same	Short	0	0
sub-010	10	flexibility	prob_same	Short	1	929
sub-010	10	flexibility	prob_same	Short	0	1673
sub-010	10	stability	prob_diff	Long	1	1286
sub-010	10	stability	prob_diff	Long	1	1064
sub-010	10	stability	prob_diff	Long	1	1076
sub-010	10	stability	prob_diff	Long	1	1235
sub-010	10	stability	prob_diff	Long	0	1510
sub-010	10	stability	prob_diff	Long	1	839
sub-010	10	stability	prob_diff	Long	1	839
sub-010	10	stability	prob_diff	Long	1	1087
sub-010	10	stability	prob_diff	Long	1	791
sub-010	10	stability	prob_diff	Long	1	848
sub-010	10	stability	prob_diff	Long	1	1368
sub-010	10	stability	prob_diff	Long	0	1065
sub-010	10	stability	prob_diff	Long	1	890
sub-010	10	stability	prob_diff	Long	1	699
sub-010	10	stability	prob_diff	Long	1	732
sub-010	10	stability	prob_diff	Long	1	989
sub-010	10	stability	prob_diff	Long	1	645
sub-010	10	stability	prob_diff	Long	1	990
sub-010	10	stability	prob_diff	Long	1	727
sub-010	10	stability	prob_diff	Long	1	879
sub-010	10	stability	prob_diff	Short	1	1174
sub-010	10	stability	prob_diff	Short	1	982
sub-010	10	stability	prob_diff	Short	1	806
sub-010	10	stability	prob_diff	Short	1	990
sub-010	10	stability	prob_diff	Short	1	854
sub-010	10	stability	prob_diff	Short	1	766
sub-010	10	stability	prob_diff	Short	1	807
sub-010	10	stability	prob_diff	Short	1	758
sub-010	10	stability	prob_diff	Short	1	751
sub-010	10	stability	prob_diff	Short	1	903
sub-010	10	stability	prob_diff	Short	1	1000
sub-010	10	stability	prob_diff	Short	1	744
sub-010	10	stability	prob_diff	Short	1	760
sub-010	10	stability	prob_diff	Short	1	1329
sub-010	10	stability	prob_diff	Short	1	825
sub-010	10	stability	prob_diff	Short	1	1090
sub-010	10	stability	prob_diff	Short	1	1193
sub-010	10	stability	prob_diff	Short	0	0
sub-010	10	stability	prob_diff	Short	1	1148
sub-010	10	stability	prob_diff	Short	1	1205
sub-010	10	stability	prob_same	Long	1	1715
sub-010	10	stability	prob_same	Long	1	1452
sub-010	10	stability	prob_same	Long	1	1901
sub-010	10	stability	prob_same	Long	1	902
sub-010	10	stability	prob_same	Long	1	1086
sub-010	10	stability	prob_same	Long	1	1255
sub-010	10	stability	prob_same	Long	1	1112
sub-010	10	stability	prob_same	Long	0	1664
sub-010	10	stability	prob_same	Long	1	970
sub-010	10	stability	prob_same	Long	1	1092
sub-010	10	stability	prob_same	Short	1	1191
sub-010	10	stability	prob_same	Short	1	1256
sub-010	10	stability	prob_same	Short	1	920
sub-010	10	stability	prob_same	Short	1	1336
sub-010	10	stability	prob_same	Short	1	848
sub-010	10	stability	prob_same	Short	1	1185
sub-010	10	stability	prob_same	Short	1	713
sub-010	10	stability	prob_same	Short	1	1160
sub-010	10	stability	prob_same	Short	1	787
sub-010	10	stability	prob_same	Short	1	891
sub-011	11	flexibility	prob_diff	Long	1	1727
sub-011	11	flexibility	prob_diff	Long	1	1071
sub-011	11	flexibility	prob_diff	Long	1	984
sub-011	11	flexibility	prob_diff	Long	1	953
sub-011	11	flexibility	prob_diff	Long	1	1025
sub-011	11	flexibility	prob_diff	Long	1	913
sub-011	11	flexibility	prob_diff	Long	1	1170
sub-011	11	flexibility	prob_diff	Long	1	1098
sub-011	11	flexibility	prob_diff	Long	1	995
sub-011	11	flexibility	prob_diff	Long	1	1180
sub-011	11	flexibility	prob_diff	Long	1	1533
sub-011	11	flexibility	prob_diff	Long	1	942
sub-011	11	flexibility	prob_diff	Long	1	855
sub-011	11	flexibility	prob_diff	Long	1	951
sub-011	11	flexibility	prob_diff	Long	1	1575
sub-011	11	flexibility	prob_diff	Long	1	896
sub-011	11	flexibility	prob_diff	Long	1	970
sub-011	11	flexibility	prob_diff	Long	1	1067
sub-011	11	flexibility	prob_diff	Long	1	1013
sub-011	11	flexibility	prob_diff	Long	1	1081
sub-011	11	flexibility	prob_diff	Short	1	1050
sub-011	11	flexibility	prob_diff	Short	0	1474
sub-011	11	flexibility	prob_diff	Short	1	923
sub-011	11	flexibility	prob_diff	Short	1	1147
sub-011	11	flexibility	prob_diff	Short	1	1069
sub-011	11	flexibility	prob_diff	Short	1	821
sub-011	11	flexibility	prob_diff	Short	1	1005
sub-011	11	flexibility	prob_diff	Short	1	1062
sub-011	11	flexibility	prob_diff	Short	1	1142
sub-011	11	flexibility	prob_diff	Short	1	1007
sub-011	11	flexibility	prob_diff	Short	1	1126
sub-011	11	flexibility	prob_diff	Short	1	966
sub-011	11	flexibility	prob_diff	Short	1	871
sub-011	11	flexibility	prob_diff	Short	0	0
sub-011	11	flexibility	prob_diff	Short	1	1015
sub-011	11	flexibility	prob_diff	Short	1	752
sub-011	11	flexibility	prob_diff	Short	1	847
sub-011	11	flexibility	prob_diff	Short	1	840
sub-011	11	flexibility	prob_diff	Short	1	841
sub-011	11	flexibility	prob_diff	Short	1	888
sub-011	11	flexibility	prob_same	Long	1	1285
sub-011	11	flexibility	prob_same	Long	1	1072
sub-011	11	flexibility	prob_same	Long	1	1146
sub-011	11	flexibility	prob_same	Long	1	1027
sub-011	11	flexibility	prob_same	Long	1	1252
sub-011	11	flexibility	prob_same	Long	1	1156
sub-011	11	flexibility	prob_same	Long	1	990
sub-011	11	flexibility	prob_same	Long	1	989
sub-011	11	flexibility	prob_same	Long	1	1310
sub-011	11	flexibility	prob_same	Long	1	1079
sub-011	11	flexibility	prob_same	Short	1	954
sub-011	11	flexibility	prob_same	Short	1	979
sub-011	11	flexibility	prob_same	Short	0	1755
sub-011	11	flexibility	prob_same	Short	1	923
sub-011	11	flexibility	prob_same	Short	1	932
sub-011	11	flexibility	prob_same	Short	1	1028
sub-011	11	flexibility	prob_same	Short	1	1196
sub-011	11	flexibility	prob_same	Short	1	1069
sub-011	11	flexibility	prob_same	Short	1	950
sub-011	11	flexibility	prob_same	Short	1	1039
sub-011	11	stability	prob_diff	Long	1	1449
sub-011	11	stability	prob_diff	Long	1	1011
sub-011	11	stability	prob_diff	Long	1	861
sub-011	11	stability	prob_diff	Long	1	1030
sub-011	11	stability	prob_diff	Long	1	1817
sub-011	11	stability	prob_diff	Long	1	1217
sub-011	11	stability	prob_diff	Long	0	1266
sub-011	11	stability	prob_diff	Long	1	1003
sub-011	11	stability	prob_diff	Long	1	900
sub-011	11	stability	prob_diff	Long	1	1214
sub-011	11	stability	prob_diff	Long	1	853
sub-011	11	stability	prob_diff	Long	1	943
sub-011	11	stability	prob_diff	Long	1	1055
sub-011	11	stability	prob_diff	Long	1	888
sub-011	11	stability	prob_diff	Long	1	776
sub-011	11	stability	prob_diff	Long	1	897
sub-011	11	stability	prob_diff	Long	1	938
sub-011	11	stability	prob_diff	Long	1	1370
sub-011	11	stability	prob_diff	Long	1	843
sub-011	11	stability	prob_diff	Long	1	835
sub-011	11	stability	prob_diff	Short	1	1337
sub-011	11	stability	prob_diff	Short	1	1240
sub-011	11	stability	prob_diff	Short	1	960
sub-011	11	stability	prob_diff	Short	1	858
sub-011	11	stability	prob_diff	Short	1	961
sub-011	11	stability	prob_diff	Short	1	1058
sub-011	11	stability	prob_diff	Short	1	1403
sub-011	11	stability	prob_diff	Short	1	932
sub-011	11	stability	prob_diff	Short	1	1324
sub-011	11	stability	prob_diff	Short	1	940
sub-011	11	stability	prob_diff	Short	1	916
sub-011	11	stability	prob_diff	Short	1	1325
sub-011	11	stability	prob_diff	Short	1	837
sub-011	11	stability	prob_diff	Short	1	853
sub-011	11	stability	prob_diff	Short	1	893
sub-011	11	stability	prob_diff	Short	1	1245
sub-011	11	stability	prob_diff	Short	1	1044
sub-011	11	stability	prob_diff	Short	1	1317
sub-011	11	stability	prob_diff	Short	1	1453
sub-011	11	stability	prob_diff	Short	1	1317
sub-011	11	stability	prob_same	Long	1	1590
sub-011	11	stability	prob_same	Long	1	1511
sub-011	11	stability	prob_same	Long	1	1256
sub-011	11	stability	prob_same	Long	1	1088
sub-011	11	stability	prob_same	Long	1	1521
sub-011	11	stability	prob_same	Long	1	1089
sub-011	11	stability	prob_same	Long	1	1690
sub-011	11	stability	prob_same	Long	1	1459
sub-011	11	stability	prob_same	Long	0	0
sub-011	11	stability	prob_same	Long	1	1469
sub-011	11	stability	prob_same	Short	1	1162
sub-011	11	stability	prob_same	Short	1	1035
sub-011	11	stability	prob_same	Short	1	995
sub-011	11	stability	prob_same	Short	1	1467
sub-011	11	stability	prob_same	Short	1	1132
sub-011	11	stability	prob_same	Short	1	741
sub-011	11	stability	prob_same	Short	1	1261
sub-011	11	stability	prob_same	Short	1	757
sub-011	11	stability	prob_same	Short	1	965
sub-011	11	stability	prob_same	Short	1	1110
sub-012	12	flexibility	prob_diff	Long	1	1262
sub-012	12	flexibility	prob_diff	Long	1	1055
sub-012	12	flexibility	prob_diff	Long	1	919
sub-012	12	flexibility	prob_diff	Long	1	832
sub-012	12	flexibility	prob_diff	Long	1	744
sub-012	12	flexibility	prob_diff	Long	1	1137
sub-012	12	flexibility	prob_diff	Long	1	979
sub-012	12	flexibility	prob_diff	Long	1	746
sub-012	12	flexibility	prob_diff	Long	1	795
sub-012	12	flexibility	prob_diff	Long	1	980
sub-012	12	flexibility	prob_diff	Long	1	1213
sub-012	12	flexibility	prob_diff	Long	1	949
sub-012	12	flexibility	prob_diff	Long	1	966
sub-012	12	flexibility	prob_diff	Long	1	1022
sub-012	12	flexibility	prob_diff	Long	1	735
sub-012	12	flexibility	prob_diff	Long	1	806
sub-012	12	flexibility	prob_diff	Long	1	916
sub-012	12	flexibility	prob_diff	Long	1	1045
sub-012	12	flexibility	prob_diff	Long	1	934
sub-012	12	flexibility	prob_diff	Long	1	1193
sub-012	12	flexibility	prob_diff	Short	1	1103
sub-012	12	flexibility	prob_diff	Short	1	1168
sub-012	12	flexibility	prob_diff	Short	1	1033
sub-012	12	flexibility	prob_diff	Short	1	1139
sub-012	12	flexibility	prob_diff	Short	1	972
sub-012	12	flexibility	prob_diff	Short	1	971
sub-012	12	flexibility	prob_diff	Short	1	1107
sub-012	12	flexibility	prob_diff	Short	1	1068
sub-012	12	flexibility	prob_diff	Short	1	940
sub-012	12	flexibility	prob_diff	Short	1	908
sub-012	12	flexibility	prob_diff	Short	1	1045
sub-012	12	flexibility	prob_diff	Short	1	932
sub-012	12	flexibility	prob_diff	Short	1	814
sub-012	12	flexibility	prob_diff	Short	1	1214
sub-012	12	flexibility	prob_diff	Short	1	879
sub-012	12	flexibility	prob_diff	Short	1	982
sub-012	12	flexibility	prob_diff	Short	1	863
sub-012	12	flexibility	prob_diff	Short	1	1255
sub-012	12	flexibility	prob_diff	Short	1	960
sub-012	12	flexibility	prob_diff	Short	1	887
sub-012	12	flexibility	prob_same	Long	1	1684
sub-012	12	flexibility	prob_same	Long	1	1206
sub-012	12	flexibility	prob_same	Long	1	1008
sub-012	12	flexibility	prob_same	Long	1	1072
sub-012	12	flexibility	prob_same	Long	1	1194
sub-012	12	flexibility	prob_same	Long	1	1011
sub-012	12	flexibility	prob_same	Long	1	1533
sub-012	12	flexibility	prob_same	Long	1	1021
sub-012	12	flexibility	prob_same	Long	1	974
sub-012	12	flexibility	prob_same	Long	1	966
sub-012	12	flexibility	prob_same	Short	1	1056
sub-012	12	flexibility	prob_same	Short	1	1681
sub-012	12	flexibility	prob_same	Short	1	890
sub-012	12	flexibility	prob_same	Short	1	923
sub-012	12	flexibility	prob_same	Short	1	1130
sub-012	12	flexibility	prob_same	Short	1	1027
sub-012	12	flexibility	prob_same	Short	1	1331
sub-012	12	flexibility	prob_same	Short	1	828
sub-012	12	flexibility	prob_same	Short	1	980
sub-012	12	flexibility	prob_same	Short	1	1221
sub-012	12	stability	prob_diff	Long	1	1478
sub-012	12	stability	prob_diff	Long	1	1175
sub-012	12	stability	prob_diff	Long	1	1010
sub-012	12	stability	prob_diff	Long	1	1052
sub-012	12	stability	prob_diff	Long	1	984
sub-012	12	stability	prob_diff	Long	1	873
sub-012	12	stability	prob_diff	Long	1	800
sub-012	12	stability	prob_diff	Long	1	881
sub-012	12	stability	prob_diff	Long	1	794
sub-012	12	stability	prob_diff	Long	1	882
sub-012	12	stability	prob_diff	Long	0	0
sub-012	12	stability	prob_diff	Long	1	827
sub-012	12	stability	prob_diff	Long	0	0
sub-012	12	stability	prob_diff	Long	1	1166
sub-012	12	stability	prob_diff	Long	1	919
sub-012	12	stability	prob_diff	Long	1	751
sub-012	12	stability	prob_diff	Long	1	927
sub-012	12	stability	prob_diff	Long	1	512
sub-012	12	stability	prob_diff	Long	1	641
sub-012	12	stability	prob_diff	Long	1	1225
sub-012	12	stability	prob_diff	Short	1	1167
sub-012	12	stability	prob_diff	Short	0	1199
sub-012	12	stability	prob_diff	Short	1	1184
sub-012	12	stability	prob_diff	Short	0	0
sub-012	12	stability	prob_diff	Short	1	1049
sub-012	12	stability	prob_diff	Short	0	0
sub-012	12	stability	prob_diff	Short	0	0
sub-012	12	stability	prob_diff	Short	1	1098
sub-012	12	stability	prob_diff	Short	1	1027
sub-012	12	stability	prob_diff	Short	1	810
sub-012	12	stability	prob_diff	Short	1	978
sub-012	12	stability	prob_diff	Short	1	986
sub-012	12	stability	prob_diff	Short	0	0
sub-012	12	stability	prob_diff	Short	1	835
sub-012	12	stability	prob_diff	Short	1	859
sub-012	12	stability	prob_diff	Short	1	1043
sub-012	12	stability	prob_diff	Short	1	779
sub-012	12	stability	prob_diff	Short	1	724
sub-012	12	stability	prob_diff	Short	1	1461
sub-012	12	stability	prob_diff	Short	1	646
sub-012	12	stability	prob_same	Long	1	1484
sub-012	12	stability	prob_same	Long	1	1246
sub-012	12	stability	prob_same	Long	1	950
sub-012	12	stability	prob_same	Long	1	879
sub-012	12	stability	prob_same	Long	1	992
sub-012	12	stability	prob_same	Long	1	1018
sub-012	12	stability	prob_same	Long	1	1033
sub-012	12	stability	prob_same	Long	1	842
sub-012	12	stability	prob_same	Long	1	1259
sub-012	12	stability	prob_same	Long	1	1757
sub-012	12	stability	prob_same	Short	1	640
sub-012	12	stability	prob_same	Short	1	1049
sub-012	12	stability	prob_same	Short	1	1162
sub-012	12	stability	prob_same	Short	1	833
sub-012	12	stability	prob_same	Short	1	849
sub-012	12	stability	prob_same	Short	1	1171
sub-012	12	stability	prob_same	Short	1	787
sub-012	12	stability	prob_same	Short	1	1108
sub-012	12	stability	prob_same	Short	1	989
sub-012	12	stability	prob_same	Short	1	1269
sub-013	13	flexibility	prob_diff	Long	1	1656
sub-013	13	flexibility	prob_diff	Long	1	983
sub-013	13	flexibility	prob_diff	Long	1	943
sub-013	13	flexibility	prob_diff	Long	1	912
sub-013	13	flexibility	prob_diff	Long	1	1105
sub-013	13	flexibility	prob_diff	Long	1	898
sub-013	13	flexibility	prob_diff	Long	1	979
sub-013	13	flexibility	prob_diff	Long	1	1115
sub-013	13	flexibility	prob_diff	Long	1	1067
sub-013	13	flexibility	prob_diff	Long	1	949
sub-013	13	flexibility	prob_diff	Long	1	1341
sub-013	13	flexibility	prob_diff	Long	1	1077
sub-013	13	flexibility	prob_diff	Long	1	1222
sub-013	13	flexibility	prob_diff	Long	1	983
sub-013	13	flexibility	prob_diff	Long	1	920
sub-013	13	flexibility	prob_diff	Long	1	1000
sub-013	13	flexibility	prob_diff	Long	1	954
sub-013	13	flexibility	prob_diff	Long	1	1176
sub-013	13	flexibility	prob_diff	Long	1	1001
sub-013	13	flexibility	prob_diff	Long	1	1059
sub-013	13	flexibility	prob_diff	Short	1	1203
sub-013	13	flexibility	prob_diff	Short	1	1123
sub-013	13	flexibility	prob_diff	Short	1	1173
sub-013	13	flexibility	prob_diff	Short	1	1078
sub-013	13	flexibility	prob_diff	Short	1	1252
sub-013	13	flexibility	prob_diff	Short	1	1085
sub-013	13	flexibility	prob_diff	Short	1	1237
sub-013	13	flexibility	prob_diff	Short	1	997
sub-013	13	flexibility	prob_diff	Short	1	1173
sub-013	13	flexibility	prob_diff	Short	1	926
sub-013	13	flexibility	prob_diff	Short	1	846
sub-013	13	flexibility	prob_diff	Short	1	1135
sub-013	13	flexibility	prob_diff	Short	1	1400
sub-013	13	flexibility	prob_diff	Short	1	1192
sub-013	13	flexibility	prob_diff	Short	1	1201
sub-013	13	flexibility	prob_diff	Short	1	1009
sub-013	13	flexibility	prob_diff	Short	1	1129
sub-013	13	flexibility	prob_diff	Short	1	769
sub-013	13	flexibility	prob_diff	Short	1	841
sub-013	13	flexibility	prob_diff	Short	1	841
sub-013	13	flexibility	prob_same	Long	0	0
sub-013	13	flexibility	prob_same	Long	1	1471
sub-013	13	flexibility	prob_same	Long	1	1241
sub-013	13	flexibility	prob_same	Long	1	1137
sub-013	13	flexibility	prob_same	Long	1	1122
sub-013	13	flexibility	prob_same	Long	1	1420
sub-013	13	flexibility	prob_same	Long	0	1077
sub-013	13	flexibility	prob_same	Long	0	1094
sub-013	13	flexibility	prob_same	Long	1	1183
sub-013	13	flexibility	prob_same	Long	1	1183
sub-013	13	flexibility	prob_same	Short	1	1059
sub-013	13	flexibility	prob_same	Short	1	1003
sub-013	13	flexibility	prob_same	Short	1	1508
sub-013	13	flexibility	prob_same	Short	1	852
sub-013	13	flexibility	prob_same	Short	1	876
sub-013	13	flexibility	prob_same	Short	1	925
sub-013	13	flexibility	prob_same	Short	1	1916
sub-013	13	flexibility	prob_same	Short	1	805
sub-013	13	flexibility	prob_same	Short	1	894
sub-013	13	flexibility	prob_same	Short	1	1014
sub-013	13	stability	prob_diff	Long	1	1033
sub-013	13	stability	prob_diff	Long	1	940
sub-013	13	stability	prob_diff	Long	1	804
sub-013	13	stability	prob_diff	Long	1	1312
sub-013	13	stability	prob_diff	Long	0	1090
sub-013	13	stability	prob_diff	Long	1	843
sub-013	13	stability	prob_diff	Long	1	779
sub-013	13	stability	prob_diff	Long	1	1044
sub-013	13	stability	prob_diff	Long	1	660
sub-013	13	stability	prob_diff	Long	1	660
sub-013	13	stability	prob_diff	Long	1	669
sub-013	13	stability	prob_diff	Long	1	973
sub-013	13	stability	prob_diff	Long	1	1054
sub-013	13	stability	prob_diff	Long	1	1000
sub-013	13	stability	prob_diff	Long	1	792
sub-013	13	stability	prob_diff	Long	1	929
sub-013	13	stability	prob_diff	Long	1	953
sub-013	13	stability	prob_diff	Long	1	738
sub-013	13	stability	prob_diff	Long	1	979
sub-013	13	stability	prob_diff	Long	1	1268
sub-013	13	stability	prob_diff	Short	1	737
sub-013	13	stability	prob_diff	Short	1	1081
sub-013	13	stability	prob_diff	Short	1	881
sub-013	13	stability	prob_diff	Short	1	1050
sub-013	13	stability	prob_diff	Short	1	922
sub-013	13	stability	prob_diff	Short	1	1106
sub-013	13	stability	prob_diff	Short	1	890
sub-013	13	stability	prob_diff	Short	1	1163
sub-013	13	stability	prob_diff	Short	1	652
sub-013	13	stability	prob_diff	Short	1	963
sub-013	13	stability	prob_diff	Short	1	1035
sub-013	13	stability	prob_diff	Short	1	1148
sub-013	13	stability	prob_diff	Short	1	964
sub-013	13	stability	prob_diff	Short	1	1037
sub-013	13	stability	prob_diff	Short	1	1132
sub-013	13	stability	prob_diff	Short	1	1142
sub-013	13	stability	prob_diff	Short	1	908
sub-013	13	stability	prob_diff	Short	1	974
sub-013	13	stability	prob_diff	Short	1	903
sub-013	13	stability	prob_diff	Short	1	1031
sub-013	13	stability	prob_same	Long	1	1631
sub-013	13	stability	prob_same	Long	1	1248
sub-013	13	stability	prob_same	Long	0	1281
sub-013	13	stability	prob_same	Long	1	1138
sub-013	13	stability	prob_same	Long	1	1267
sub-013	13	stability	prob_same	Long	0	1019
sub-013	13	stability	prob_same	Long	1	1035
sub-013	13	stability	prob_same	Long	1	1013
sub-013	13	stability	prob_same	Long	0	902
sub-013	13	stability	prob_same	Long	1	1206
sub-013	13	stability	prob_same	Short	1	1186
sub-013	13	stability	prob_same	Short	1	706
sub-013	13	stability	prob_same	Short	1	938
sub-013	13	stability	prob_same	Short	1	1035
sub-013	13	stability	prob_same	Short	1	755
sub-013	13	stability	prob_same	Short	1	596
sub-013	13	stability	prob_same	Short	1	830
sub-013	13	stability	prob_same	Short	1	846
sub-013	13	stability	prob_same	Short	0	711
sub-013	13	stability	prob_same	Short	1	663
sub-014	14	flexibility	prob_diff	Long	0	1559
sub-014	14	flexibility	prob_diff	Long	1	1176
sub-014	14	flexibility	prob_diff	Long	1	1409
sub-014	14	flexibility	prob_diff	Long	1	1065
sub-014	14	flexibility	prob_diff	Long	1	1153
sub-014	14	flexibility	prob_diff	Long	1	1546
sub-014	14	flexibility	prob_diff	Long	1	1100
sub-014	14	flexibility	prob_diff	Long	1	1236
sub-014	14	flexibility	prob_diff	Long	1	1125
sub-014	14	flexibility	prob_diff	Long	1	1077
sub-014	14	flexibility	prob_diff	Long	1	1166
sub-014	14	flexibility	prob_diff	Long	1	1303
sub-014	14	flexibility	prob_diff	Long	1	1815
sub-014	14	flexibility	prob_diff	Long	1	1216
sub-014	14	flexibility	prob_diff	Long	0	1233
sub-014	14	flexibility	prob_diff	Long	1	1209
sub-014	14	flexibility	prob_diff	Long	1	1227
sub-014	14	flexibility	prob_diff	Long	1	1166
sub-014	14	flexibility	prob_diff	Long	1	1233
sub-014	14	flexibility	prob_diff	Long	1	1123
sub-014	14	flexibility	prob_diff	Short	1	1218
sub-014	14	flexibility	prob_diff	Short	1	1282
sub-014	14	flexibility	prob_diff	Short	1	1428
sub-014	14	flexibility	prob_diff	Short	1	1309
sub-014	14	flexibility	prob_diff	Short	1	1079
sub-014	14	flexibility	prob_diff	Short	1	1135
sub-014	14	flexibility	prob_diff	Short	1	1327
sub-014	14	flexibility	prob_diff	Short	1	975
sub-014	14	flexibility	prob_diff	Short	1	984
sub-014	14	flexibility	prob_diff	Short	1	1216
sub-014	14	flexibility	prob_diff	Short	1	1040
sub-014	14	flexibility	prob_diff	Short	1	1056
sub-014	14	flexibility	prob_diff	Short	1	1105
sub-014	14	flexibility	prob_diff	Short	1	1072
sub-014	14	flexibility	prob_diff	Short	1	1426
sub-014	14	flexibility	prob_diff	Short	1	1001
sub-014	14	flexibility	prob_diff	Short	1	954
sub-014	14	flexibility	prob_diff	Short	1	1187
sub-014	14	flexibility	prob_diff	Short	1	1099
sub-014	14	flexibility	prob_diff	Short	1	995
sub-014	14	flexibility	prob_same	Long	1	1710
sub-014	14	flexibility	prob_same	Long	1	1207
sub-014	14	flexibility	prob_same	Long	1	1497
sub-014	14	flexibility	prob_same	Long	1	1370
sub-014	14	flexibility	prob_same	Long	1	1731
sub-014	14	flexibility	prob_same	Long	1	1252
sub-014	14	flexibility	prob_same	Long	1	1125
sub-014	14	flexibility	prob_same	Long	1	1134
sub-014	14	flexibility	prob_same	Long	1	1167
sub-014	14	flexibility	prob_same	Long	1	1144
sub-014	14	flexibility	prob_same	Short	1	1212
sub-014	14	flexibility	prob_same	Short	1	981
sub-014	14	flexibility	prob_same	Short	1	1205
sub-014	14	flexibility	prob_same	Short	1	983
sub-014	14	flexibility	prob_same	Short	1	1463
sub-014	14	flexibility	prob_same	Short	0	1007
sub-014	14	flexibility	prob_same	Short	1	1176
sub-014	14	flexibility	prob_same	Short	1	929
sub-014	14	flexibility	prob_same	Short	1	1400
sub-014	14	flexibility	prob_same	Short	1	1833
sub-014	14	stability	prob_diff	Long	1	1122
sub-014	14	stability	prob_diff	Long	0	1278
sub-014	14	stability	prob_diff	Long	1	1607
sub-014	14	stability	prob_diff	Long	1	976
sub-014	14	stability	prob_diff	Long	1	1202
sub-014	14	stability	prob_diff	Long	1	1076
sub-014	14	stability	prob_diff	Long	1	1020
sub-014	14	stability	prob_diff	Long	1	1621
sub-014	14	stability	prob_diff	Long	1	749
sub-014	14	stability	prob_diff	Long	1	1111
sub-014	14	stability	prob_diff	Long	1	759
sub-014	14	stability	prob_diff	Long	1	927
sub-014	14	stability	prob_diff	Long	1	842
sub-014	14	stability	prob_diff	Long	1	858
sub-014	14	stability	prob_diff	Long	1	875
sub-014	14	stability	prob_diff	Long	1	1107
sub-014	14	stability	prob_diff	Long	1	1108
sub-014	14	stability	prob_diff	Long	1	781
sub-014	14	stability	prob_diff	Long	1	1021
sub-014	14	stability	prob_diff	Long	1	974
sub-014	14	stability	prob_diff	Short	1	849
sub-014	14	stability	prob_diff	Short	0	770
sub-014	14	stability	prob_diff	Short	1	1002
sub-014	14	stability	prob_diff	Short	1	1011
sub-014	14	stability	prob_diff	Short	1	859
sub-014	14	stability	prob_diff	Short	0	916
sub-014	14	stability	prob_diff	Short	1	931
sub-014	14	stability	prob_diff	Short	1	1020
sub-014	14	stability	prob_diff	Short	0	1020
sub-014	14	stability	prob_diff	Short	1	1173
sub-014	14	stability	prob_diff	Short	0	876
sub-014	14	stability	prob_diff	Short	1	1085
sub-014	14	stability	prob_diff	Short	1	933
sub-014	14	stability	prob_diff	Short	1	949
sub-014	14	stability	prob_diff	Short	1	1294
sub-014	14	stability	prob_diff	Short	1	1398
sub-014	14	stability	prob_diff	Short	1	878
sub-014	14	stability	prob_diff	Short	1	856
sub-014	14	stability	prob_diff	Short	1	833
sub-014	14	stability	prob_diff	Short	1	1490
sub-014	14	stability	prob_same	Long	1	1703
sub-014	14	stability	prob_same	Long	1	1312
sub-014	14	stability	prob_same	Long	1	1137
sub-014	14	stability	prob_same	Long	1	928
sub-014	14	stability	prob_same	Long	1	1122
sub-014	14	stability	prob_same	Long	1	979
sub-014	14	stability	prob_same	Long	1	956
sub-014	14	stability	prob_same	Long	0	1230
sub-014	14	stability	prob_same	Long	1	846
sub-014	14	stability	prob_same	Long	0	752
sub-014	14	stability	prob_same	Short	1	1212
sub-014	14	stability	prob_same	Short	1	829
sub-014	14	stability	prob_same	Short	1	821
sub-014	14	stability	prob_same	Short	1	878
sub-014	14	stability	prob_same	Short	1	822
sub-014	14	stability	prob_same	Short	1	774
sub-014	14	stability	prob_same	Short	1	1198
sub-014	14	stability	prob_same	Short	1	839
sub-014	14	stability	prob_same	Short	1	775
sub-014	14	stability	prob_same	Short	1	864
sub-015	15	flexibility	prob_diff	Long	1	1768
sub-015	15	flexibility	prob_diff	Long	1	1328
sub-015	15	flexibility	prob_diff	Long	1	1514
sub-015	15	flexibility	prob_diff	Long	1	1002
sub-015	15	flexibility	prob_diff	Long	1	1059
sub-015	15	flexibility	prob_diff	Long	1	1499
sub-015	15	flexibility	prob_diff	Long	1	1253
sub-015	15	flexibility	prob_diff	Long	1	973
sub-015	15	flexibility	prob_diff	Long	1	1069
sub-015	15	flexibility	prob_diff	Long	1	1109
sub-015	15	flexibility	prob_diff	Long	1	943
sub-015	15	flexibility	prob_diff	Long	1	1007
sub-015	15	flexibility	prob_diff	Long	1	944
sub-015	15	flexibility	prob_diff	Long	1	920
sub-015	15	flexibility	prob_diff	Long	1	1225
sub-015	15	flexibility	prob_diff	Long	1	913
sub-015	15	flexibility	prob_diff	Long	1	1068
sub-015	15	flexibility	prob_diff	Long	1	994
sub-015	15	flexibility	prob_diff	Long	1	1098
sub-015	15	flexibility	prob_diff	Long	1	1461
sub-015	15	flexibility	prob_diff	Short	1	1178
sub-015	15	flexibility	prob_diff	Short	1	1098
sub-015	15	flexibility	prob_diff	Short	1	1163
sub-015	15	flexibility	prob_diff	Short	1	1324
sub-015	15	flexibility	prob_diff	Short	1	1190
sub-015	15	flexibility	prob_diff	Short	1	1038
sub-015	15	flexibility	prob_diff	Short	1	775
sub-015	15	flexibility	prob_diff	Short	1	911
sub-015	15	flexibility	prob_diff	Short	1	1199
sub-015	15	flexibility	prob_diff	Short	1	1264
sub-015	15	flexibility	prob_diff	Short	1	912
sub-015	15	flexibility	prob_diff	Short	1	944
sub-015	15	flexibility	prob_diff	Short	1	841
sub-015	15	flexibility	prob_diff	Short	1	849
sub-015	15	flexibility	prob_diff	Short	1	937
sub-015	15	flexibility	prob_diff	Short	1	978
sub-015	15	flexibility	prob_diff	Short	1	779
sub-015	15	flexibility	prob_diff	Short	1	923
sub-015	15	flexibility	prob_diff	Short	1	915
sub-015	15	flexibility	prob_diff	Short	1	996
sub-015	15	flexibility	prob_same	Long	1	1231
sub-015	15	flexibility	prob_same	Long	1	1038
sub-015	15	flexibility	prob_same	Long	1	1015
sub-015	15	flexibility	prob_same	Long	1	1056
sub-015	15	flexibility	prob_same	Long	1	689
sub-015	15	flexibility	prob_same	Long	1	946
sub-015	15	flexibility	prob_same	Long	1	898
sub-015	15	flexibility	prob_same	Long	1	981
sub-015	15	flexibility	prob_same	Long	0	1438
sub-015	15	flexibility	prob_same	Long	1	1127
sub-015	15	flexibility	prob_same	Short	1	1307
sub-015	15	flexibility	prob_same	Short	1	812
sub-015	15	flexibility	prob_same	Short	1	1069
sub-015	15	flexibility	prob_same	Short	1	1302
sub-015	15	flexibility	prob_same	Short	1	1030
sub-015	15	flexibility	prob_same	Short	1	927
sub-015	15	flexibility	prob_same	Short	1	1176
sub-015	15	flexibility	prob_same	Short	1	912
sub-015	15	flexibility	prob_same	Short	1	969
sub-015	15	flexibility	prob_same	Short	1	977
sub-015	15	stability	prob_diff	Long	1	1273
sub-015	15	stability	prob_diff	Long	1	665
sub-015	15	stability	prob_diff	Long	1	668
sub-015	15	stability	prob_diff	Long	1	728
sub-015	15	stability	prob_diff	Long	1	723
sub-015	15	stability	prob_diff	Long	1	659
sub-015	15	stability	prob_diff	Long	1	500
sub-015	15	stability	prob_diff	Long	1	645
sub-015	15	stability	prob_diff	Long	1	557
sub-015	15	stability	prob_diff	Long	1	950
sub-015	15	stability	prob_diff	Long	1	686
sub-015	15	stability	prob_diff	Long	1	598
sub-015	15	stability	prob_diff	Long	1	520
sub-015	15	stability	prob_diff	Long	1	776
sub-015	15	stability	prob_diff	Long	1	897
sub-015	15	stability	prob_diff	Long	1	849
sub-015	15	stability	prob_diff	Long	1	540
sub-015	15	stability	prob_diff	Long	1	619
sub-015	15	stability	prob_diff	Long	1	557
sub-015	15	stability	prob_diff	Long	1	606
sub-015	15	stability	prob_diff	Short	1	905
sub-015	15	stability	prob_diff	Short	1	626
sub-015	15	stability	prob_diff	Short	1	553
sub-015	15	stability	prob_diff	Short	1	594
sub-015	15	stability	prob_diff	Short	1	1035
sub-015	15	stability	prob_diff	Short	0	931
sub-015	15	stability	prob_diff	Short	1	644
sub-015	15	stability	prob_diff	Short	1	619
sub-015	15	stability	prob_diff	Short	1	660
sub-015	15	stability	prob_diff	Short	1	581
sub-015	15	stability	prob_diff	Short	1	812
sub-015	15	stability	prob_diff	Short	1	565
sub-015	15	stability	prob_diff	Short	1	621
sub-015	15	stability	prob_diff	Short	1	638
sub-015	15	stability	prob_diff	Short	1	710
sub-015	15	stability	prob_diff	Short	1	782
sub-015	15	stability	prob_diff	Short	1	639
sub-015	15	stability	prob_diff	Short	1	672
sub-015	15	stability	prob_diff	Short	1	882
sub-015	15	stability	prob_diff	Short	1	675
sub-015	15	stability	prob_same	Long	1	1823
sub-015	15	stability	prob_same	Long	0	1112
sub-015	15	stability	prob_same	Long	0	1259
sub-015	15	stability	prob_same	Long	1	987
sub-015	15	stability	prob_same	Long	1	931
sub-015	15	stability	prob_same	Long	1	836
sub-015	15	stability	prob_same	Long	1	669
sub-015	15	stability	prob_same	Long	1	830
sub-015	15	stability	prob_same	Long	1	671
sub-015	15	stability	prob_same	Long	1	720
sub-015	15	stability	prob_same	Short	1	796
sub-015	15	stability	prob_same	Short	1	693
sub-015	15	stability	prob_same	Short	1	605
sub-015	15	stability	prob_same	Short	1	573
sub-015	15	stability	prob_same	Short	1	1326
sub-015	15	stability	prob_same	Short	1	1263
sub-015	15	stability	prob_same	Short	1	991
sub-015	15	stability	prob_same	Short	1	496
sub-015	15	stability	prob_same	Short	1	904
sub-015	15	stability	prob_same	Short	1	794
sub-016	16	flexibility	prob_diff	Long	0	0
sub-016	16	flexibility	prob_diff	Long	0	1248
sub-016	16	flexibility	prob_diff	Long	1	1016
sub-016	16	flexibility	prob_diff	Long	1	1016
sub-016	16	flexibility	prob_diff	Long	1	1169
sub-016	16	flexibility	prob_diff	Long	1	1650
sub-016	16	flexibility	prob_diff	Long	1	1347
sub-016	16	flexibility	prob_diff	Long	1	1684
sub-016	16	flexibility	prob_diff	Long	1	1204
sub-016	16	flexibility	prob_diff	Long	1	924
sub-016	16	flexibility	prob_diff	Long	1	997
sub-016	16	flexibility	prob_diff	Long	1	886
sub-016	16	flexibility	prob_diff	Long	1	1359
sub-016	16	flexibility	prob_diff	Long	1	967
sub-016	16	flexibility	prob_diff	Long	1	1440
sub-016	16	flexibility	prob_diff	Long	1	1457
sub-016	16	flexibility	prob_diff	Long	1	1099
sub-016	16	flexibility	prob_diff	Long	1	1133
sub-016	16	flexibility	prob_diff	Long	1	1102
sub-016	16	flexibility	prob_diff	Long	1	879
sub-016	16	flexibility	prob_diff	Short	1	1362
sub-016	16	flexibility	prob_diff	Short	0	1131
sub-016	16	flexibility	prob_diff	Short	0	0
sub-016	16	flexibility	prob_diff	Short	1	1452
sub-016	16	flexibility	prob_diff	Short	1	1390
sub-016	16	flexibility	prob_diff	Short	1	1142
sub-016	16	flexibility	prob_diff	Short	1	990
sub-016	16	flexibility	prob_diff	Short	0	1039
sub-016	16	flexibility	prob_diff	Short	1	1000
sub-016	16	flexibility	prob_diff	Short	1	1119
sub-016	16	flexibility	prob_diff	Short	1	1136
sub-016	16	flexibility	prob_diff	Short	1	1208
sub-016	16	flexibility	prob_diff	Short	1	1769
sub-016	16	flexibility	prob_diff	Short	0	1528
sub-016	16	flexibility	prob_diff	Short	1	945
sub-016	16	flexibility	prob_diff	Short	0	1026
sub-016	16	flexibility	prob_diff	Short	1	1626
sub-016	16	flexibility	prob_diff	Short	1	826
sub-016	16	flexibility	prob_diff	Short	1	1235
sub-016	16	flexibility	prob_diff	Short	1	1667
sub-016	16	flexibility	prob_same	Long	1	1583
sub-016	16	flexibility	prob_same	Long	1	984
sub-016	16	flexibility	prob_same	Long	1	1345
sub-016	16	flexibility	prob_same	Long	1	1099
sub-016	16	flexibility	prob_same	Long	1	1228
sub-016	16	flexibility	prob_same	Long	1	1597
sub-016	16	flexibility	prob_same	Long	1	966
sub-016	16	flexibility	prob_same	Long	1	1038
sub-016	16	flexibility	prob_same	Long	1	1079
sub-016	16	flexibility	prob_same	Long	1	1167
sub-016	16	flexibility	prob_same	Short	1	1187
sub-016	16	flexibility	prob_same	Short	1	1388
sub-016	16	flexibility	prob_same	Short	1	1285
sub-016	16	flexibility	prob_same	Short	1	1724
sub-016	16	flexibility	prob_same	Short	1	1117
sub-016	16	flexibility	prob_same	Short	1	1509
sub-016	16	flexibility	prob_same	Short	1	1030
sub-016	16	flexibility	prob_same	Short	1	1862
sub-016	16	flexibility	prob_same	Short	0	1007
sub-016	16	flexibility	prob_same	Short	1	1176
sub-016	16	stability	prob_diff	Long	1	1017
sub-016	16	stability	prob_diff	Long	1	1130
sub-016	16	stability	prob_diff	Long	1	1205
sub-016	16	stability	prob_diff	Long	1	1657
sub-016	16	stability	prob_diff	Long	1	1011
sub-016	16	stability	prob_diff	Long	1	986
sub-016	16	stability	prob_diff	Long	0	948
sub-016	16	stability	prob_diff	Long	1	972
sub-016	16	stability	prob_diff	Long	1	741
sub-016	16	stability	prob_diff	Long	1	1070
sub-016	16	stability	prob_diff	Long	1	912
sub-016	16	stability	prob_diff	Long	1	937
sub-016	16	stability	prob_diff	Long	1	1577
sub-016	16	stability	prob_diff	Long	1	1034
sub-016	16	stability	prob_diff	Long	1	882
sub-016	16	stability	prob_diff	Long	1	1067
sub-016	16	stability	prob_diff	Long	1	931
sub-016	16	stability	prob_diff	Long	1	1468
sub-016	16	stability	prob_diff	Long	1	981
sub-016	16	stability	prob_diff	Long	1	1077
sub-016	16	stability	prob_diff	Short	0	0
sub-016	16	stability	prob_diff	Short	0	0
sub-016	16	stability	prob_diff	Short	1	1345
sub-016	16	stability	prob_diff	Short	1	921
sub-016	16	stability	prob_diff	Short	1	906
sub-016	16	stability	prob_diff	Short	1	801
sub-016	16	stability	prob_diff	Short	0	0
sub-016	16	stability	prob_diff	Short	1	1003
sub-016	16	stability	prob_diff	Short	1	930
sub-016	16	stability	prob_diff	Short	1	1724
sub-016	16	stability	prob_diff	Short	1	1276
sub-016	16	stability	prob_diff	Short	1	1693
sub-016	16	stability	prob_diff	Short	1	1100
sub-016	16	stability	prob_diff	Short	1	860
sub-016	16	stability	prob_diff	Short	1	893
sub-016	16	stability	prob_diff	Short	0	1101
sub-016	16	stability	prob_diff	Short	1	1110
sub-016	16	stability	prob_diff	Short	1	1239
sub-016	16	stability	prob_diff	Short	1	1025
sub-016	16	stability	prob_diff	Short	1	834
sub-016	16	stability	prob_same	Long	1	1230
sub-016	16	stability	prob_same	Long	0	0
sub-016	16	stability	prob_same	Long	1	910
sub-016	16	stability	prob_same	Long	1	1327
sub-016	16	stability	prob_same	Long	1	1706
sub-016	16	stability	prob_same	Long	1	1082
sub-016	16	stability	prob_same	Long	1	1491
sub-016	16	stability	prob_same	Long	1	1228
sub-016	16	stability	prob_same	Long	1	876
sub-016	16	stability	prob_same	Long	1	861
sub-016	16	stability	prob_same	Short	1	1275
sub-016	16	stability	prob_same	Short	1	1228
sub-016	16	stability	prob_same	Short	1	869
sub-016	16	stability	prob_same	Short	1	1334
sub-016	16	stability	prob_same	Short	1	1167
sub-016	16	stability	prob_same	Short	0	0
sub-016	16	stability	prob_same	Short	1	1207
sub-016	16	stability	prob_same	Short	1	680
sub-016	16	stability	prob_same	Short	1	1496
sub-016	16	stability	prob_same	Short	1	865
sub-017	17	flexibility	prob_diff	Long	1	1289
sub-017	17	flexibility	prob_diff	Long	1	1017
sub-017	17	flexibility	prob_diff	Long	1	1122
sub-017	17	flexibility	prob_diff	Long	1	1098
sub-017	17	flexibility	prob_diff	Long	1	1155
sub-017	17	flexibility	prob_diff	Long	1	1301
sub-017	17	flexibility	prob_diff	Long	1	1581
sub-017	17	flexibility	prob_diff	Long	1	1030
sub-017	17	flexibility	prob_diff	Long	1	1311
sub-017	17	flexibility	prob_diff	Long	1	1143
sub-017	17	flexibility	prob_diff	Long	1	1192
sub-017	17	flexibility	prob_diff	Long	0	152
sub-017	17	flexibility	prob_diff	Long	1	1080
sub-017	17	flexibility	prob_diff	Long	1	1297
sub-017	17	flexibility	prob_diff	Long	0	0
sub-017	17	flexibility	prob_diff	Long	1	1106
sub-017	17	flexibility	prob_diff	Long	0	0
sub-017	17	flexibility	prob_diff	Long	1	1181
sub-017	17	flexibility	prob_diff	Long	0	0
sub-017	17	flexibility	prob_diff	Long	1	1501
sub-017	17	flexibility	prob_diff	Short	1	1139
sub-017	17	flexibility	prob_diff	Short	1	1243
sub-017	17	flexibility	prob_diff	Short	0	0
sub-017	17	flexibility	prob_diff	Short	0	69
sub-017	17	flexibility	prob_diff	Short	1	943
sub-017	17	flexibility	prob_diff	Short	1	1143
sub-017	17	flexibility	prob_diff	Short	0	271
sub-017	17	flexibility	prob_diff	Short	1	1248
sub-017	17	flexibility	prob_diff	Short	1	1232
sub-017	17	flexibility	prob_diff	Short	1	1088
sub-017	17	flexibility	prob_diff	Short	1	904
sub-017	17	flexibility	prob_diff	Short	1	1129
sub-017	17	flexibility	prob_diff	Short	1	1810
sub-017	17	flexibility	prob_diff	Short	0	153
sub-017	17	flexibility	prob_diff	Short	0	0
sub-017	17	flexibility	prob_diff	Short	1	1090
sub-017	17	flexibility	prob_diff	Short	0	282
sub-017	17	flexibility	prob_diff	Short	1	1579
sub-017	17	flexibility	prob_diff	Short	1	1507
sub-017	17	flexibility	prob_diff	Short	1	1004
sub-017	17	flexibility	prob_same	Long	1	1518
sub-017	17	flexibility	prob_same	Long	1	1216
sub-017	17	flexibility	prob_same	Long	1	1128
sub-017	17	flexibility	prob_same	Long	1	1362
sub-017	17	flexibility	prob_same	Long	1	1203
sub-017	17	flexibility	prob_same	Long	1	1100
sub-017	17	flexibility	prob_same	Long	1	1127
sub-017	17	flexibility	prob_same	Long	1	1183
sub-017	17	flexibility	prob_same	Long	1	1176
sub-017	17	flexibility	prob_same	Long	1	1144
sub-017	17	flexibility	prob_same	Short	1	1397
sub-017	17	flexibility	prob_same	Short	1	1238
sub-017	17	flexibility	prob_same	Short	1	989
sub-017	17	flexibility	prob_same	Short	1	1142
sub-017	17	flexibility	prob_same	Short	1	1095
sub-017	17	flexibility	prob_same	Short	1	1150
sub-017	17	flexibility	prob_same	Short	0	887
sub-017	17	flexibility	prob_same	Short	1	1512
sub-017	17	flexibility	prob_same	Short	1	1520
sub-017	17	flexibility	prob_same	Short	1	1761
sub-017	17	stability	prob_diff	Long	1	1304
sub-017	17	stability	prob_diff	Long	1	841
sub-017	17	stability	prob_diff	Long	1	1163
sub-017	17	stability	prob_diff	Long	0	988
sub-017	17	stability	prob_diff	Long	1	1131
sub-017	17	stability	prob_diff	Long	1	1140
sub-017	17	stability	prob_diff	Long	1	772
sub-017	17	stability	prob_diff	Long	1	973
sub-017	17	stability	prob_diff	Long	1	774
sub-017	17	stability	prob_diff	Long	1	774
sub-017	17	stability	prob_diff	Long	1	807
sub-017	17	stability	prob_diff	Long	1	745
sub-017	17	stability	prob_diff	Long	1	642
sub-017	17	stability	prob_diff	Long	1	930
sub-017	17	stability	prob_diff	Long	1	155
sub-017	17	stability	prob_diff	Long	1	867
sub-017	17	stability	prob_diff	Long	1	795
sub-017	17	stability	prob_diff	Long	1	1220
sub-017	17	stability	prob_diff	Long	1	181
sub-017	17	stability	prob_diff	Long	1	670
sub-017	17	stability	prob_diff	Short	1	1066
sub-017	17	stability	prob_diff	Short	1	826
sub-017	17	stability	prob_diff	Short	1	763
sub-017	17	stability	prob_diff	Short	1	762
sub-017	17	stability	prob_diff	Short	1	1115
sub-017	17	stability	prob_diff	Short	0	843
sub-017	17	stability	prob_diff	Short	1	92
sub-017	17	stability	prob_diff	Short	1	1412
sub-017	17	stability	prob_diff	Short	1	1277
sub-017	17	stability	prob_diff	Short	1	765
sub-017	17	stability	prob_diff	Short	1	709
sub-017	17	stability	prob_diff	Short	1	781
sub-017	17	stability	prob_diff	Short	1	1029
sub-017	17	stability	prob_diff	Short	1	1142
sub-017	17	stability	prob_diff	Short	1	1293
sub-017	17	stability	prob_diff	Short	1	814
sub-017	17	stability	prob_diff	Short	1	1376
sub-017	17	stability	prob_diff	Short	0	1401
sub-017	17	stability	prob_diff	Short	1	737
sub-017	17	stability	prob_diff	Short	1	915
sub-017	17	stability	prob_same	Long	1	1391
sub-017	17	stability	prob_same	Long	1	1144
sub-017	17	stability	prob_same	Long	1	1113
sub-017	17	stability	prob_same	Long	1	1057
sub-017	17	stability	prob_same	Long	1	1058
sub-017	17	stability	prob_same	Long	0	867
sub-017	17	stability	prob_same	Long	1	1252
sub-017	17	stability	prob_same	Long	1	494
sub-017	17	stability	prob_same	Long	0	0
sub-017	17	stability	prob_same	Long	1	1048
sub-017	17	stability	prob_same	Short	1	852
sub-017	17	stability	prob_same	Short	0	0
sub-017	17	stability	prob_same	Short	1	958
sub-017	17	stability	prob_same	Short	1	1207
sub-017	17	stability	prob_same	Short	1	1607
sub-017	17	stability	prob_same	Short	1	928
sub-017	17	stability	prob_same	Short	1	1024
sub-017	17	stability	prob_same	Short	1	1168
sub-017	17	stability	prob_same	Short	1	913
sub-017	17	stability	prob_same	Short	1	745
sub-018	18	flexibility	prob_diff	Long	0	1783
sub-018	18	flexibility	prob_diff	Long	1	928
sub-018	18	flexibility	prob_diff	Long	1	1785
sub-018	18	flexibility	prob_diff	Long	1	1042
sub-018	18	flexibility	prob_diff	Long	1	1585
sub-018	18	flexibility	prob_diff	Long	1	970
sub-018	18	flexibility	prob_diff	Long	1	1051
sub-018	18	flexibility	prob_diff	Long	1	1068
sub-018	18	flexibility	prob_diff	Long	1	980
sub-018	18	flexibility	prob_diff	Long	1	1077
sub-018	18	flexibility	prob_diff	Long	1	1150
sub-018	18	flexibility	prob_diff	Long	1	1085
sub-018	18	flexibility	prob_diff	Long	1	1070
sub-018	18	flexibility	prob_diff	Long	1	991
sub-018	18	flexibility	prob_diff	Long	1	1008
sub-018	18	flexibility	prob_diff	Long	1	1008
sub-018	18	flexibility	prob_diff	Long	1	1027
sub-018	18	flexibility	prob_diff	Long	1	1132
sub-018	18	flexibility	prob_diff	Long	1	952
sub-018	18	flexibility	prob_diff	Long	1	1035
sub-018	18	flexibility	prob_diff	Short	1	1003
sub-018	18	flexibility	prob_diff	Short	1	1084
sub-018	18	flexibility	prob_diff	Short	1	1069
sub-018	18	flexibility	prob_diff	Short	1	957
sub-018	18	flexibility	prob_diff	Short	1	1061
sub-018	18	flexibility	prob_diff	Short	1	997
sub-018	18	flexibility	prob_diff	Short	1	1053
sub-018	18	flexibility	prob_diff	Short	1	1014
sub-018	18	flexibility	prob_diff	Short	1	893
sub-018	18	flexibility	prob_diff	Short	1	998
sub-018	18	flexibility	prob_diff	Short	1	959
sub-018	18	flexibility	prob_diff	Short	1	919
sub-018	18	flexibility	prob_diff	Short	1	1111
sub-018	18	flexibility	prob_diff	Short	1	1008
sub-018	18	flexibility	prob_diff	Short	1	839
sub-018	18	flexibility	prob_diff	Short	1	1047
sub-018	18	flexibility	prob_diff	Short	1	1224
sub-018	18	flexibility	prob_diff	Short	1	961
sub-018	18	flexibility	prob_diff	Short	1	984
sub-018	18	flexibility	prob_diff	Short	1	985
sub-018	18	flexibility	prob_same	Long	1	1310
sub-018	18	flexibility	prob_same	Long	1	1174
sub-018	18	flexibility	prob_same	Long	1	1024
sub-018	18	flexibility	prob_same	Long	1	1442
sub-018	18	flexibility	prob_same	Long	1	1043
sub-018	18	flexibility	prob_same	Long	1	1075
sub-018	18	flexibility	prob_same	Long	1	909
sub-018	18	flexibility	prob_same	Long	1	1085
sub-018	18	flexibility	prob_same	Long	1	909
sub-018	18	flexibility	prob_same	Long	1	1150
sub-018	18	flexibility	prob_same	Short	1	986
sub-018	18	flexibility	prob_same	Short	1	1018
sub-018	18	flexibility	prob_same	Short	1	955
sub-018	18	flexibility	prob_same	Short	1	1076
sub-018	18	flexibility	prob_same	Short	1	828
sub-018	18	flexibility	prob_same	Short	1	997
sub-018	18	flexibility	prob_same	Short	1	893
sub-018	18	flexibility	prob_same	Short	1	965
sub-018	18	flexibility	prob_same	Short	1	966
sub-018	18	flexibility	prob_same	Short	1	951
sub-018	18	stability	prob_diff	Long	1	952
sub-018	18	stability	prob_diff	Long	1	729
sub-018	18	stability	prob_diff	Long	1	1421
sub-018	18	stability	prob_diff	Long	0	1033
sub-018	18	stability	prob_diff	Long	1	954
sub-018	18	stability	prob_diff	Long	1	1122
sub-018	18	stability	prob_diff	Long	1	890
sub-018	18	stability	prob_diff	Long	1	915
sub-018	18	stability	prob_diff	Long	1	973
sub-018	18	stability	prob_diff	Long	1	965
sub-018	18	stability	prob_diff	Long	1	782
sub-018	18	stability	prob_diff	Long	1	1038
sub-018	18	stability	prob_diff	Long	1	871
sub-018	18	stability	prob_diff	Long	1	903
sub-018	18	stability	prob_diff	Long	1	945
sub-018	18	stability	prob_diff	Long	1	649
sub-018	18	stability	prob_diff	Long	1	826
sub-018	18	stability	prob_diff	Long	1	818
sub-018	18	stability	prob_diff	Long	1	987
sub-018	18	stability	prob_diff	Long	1	812
sub-018	18	stability	prob_diff	Short	1	1065
sub-018	18	stability	prob_diff	Short	1	953
sub-018	18	stability	prob_diff	Short	1	777
sub-018	18	stability	prob_diff	Short	1	953
sub-018	18	stability	prob_diff	Short	1	1026
sub-018	18	stability	prob_diff	Short	1	890
sub-018	18	stability	prob_diff	Short	1	827
sub-018	18	stability	prob_diff	Short	1	891
sub-018	18	stability	prob_diff	Short	1	939
sub-018	18	stability	prob_diff	Short	1	1011
sub-018	18	stability	prob_diff	Short	1	1211
sub-018	18	stability	prob_diff	Short	1	828
sub-018	18	stability	prob_diff	Short	1	1092
sub-018	18	stability	prob_diff	Short	1	780
sub-018	18	stability	prob_diff	Short	1	836
sub-018	18	stability	prob_diff	Short	1	1117
sub-018	18	stability	prob_diff	Short	1	1014
sub-018	18	stability	prob_diff	Short	1	950
sub-018	18	stability	prob_diff	Short	1	960
sub-018	18	stability	prob_diff	Short	1	1240
sub-018	18	stability	prob_same	Long	1	1327
sub-018	18	stability	prob_same	Long	1	976
sub-018	18	stability	prob_same	Long	1	1041
sub-018	18	stability	prob_same	Long	1	905
sub-018	18	stability	prob_same	Long	0	1203
sub-018	18	stability	prob_same	Long	0	1131
sub-018	18	stability	prob_same	Long	1	1748
sub-018	18	stability	prob_same	Long	1	1431
sub-018	18	stability	prob_same	Long	1	1015
sub-018	18	stability	prob_same	Long	1	776
sub-018	18	stability	prob_same	Short	1	900
sub-018	18	stability	prob_same	Short	1	956
sub-018	18	stability	prob_same	Short	1	891
sub-018	18	stability	prob_same	Short	1	908
sub-018	18	stability	prob_same	Short	1	1028
sub-018	18	stability	prob_same	Short	1	876
sub-018	18	stability	prob_same	Short	1	981
sub-018	18	stability	prob_same	Short	1	870
sub-018	18	stability	prob_same	Short	1	942
sub-018	18	stability	prob_same	Short	1	894
sub-019	19	flexibility	prob_diff	Long	0	1182
sub-019	19	flexibility	prob_diff	Long	1	974
sub-019	19	flexibility	prob_diff	Long	0	1160
sub-019	19	flexibility	prob_diff	Long	1	928
sub-019	19	flexibility	prob_diff	Long	1	1057
sub-019	19	flexibility	prob_diff	Long	1	922
sub-019	19	flexibility	prob_diff	Long	1	946
sub-019	19	flexibility	prob_diff	Long	1	962
sub-019	19	flexibility	prob_diff	Long	1	979
sub-019	19	flexibility	prob_diff	Long	1	995
sub-019	19	flexibility	prob_diff	Long	1	996
sub-019	19	flexibility	prob_diff	Long	1	1125
sub-019	19	flexibility	prob_diff	Long	1	885
sub-019	19	flexibility	prob_diff	Long	1	926
sub-019	19	flexibility	prob_diff	Long	1	895
sub-019	19	flexibility	prob_diff	Long	1	1264
sub-019	19	flexibility	prob_diff	Long	1	1355
sub-019	19	flexibility	prob_diff	Long	1	926
sub-019	19	flexibility	prob_diff	Long	1	984
sub-019	19	flexibility	prob_diff	Long	1	1067
sub-019	19	flexibility	prob_diff	Short	1	976
sub-019	19	flexibility	prob_diff	Short	1	897
sub-019	19	flexibility	prob_diff	Short	1	1521
sub-019	19	flexibility	prob_diff	Short	1	1554
sub-019	19	flexibility	prob_diff	Short	1	972
sub-019	19	flexibility	prob_diff	Short	1	1045
sub-019	19	flexibility	prob_diff	Short	1	1117
sub-019	19	flexibility	prob_diff	Short	1	933
sub-019	19	flexibility	prob_diff	Short	1	1213
sub-019	19	flexibility	prob_diff	Short	1	1062
sub-019	19	flexibility	prob_diff	Short	1	943
sub-019	19	flexibility	prob_diff	Short	1	854
sub-019	19	flexibility	prob_diff	Short	1	1006
sub-019	19	flexibility	prob_diff	Short	1	1719
sub-019	19	flexibility	prob_diff	Short	1	879
sub-019	19	flexibility	prob_diff	Short	1	1080
sub-019	19	flexibility	prob_diff	Short	1	872
sub-019	19	flexibility	prob_diff	Short	1	920
sub-019	19	flexibility	prob_diff	Short	1	1032
sub-019	19	flexibility	prob_diff	Short	1	961
sub-019	19	flexibility	prob_same	Long	1	1285
sub-019	19	flexibility	prob_same	Long	1	1238
sub-019	19	flexibility	prob_same	Long	1	831
sub-019	19	flexibility	prob_same	Long	1	1089
sub-019	19	flexibility	prob_same	Long	1	995
sub-019	19	flexibility	prob_same	Long	1	1131
sub-019	19	flexibility	prob_same	Long	1	804
sub-019	19	flexibility	prob_same	Long	1	901
sub-019	19	flexibility	prob_same	Long	1	1134
sub-019	19	flexibility	prob_same	Long	1	1070
sub-019	19	flexibility	prob_same	Short	1	1026
sub-019	19	flexibility	prob_same	Short	1	1386
sub-019	19	flexibility	prob_same	Short	1	611
sub-019	19	flexibility	prob_same	Short	1	1100
sub-019	19	flexibility	prob_same	Short	1	917
sub-019	19	flexibility	prob_same	Short	1	821
sub-019	19	flexibility	prob_same	Short	1	805
sub-019	19	flexibility	prob_same	Short	1	949
sub-019	19	flexibility	prob_same	Short	1	1022
sub-019	19	flexibility	prob_same	Short	1	991
sub-019	19	stability	prob_diff	Long	1	727
sub-019	19	stability	prob_diff	Long	1	1059
sub-019	19	stability	prob_diff	Long	1	964
sub-019	19	stability	prob_diff	Long	1	1150
sub-019	19	stability	prob_diff	Long	1	1016
sub-019	19	stability	prob_diff	Long	1	769
sub-019	19	stability	prob_diff	Long	1	890
sub-019	19	stability	prob_diff	Long	1	811
sub-019	19	stability	prob_diff	Long	1	891
sub-019	19	stability	prob_diff	Long	1	692
sub-019	19	stability	prob_diff	Long	1	923
sub-019	19	stability	prob_diff	Long	1	852
sub-019	19	stability	prob_diff	Long	1	869
sub-019	19	stability	prob_diff	Long	1	1231
sub-019	19	stability	prob_diff	Long	1	791
sub-019	19	stability	prob_diff	Long	1	840
sub-019	19	stability	prob_diff	Long	1	848
sub-019	19	stability	prob_diff	Long	1	921
sub-019	19	stability	prob_diff	Long	1	746
sub-019	19	stability	prob_diff	Long	1	1114
sub-019	19	stability	prob_diff	Short	0	1008
sub-019	19	stability	prob_diff	Short	1	832
sub-019	19	stability	prob_diff	Short	1	832
sub-019	19	stability	prob_diff	Short	1	1129
sub-019	19	stability	prob_diff	Short	1	809
sub-019	19	stability	prob_diff	Short	1	666
sub-019	19	stability	prob_diff	Short	1	850
sub-019	19	stability	prob_diff	Short	1	802
sub-019	19	stability	prob_diff	Short	1	882
sub-019	19	stability	prob_diff	Short	1	643
sub-019	19	stability	prob_diff	Short	1	739
sub-019	19	stability	prob_diff	Short	1	963
sub-019	19	stability	prob_diff	Short	1	636
sub-019	19	stability	prob_diff	Short	1	652
sub-019	19	stability	prob_diff	Short	1	781
sub-019	19	stability	prob_diff	Short	1	629
sub-019	19	stability	prob_diff	Short	1	1364
sub-019	19	stability	prob_diff	Short	1	1020
sub-019	19	stability	prob_diff	Short	1	997
sub-019	19	stability	prob_diff	Short	1	991
sub-019	19	stability	prob_same	Long	1	1222
sub-019	19	stability	prob_same	Long	1	1054
sub-019	19	stability	prob_same	Long	1	824
sub-019	19	stability	prob_same	Long	1	959
sub-019	19	stability	prob_same	Long	1	672
sub-019	19	stability	prob_same	Long	0	1497
sub-019	19	stability	prob_same	Long	1	754
sub-019	19	stability	prob_same	Long	0	869
sub-019	19	stability	prob_same	Long	1	893
sub-019	19	stability	prob_same	Long	1	893
sub-019	19	stability	prob_same	Short	1	1066
sub-019	19	stability	prob_same	Short	1	769
sub-019	19	stability	prob_same	Short	1	962
sub-019	19	stability	prob_same	Short	1	931
sub-019	19	stability	prob_same	Short	1	1116
sub-019	19	stability	prob_same	Short	1	980
sub-019	19	stability	prob_same	Short	1	948
sub-019	19	stability	prob_same	Short	1	652
sub-019	19	stability	prob_same	Short	1	942
sub-019	19	stability	prob_same	Short	1	990
sub-020	20	flexibility	prob_diff	Long	0	0
sub-020	20	flexibility	prob_diff	Long	0	1005
sub-020	20	flexibility	prob_diff	Long	1	926
sub-020	20	flexibility	prob_diff	Long	1	976
sub-020	20	flexibility	prob_diff	Long	0	880
sub-020	20	flexibility	prob_diff	Long	1	841
sub-020	20	flexibility	prob_diff	Long	1	896
sub-020	20	flexibility	prob_diff	Long	1	1057
sub-020	20	flexibility	prob_diff	Long	1	786
sub-020	20	flexibility	prob_diff	Long	1	835
sub-020	20	flexibility	prob_diff	Long	1	780
sub-020	20	flexibility	prob_diff	Long	1	684
sub-020	20	flexibility	prob_diff	Long	1	916
sub-020	20	flexibility	prob_diff	Long	1	893
sub-020	20	flexibility	prob_diff	Long	1	950
sub-020	20	flexibility	prob_diff	Long	1	974
sub-020	20	flexibility	prob_diff	Long	1	1194
sub-020	20	flexibility	prob_diff	Long	1	1165
sub-020	20	flexibility	prob_diff	Long	1	1006
sub-020	20	flexibility	prob_diff	Long	1	1095
sub-020	20	flexibility	prob_diff	Short	1	894
sub-020	20	flexibility	prob_diff	Short	0	1121
sub-020	20	flexibility	prob_diff	Short	1	1074
sub-020	20	flexibility	prob_diff	Short	1	931
sub-020	20	flexibility	prob_diff	Short	1	1123
sub-020	20	flexibility	prob_diff	Short	1	1315
sub-020	20	flexibility	prob_diff	Short	1	915
sub-020	20	flexibility	prob_diff	Short	1	900
sub-020	20	flexibility	prob_diff	Short	1	868
sub-020	20	flexibility	prob_diff	Short	1	949
sub-020	20	flexibility	prob_diff	Short	1	916
sub-020	20	flexibility	prob_diff	Short	1	1085
sub-020	20	flexibility	prob_diff	Short	1	1030
sub-020	20	flexibility	prob_diff	Short	1	951
sub-020	20	flexibility	prob_diff	Short	1	862
sub-020	20	flexibility	prob_diff	Short	1	1095
sub-020	20	flexibility	prob_diff	Short	1	862
sub-020	20	flexibility	prob_diff	Short	1	895
sub-020	20	flexibility	prob_diff	Short	1	879
sub-020	20	flexibility	prob_diff	Short	1	880
sub-020	20	flexibility	prob_same	Long	0	1235
sub-020	20	flexibility	prob_same	Long	1	1085
sub-020	20	flexibility	prob_same	Long	1	951
sub-020	20	flexibility	prob_same	Long	1	983
sub-020	20	flexibility	prob_same	Long	1	1000
sub-020	20	flexibility	prob_same	Long	0	1057
sub-020	20	flexibility	prob_same	Long	1	1100
sub-020	20	flexibility	prob_same	Long	1	917
sub-020	20	flexibility	prob_same	Long	1	1070
sub-020	20	flexibility	prob_same	Long	1	966
sub-020	20	flexibility	prob_same	Short	1	880
sub-020	20	flexibility	prob_same	Short	1	849
sub-020	20	flexibility	prob_same	Short	1	1019
sub-020	20	flexibility	prob_same	Short	1	1019
sub-020	20	flexibility	prob_same	Short	1	932
sub-020	20	flexibility	prob_same	Short	1	1075
sub-020	20	flexibility	prob_same	Short	1	996
sub-020	20	flexibility	prob_same	Short	1	964
sub-020	20	flexibility	prob_same	Short	1	1660
sub-020	20	flexibility	prob_same	Short	1	869
sub-020	20	stability	prob_diff	Long	1	703
sub-020	20	stability	prob_diff	Long	0	775
sub-020	20	stability	prob_diff	Long	1	1170
sub-020	20	stability	prob_diff	Long	1	1004
sub-020	20	stability	prob_diff	Long	1	1136
sub-020	20	stability	prob_diff	Long	1	888
sub-020	20	stability	prob_diff	Long	1	657
sub-020	20	stability	prob_diff	Long	1	674
sub-020	20	stability	prob_diff	Long	1	1226
sub-020	20	stability	prob_diff	Long	1	978
sub-020	20	stability	prob_diff	Long	1	939
sub-020	20	stability	prob_diff	Long	1	765
sub-020	20	stability	prob_diff	Long	1	1325
sub-020	20	stability	prob_diff	Long	1	1038
sub-020	20	stability	prob_diff	Long	1	1000
sub-020	20	stability	prob_diff	Long	1	945
sub-020	20	stability	prob_diff	Long	1	1144
sub-020	20	stability	prob_diff	Long	1	1065
sub-020	20	stability	prob_diff	Long	1	1082
sub-020	20	stability	prob_diff	Long	1	834
sub-020	20	stability	prob_diff	Short	0	1039
sub-020	20	stability	prob_diff	Short	1	951
sub-020	20	stability	prob_diff	Short	1	792
sub-020	20	stability	prob_diff	Short	1	927
sub-020	20	stability	prob_diff	Short	1	713
sub-020	20	stability	prob_diff	Short	1	1153
sub-020	20	stability	prob_diff	Short	1	633
sub-020	20	stability	prob_diff	Short	1	994
sub-020	20	stability	prob_diff	Short	1	914
sub-020	20	stability	prob_diff	Short	1	859
sub-020	20	stability	prob_diff	Short	1	666
sub-020	20	stability	prob_diff	Short	1	595
sub-020	20	stability	prob_diff	Short	1	810
sub-020	20	stability	prob_diff	Short	1	707
sub-020	20	stability	prob_diff	Short	1	683
sub-020	20	stability	prob_diff	Short	1	787
sub-020	20	stability	prob_diff	Short	1	1429
sub-020	20	stability	prob_diff	Short	1	1062
sub-020	20	stability	prob_diff	Short	1	830
sub-020	20	stability	prob_diff	Short	1	1239
sub-020	20	stability	prob_same	Long	1	1189
sub-020	20	stability	prob_same	Long	1	1445
sub-020	20	stability	prob_same	Long	1	958
sub-020	20	stability	prob_same	Long	0	968
sub-020	20	stability	prob_same	Long	1	993
sub-020	20	stability	prob_same	Long	1	1121
sub-020	20	stability	prob_same	Long	1	929
sub-020	20	stability	prob_same	Long	0	970
sub-020	20	stability	prob_same	Long	1	1075
sub-020	20	stability	prob_same	Long	1	1068
sub-020	20	stability	prob_same	Short	1	921
sub-020	20	stability	prob_same	Short	1	825
sub-020	20	stability	prob_same	Short	1	714
sub-020	20	stability	prob_same	Short	1	706
sub-020	20	stability	prob_same	Short	1	891
sub-020	20	stability	prob_same	Short	1	764
sub-020	20	stability	prob_same	Short	1	1436
sub-020	20	stability	prob_same	Short	1	717
sub-020	20	stability	prob_same	Short	1	1077
sub-020	20	stability	prob_same	Short	1	878
sub-021	21	flexibility	prob_diff	Long	1	1713
sub-021	21	flexibility	prob_diff	Long	1	1145
sub-021	21	flexibility	prob_diff	Long	1	1042
sub-021	21	flexibility	prob_diff	Long	1	1194
sub-021	21	flexibility	prob_diff	Long	1	1293
sub-021	21	flexibility	prob_diff	Long	1	1229
sub-021	21	flexibility	prob_diff	Long	1	1126
sub-021	21	flexibility	prob_diff	Long	1	1158
sub-021	21	flexibility	prob_diff	Long	1	1174
sub-021	21	flexibility	prob_diff	Long	1	1063
sub-021	21	flexibility	prob_diff	Long	1	1112
sub-021	21	flexibility	prob_diff	Long	1	1097
sub-021	21	flexibility	prob_diff	Long	1	1345
sub-021	21	flexibility	prob_diff	Long	1	1121
sub-021	21	flexibility	prob_diff	Long	1	1090
sub-021	21	flexibility	prob_diff	Long	1	1123
sub-021	21	flexibility	prob_diff	Long	1	1175
sub-021	21	flexibility	prob_diff	Long	1	1241
sub-021	21	flexibility	prob_diff	Long	1	1124
sub-021	21	flexibility	prob_diff	Long	1	1286
sub-021	21	flexibility	prob_diff	Short	1	1324
sub-021	21	flexibility	prob_diff	Short	1	1605
sub-021	21	flexibility	prob_diff	Short	1	1134
sub-021	21	flexibility	prob_diff	Short	1	1455
sub-021	21	flexibility	prob_diff	Short	1	1127
sub-021	21	flexibility	prob_diff	Short	1	1144
sub-021	21	flexibility	prob_diff	Short	1	1631
sub-021	21	flexibility	prob_diff	Short	1	1095
sub-021	21	flexibility	prob_diff	Short	1	1144
sub-021	21	flexibility	prob_diff	Short	1	1088
sub-021	21	flexibility	prob_diff	Short	1	1121
sub-021	21	flexibility	prob_diff	Short	1	1049
sub-021	21	flexibility	prob_diff	Short	1	1121
sub-021	21	flexibility	prob_diff	Short	1	1026
sub-021	21	flexibility	prob_diff	Short	1	938
sub-021	21	flexibility	prob_diff	Short	1	1547
sub-021	21	flexibility	prob_diff	Short	1	987
sub-021	21	flexibility	prob_diff	Short	1	987
sub-021	21	flexibility	prob_diff	Short	1	972
sub-021	21	flexibility	prob_diff	Short	1	1027
sub-021	21	flexibility	prob_same	Long	0	0
sub-021	21	flexibility	prob_same	Long	1	1602
sub-021	21	flexibility	prob_same	Long	1	1403
sub-021	21	flexibility	prob_same	Long	1	1172
sub-021	21	flexibility	prob_same	Long	1	1452
sub-021	21	flexibility	prob_same	Long	1	1454
sub-021	21	flexibility	prob_same	Long	1	1375
sub-021	21	flexibility	prob_same	Long	1	1207
sub-021	21	flexibility	prob_same	Long	1	1176
sub-021	21	flexibility	prob_same	Long	1	945
sub-021	21	flexibility	prob_same	Short	1	1108
sub-021	21	flexibility	prob_same	Short	1	1517
sub-021	21	flexibility	prob_same	Short	1	933
sub-021	21	flexibility	prob_same	Short	1	853
sub-021	21	flexibility	prob_same	Short	1	1357
sub-021	21	flexibility	prob_same	Short	1	1039
sub-021	21	flexibility	prob_same	Short	1	1479
sub-021	21	flexibility	prob_same	Short	1	976
sub-021	21	flexibility	prob_same	Short	1	1345
sub-021	21	flexibility	prob_same	Short	1	1153
sub-021	21	stability	prob_diff	Long	1	987
sub-021	21	stability	prob_diff	Long	0	0
sub-021	21	stability	prob_diff	Long	1	997
sub-021	21	stability	prob_diff	Long	1	1145
sub-021	21	stability	prob_diff	Long	1	988
sub-021	21	stability	prob_diff	Long	1	1428
sub-021	21	stability	prob_diff	Long	1	981
sub-021	21	stability	prob_diff	Long	1	853
sub-021	21	stability	prob_diff	Long	1	1069
sub-021	21	stability	prob_diff	Long	1	1014
sub-021	21	stability	prob_diff	Long	1	943
sub-021	21	stability	prob_diff	Long	1	863
sub-021	21	stability	prob_diff	Long	1	1008
sub-021	21	stability	prob_diff	Long	1	1338
sub-021	21	stability	prob_diff	Long	1	834
sub-021	21	stability	prob_diff	Long	1	1306
sub-021	21	stability	prob_diff	Long	1	1076
sub-021	21	stability	prob_diff	Long	1	908
sub-021	21	stability	prob_diff	Long	1	829
sub-021	21	stability	prob_diff	Long	1	886
sub-021	21	stability	prob_diff	Short	1	939
sub-021	21	stability	prob_diff	Short	1	819
sub-021	21	stability	prob_diff	Short	1	1027
sub-021	21	stability	prob_diff	Short	0	0
sub-021	21	stability	prob_diff	Short	0	0
sub-021	21	stability	prob_diff	Short	1	915
sub-021	21	stability	prob_diff	Short	1	900
sub-021	21	stability	prob_diff	Short	1	732
sub-021	21	stability	prob_diff	Short	1	949
sub-021	21	stability	prob_diff	Short	1	813
sub-021	21	stability	prob_diff	Short	1	909
sub-021	21	stability	prob_diff	Short	1	893
sub-021	21	stability	prob_diff	Short	1	789
sub-021	21	stability	prob_diff	Short	1	886
sub-021	21	stability	prob_diff	Short	1	847
sub-021	21	stability	prob_diff	Short	1	927
sub-021	21	stability	prob_diff	Short	1	1016
sub-021	21	stability	prob_diff	Short	1	1288
sub-021	21	stability	prob_diff	Short	1	1017
sub-021	21	stability	prob_diff	Short	1	914
sub-021	21	stability	prob_same	Long	1	1048
sub-021	21	stability	prob_same	Long	1	1289
sub-021	21	stability	prob_same	Long	1	1033
sub-021	21	stability	prob_same	Long	1	1034
sub-021	21	stability	prob_same	Long	0	1212
sub-021	21	stability	prob_same	Long	1	1381
sub-021	21	stability	prob_same	Long	1	1030
sub-021	21	stability	prob_same	Long	1	1047
sub-021	21	stability	prob_same	Long	1	1280
sub-021	21	stability	prob_same	Long	1	1010
sub-021	21	stability	prob_same	Short	1	1004
sub-021	21	stability	prob_same	Short	1	974
sub-021	21	stability	prob_same	Short	1	846
sub-021	21	stability	prob_same	Short	1	958
sub-021	21	stability	prob_same	Short	1	1096
sub-021	21	stability	prob_same	Short	1	887
sub-021	21	stability	prob_same	Short	1	896
sub-021	21	stability	prob_same	Short	1	745
sub-021	21	stability	prob_same	Short	1	985
sub-021	21	stability	prob_same	Short	1	793
sub-022	22	flexibility	prob_diff	Long	1	1767
sub-022	22	flexibility	prob_diff	Long	1	1056
sub-022	22	flexibility	prob_diff	Long	1	1272
sub-022	22	flexibility	prob_diff	Long	1	1137
sub-022	22	flexibility	prob_diff	Long	1	1033
sub-022	22	flexibility	prob_diff	Long	1	986
sub-022	22	flexibility	prob_diff	Long	1	1075
sub-022	22	flexibility	prob_diff	Long	1	1020
sub-022	22	flexibility	prob_diff	Long	1	1052
sub-022	22	flexibility	prob_diff	Long	1	1069
sub-022	22	flexibility	prob_diff	Long	1	990
sub-022	22	flexibility	prob_diff	Long	1	982
sub-022	22	flexibility	prob_diff	Long	1	1102
sub-022	22	flexibility	prob_diff	Long	1	1063
sub-022	22	flexibility	prob_diff	Long	1	1000
sub-022	22	flexibility	prob_diff	Long	1	1114
sub-022	22	flexibility	prob_diff	Long	1	1135
sub-022	22	flexibility	prob_diff	Long	1	1057
sub-022	22	flexibility	prob_diff	Long	1	1044
sub-022	22	flexibility	prob_diff	Long	1	1021
sub-022	22	flexibility	prob_diff	Short	1	1548
sub-022	22	flexibility	prob_diff	Short	1	1099
sub-022	22	flexibility	prob_diff	Short	1	1316
sub-022	22	flexibility	prob_diff	Short	1	1174
sub-022	22	flexibility	prob_diff	Short	1	1118
sub-022	22	flexibility	prob_diff	Short	1	847
sub-022	22	flexibility	prob_diff	Short	1	1159
sub-022	22	flexibility	prob_diff	Short	1	1000
sub-022	22	flexibility	prob_diff	Short	1	1016
sub-022	22	flexibility	prob_diff	Short	1	944
sub-022	22	flexibility	prob_diff	Short	1	865
sub-022	22	flexibility	prob_diff	Short	1	921
sub-022	22	flexibility	prob_diff	Short	1	913
sub-022	22	flexibility	prob_diff	Short	1	881
sub-022	22	flexibility	prob_diff	Short	1	929
sub-022	22	flexibility	prob_diff	Short	1	978
sub-022	22	flexibility	prob_diff	Short	1	802
sub-022	22	flexibility	prob_diff	Short	1	883
sub-022	22	flexibility	prob_diff	Short	1	907
sub-022	22	flexibility	prob_diff	Short	1	948
sub-022	22	flexibility	prob_same	Long	1	1712
sub-022	22	flexibility	prob_same	Long	1	1232
sub-022	22	flexibility	prob_same	Long	1	937
sub-022	22	flexibility	prob_same	Long	1	1066
sub-022	22	flexibility	prob_same	Long	1	1298
sub-022	22	flexibility	prob_same	Long	1	1219
sub-022	22	flexibility	prob_same	Long	1	980
sub-022	22	flexibility	prob_same	Long	1	1085
sub-022	22	flexibility	prob_same	Long	1	1093
sub-022	22	flexibility	prob_same	Long	1	1230
sub-022	22	flexibility	prob_same	Short	1	1028
sub-022	22	flexibility	prob_same	Short	1	1021
sub-022	22	flexibility	prob_same	Short	1	910
sub-022	22	flexibility	prob_same	Short	1	911
sub-022	22	flexibility	prob_same	Short	1	895
sub-022	22	flexibility	prob_same	Short	1	950
sub-022	22	flexibility	prob_same	Short	1	920
sub-022	22	flexibility	prob_same	Short	1	1095
sub-022	22	flexibility	prob_same	Short	1	1000
sub-022	22	flexibility	prob_same	Short	1	921
sub-022	22	stability	prob_diff	Long	1	937
sub-022	22	stability	prob_diff	Long	1	1023
sub-022	22	stability	prob_diff	Long	1	913
sub-022	22	stability	prob_diff	Long	1	921
sub-022	22	stability	prob_diff	Long	1	876
sub-022	22	stability	prob_diff	Long	1	931
sub-022	22	stability	prob_diff	Long	1	820
sub-022	22	stability	prob_diff	Long	1	1012
sub-022	22	stability	prob_diff	Long	1	996
sub-022	22	stability	prob_diff	Long	1	797
sub-022	22	stability	prob_diff	Long	1	693
sub-022	22	stability	prob_diff	Long	1	886
sub-022	22	stability	prob_diff	Long	1	935
sub-022	22	stability	prob_diff	Long	1	945
sub-022	22	stability	prob_diff	Long	1	721
sub-022	22	stability	prob_diff	Long	1	586
sub-022	22	stability	prob_diff	Long	1	659
sub-022	22	stability	prob_diff	Long	1	779
sub-022	22	stability	prob_diff	Long	1	804
sub-022	22	stability	prob_diff	Long	1	909
sub-022	22	stability	prob_diff	Short	1	1080
sub-022	22	stability	prob_diff	Short	1	880
sub-022	22	stability	prob_diff	Short	1	1001
sub-022	22	stability	prob_diff	Short	1	929
sub-022	22	stability	prob_diff	Short	1	1066
sub-022	22	stability	prob_diff	Short	1	985
sub-022	22	stability	prob_diff	Short	1	906
sub-022	22	stability	prob_diff	Short	1	898
sub-022	22	stability	prob_diff	Short	1	867
sub-022	22	stability	prob_diff	Short	1	787
sub-022	22	stability	prob_diff	Short	1	852
sub-022	22	stability	prob_diff	Short	1	948
sub-022	22	stability	prob_diff	Short	1	932
sub-022	22	stability	prob_diff	Short	1	821
sub-022	22	stability	prob_diff	Short	1	1141
sub-022	22	stability	prob_diff	Short	1	965
sub-022	22	stability	prob_diff	Short	1	695
sub-022	22	stability	prob_diff	Short	1	831
sub-022	22	stability	prob_diff	Short	1	731
sub-022	22	stability	prob_diff	Short	1	811
sub-022	22	stability	prob_same	Long	1	1244
sub-022	22	stability	prob_same	Long	1	1934
sub-022	22	stability	prob_same	Long	1	942
sub-022	22	stability	prob_same	Long	1	1174
sub-022	22	stability	prob_same	Long	1	896
sub-022	22	stability	prob_same	Long	1	1772
sub-022	22	stability	prob_same	Long	1	980
sub-022	22	stability	prob_same	Long	0	1134
sub-022	22	stability	prob_same	Long	1	1271
sub-022	22	stability	prob_same	Long	1	1688
sub-022	22	stability	prob_same	Short	1	949
sub-022	22	stability	prob_same	Short	1	814
sub-022	22	stability	prob_same	Short	1	1263
sub-022	22	stability	prob_same	Short	1	976
sub-022	22	stability	prob_same	Short	1	680
sub-022	22	stability	prob_same	Short	1	927
sub-022	22	stability	prob_same	Short	1	816
sub-022	22	stability	prob_same	Short	1	809
sub-022	22	stability	prob_same	Short	1	841
sub-022	22	stability	prob_same	Short	1	1033
sub-023	23	flexibility	prob_diff	Long	0	1182
sub-023	23	flexibility	prob_diff	Long	1	1262
sub-023	23	flexibility	prob_diff	Long	1	1023
sub-023	23	flexibility	prob_diff	Long	1	1033
sub-023	23	flexibility	prob_diff	Long	1	1201
sub-023	23	flexibility	prob_diff	Long	0	1698
sub-023	23	flexibility	prob_diff	Long	1	1699
sub-023	23	flexibility	prob_diff	Long	1	1570
sub-023	23	flexibility	prob_diff	Long	0	1219
sub-023	23	flexibility	prob_diff	Long	1	1372
sub-023	23	flexibility	prob_diff	Long	1	1244
sub-023	23	flexibility	prob_diff	Long	1	1125
sub-023	23	flexibility	prob_diff	Long	1	1102
sub-023	23	flexibility	prob_diff	Long	1	983
sub-023	23	flexibility	prob_diff	Long	1	998
sub-023	23	flexibility	prob_diff	Long	0	1159
sub-023	23	flexibility	prob_diff	Long	0	1274
sub-023	23	flexibility	prob_diff	Long	1	1277
sub-023	23	flexibility	prob_diff	Long	1	1217
sub-023	23	flexibility	prob_diff	Long	1	1211
sub-023	23	flexibility	prob_diff	Short	0	1070
sub-023	23	flexibility	prob_diff	Short	0	0
sub-023	23	flexibility	prob_diff	Short	1	1313
sub-023	23	flexibility	prob_diff	Short	0	794
sub-023	23	flexibility	prob_diff	Short	1	1204
sub-023	23	flexibility	prob_diff	Short	1	1180
sub-023	23	flexibility	prob_diff	Short	0	0
sub-023	23	flexibility	prob_diff	Short	1	1245
sub-023	23	flexibility	prob_diff	Short	1	1190
sub-023	23	flexibility	prob_diff	Short	1	1422
sub-023	23	flexibility	prob_diff	Short	1	1111
sub-023	23	flexibility	prob_diff	Short	1	1455
sub-023	23	flexibility	prob_diff	Short	1	1199
sub-023	23	flexibility	prob_diff	Short	1	1152
sub-023	23	flexibility	prob_diff	Short	1	1167
sub-023	23	flexibility	prob_diff	Short	1	943
sub-023	23	flexibility	prob_diff	Short	0	1232
sub-023	23	flexibility	prob_diff	Short	1	993
sub-023	23	flexibility	prob_diff	Short	1	1121
sub-023	23	flexibility	prob_diff	Short	1	978
sub-023	23	flexibility	prob_same	Long	1	1908
sub-023	23	flexibility	prob_same	Long	0	1508
sub-023	23	flexibility	prob_same	Long	1	1070
sub-023	23	flexibility	prob_same	Long	0	991
sub-023	23	flexibility	prob_same	Long	0	1625
sub-023	23	flexibility	prob_same	Long	1	1154
sub-023	23	flexibility	prob_same	Long	1	1258
sub-023	23	flexibility	prob_same	Long	1	1242
sub-023	23	flexibility	prob_same	Long	0	1539
sub-023	23	flexibility	prob_same	Long	1	1174
sub-023	23	flexibility	prob_same	Short	1	1034
sub-023	23	flexibility	prob_same	Short	1	1260
sub-023	23	flexibility	prob_same	Short	1	1028
sub-023	23	flexibility	prob_same	Short	1	996
sub-023	23	flexibility	prob_same	Short	0	1428
sub-023	23	flexibility	prob_same	Short	1	1061
sub-023	23	flexibility	prob_same	Short	1	1214
sub-023	23	flexibility	prob_same	Short	1	1262
sub-023	23	flexibility	prob_same	Short	1	1126
sub-023	23	flexibility	prob_same	Short	0	1040
sub-023	23	stability	prob_diff	Long	0	1317
sub-023	23	stability	prob_diff	Long	1	1565
sub-023	23	stability	prob_diff	Long	1	1911
sub-023	23	stability	prob_diff	Long	0	1208
sub-023	23	stability	prob_diff	Long	0	1976
sub-023	23	stability	prob_diff	Long	0	1497
sub-023	23	stability	prob_diff	Long	1	1162
sub-023	23	stability	prob_diff	Long	1	1273
sub-023	23	stability	prob_diff	Long	1	1258
sub-023	23	stability	prob_diff	Long	1	1123
sub-023	23	stability	prob_diff	Long	0	0
sub-023	23	stability	prob_diff	Long	1	1284
sub-023	23	stability	prob_diff	Long	1	1061
sub-023	23	stability	prob_diff	Long	1	1214
sub-023	23	stability	prob_diff	Long	1	1223
sub-023	23	stability	prob_diff	Long	0	1848
sub-023	23	stability	prob_diff	Long	1	1623
sub-023	23	stability	prob_diff	Long	0	1016
sub-023	23	stability	prob_diff	Long	1	1161
sub-023	23	stability	prob_diff	Long	1	1834
sub-023	23	stability	prob_diff	Short	0	1455
sub-023	23	stability	prob_diff	Short	0	1303
sub-023	23	stability	prob_diff	Short	1	1455
sub-023	23	stability	prob_diff	Short	0	0
sub-023	23	stability	prob_diff	Short	0	0
sub-023	23	stability	prob_diff	Short	1	1456
sub-023	23	stability	prob_diff	Short	0	0
sub-023	23	stability	prob_diff	Short	0	1481
sub-023	23	stability	prob_diff	Short	1	1441
sub-023	23	stability	prob_diff	Short	1	1033
sub-023	23	stability	prob_diff	Short	1	1530
sub-023	23	stability	prob_diff	Short	0	0
sub-023	23	stability	prob_diff	Short	1	1994
sub-023	23	stability	prob_diff	Short	1	1563
sub-023	23	stability	prob_diff	Short	0	139
sub-023	23	stability	prob_diff	Short	1	1084
sub-023	23	stability	prob_diff	Short	1	1364
sub-023	23	stability	prob_diff	Short	0	1325
sub-023	23	stability	prob_diff	Short	0	1550
sub-023	23	stability	prob_diff	Short	1	800
sub-023	23	stability	prob_same	Long	0	1907
sub-023	23	stability	prob_same	Long	0	0
sub-023	23	stability	prob_same	Long	0	0
sub-023	23	stability	prob_same	Long	0	0
sub-023	23	stability	prob_same	Long	0	1391
sub-023	23	stability	prob_same	Long	1	1512
sub-023	23	stability	prob_same	Long	1	1665
sub-023	23	stability	prob_same	Long	0	1251
sub-023	23	stability	prob_same	Long	1	1740
sub-023	23	stability	prob_same	Long	0	1653
sub-023	23	stability	prob_same	Short	1	1818
sub-023	23	stability	prob_same	Short	1	1298
sub-023	23	stability	prob_same	Short	1	1170
sub-023	23	stability	prob_same	Short	1	1043
sub-023	23	stability	prob_same	Short	1	915
sub-023	23	stability	prob_same	Short	0	1165
sub-023	23	stability	prob_same	Short	1	1670
sub-023	23	stability	prob_same	Short	1	1510
sub-023	23	stability	prob_same	Short	0	255
sub-023	23	stability	prob_same	Short	1	799
sub-024	24	flexibility	prob_diff	Long	1	1895
sub-024	24	flexibility	prob_diff	Long	0	0
sub-024	24	flexibility	prob_diff	Long	1	1088
sub-024	24	flexibility	prob_diff	Long	0	0
sub-024	24	flexibility	prob_diff	Long	0	0
sub-024	24	flexibility	prob_diff	Long	0	0
sub-024	24	flexibility	prob_diff	Long	0	0
sub-024	24	flexibility	prob_diff	Long	0	0
sub-024	24	flexibility	prob_diff	Long	1	828
sub-024	24	flexibility	prob_diff	Long	1	932
sub-024	24	flexibility	prob_diff	Long	1	1005
sub-024	24	flexibility	prob_diff	Long	0	0
sub-024	24	flexibility	prob_diff	Long	1	839
sub-024	24	flexibility	prob_diff	Long	0	0
sub-024	24	flexibility	prob_diff	Long	1	1201
sub-024	24	flexibility	prob_diff	Long	0	0
sub-024	24	flexibility	prob_diff	Long	0	0
sub-024	24	flexibility	prob_diff	Long	1	850
sub-024	24	flexibility	prob_diff	Long	0	0
sub-024	24	flexibility	prob_diff	Long	0	0
sub-024	24	flexibility	prob_diff	Short	1	1192
sub-024	24	flexibility	prob_diff	Short	1	1172
sub-024	24	flexibility	prob_diff	Short	0	0
sub-024	24	flexibility	prob_diff	Short	0	0
sub-024	24	flexibility	prob_diff	Short	0	0
sub-024	24	flexibility	prob_diff	Short	1	1070
sub-024	24	flexibility	prob_diff	Short	1	1094
sub-024	24	flexibility	prob_diff	Short	1	943
sub-024	24	flexibility	prob_diff	Short	0	0
sub-024	24	flexibility	prob_diff	Short	1	1263
sub-024	24	flexibility	prob_diff	Short	1	984
sub-024	24	flexibility	prob_diff	Short	1	985
sub-024	24	flexibility	prob_diff	Short	1	881
sub-024	24	flexibility	prob_diff	Short	1	865
sub-024	24	flexibility	prob_diff	Short	1	898
sub-024	24	flexibility	prob_diff	Short	0	0
sub-024	24	flexibility	prob_diff	Short	1	826
sub-024	24	flexibility	prob_diff	Short	0	0
sub-024	24	flexibility	prob_diff	Short	1	875
sub-024	24	flexibility	prob_diff	Short	0	0
sub-024	24	flexibility	prob_same	Long	1	1245
sub-024	24	flexibility	prob_same	Long	1	1126
sub-024	24	flexibility	prob_same	Long	1	774
sub-024	24	flexibility	prob_same	Long	0	0
sub-024	24	flexibility	prob_same	Long	1	1072
sub-024	24	flexibility	prob_same	Long	0	0
sub-024	24	flexibility	prob_same	Long	0	0
sub-024	24	flexibility	prob_same	Long	0	0
sub-024	24	flexibility	prob_same	Long	1	917
sub-024	24	flexibility	prob_same	Long	0	0
sub-024	24	flexibility	prob_same	Short	1	1213
sub-024	24	flexibility	prob_same	Short	0	0
sub-024	24	flexibility	prob_same	Short	1	949
sub-024	24	flexibility	prob_same	Short	1	1302
sub-024	24	flexibility	prob_same	Short	1	990
sub-024	24	flexibility	prob_same	Short	1	1015
sub-024	24	flexibility	prob_same	Short	1	1056
sub-024	24	flexibility	prob_same	Short	0	0
sub-024	24	flexibility	prob_same	Short	1	1289
sub-024	24	flexibility	prob_same	Short	1	1073
sub-024	24	stability	prob_diff	Long	1	1050
sub-024	24	stability	prob_diff	Long	1	923
sub-024	24	stability	prob_diff	Long	1	1102
sub-024	24	stability	prob_diff	Long	1	927
sub-024	24	stability	prob_diff	Long	1	1219
sub-024	24	stability	prob_diff	Long	1	1250
sub-024	24	stability	prob_diff	Long	0	0
sub-024	24	stability	prob_diff	Long	1	699
sub-024	24	stability	prob_diff	Long	1	564
sub-024	24	stability	prob_diff	Long	1	1204
sub-024	24	stability	prob_diff	Long	1	613
sub-024	24	stability	prob_diff	Long	1	766
sub-024	24	stability	prob_diff	Long	1	646
sub-024	24	stability	prob_diff	Long	1	887
sub-024	24	stability	prob_diff	Long	0	1352
sub-024	24	stability	prob_diff	Long	1	1305
sub-024	24	stability	prob_diff	Long	1	881
sub-024	24	stability	prob_diff	Long	1	578
sub-024	24	stability	prob_diff	Long	0	1788
sub-024	24	stability	prob_diff	Long	1	1244
sub-024	24	stability	prob_diff	Short	1	1288
sub-024	24	stability	prob_diff	Short	1	1120
sub-024	24	stability	prob_diff	Short	1	544
sub-024	24	stability	prob_diff	Short	1	1033
sub-024	24	stability	prob_diff	Short	1	754
sub-024	24	stability	prob_diff	Short	1	938
sub-024	24	stability	prob_diff	Short	1	842
sub-024	24	stability	prob_diff	Short	1	786
sub-024	24	stability	prob_diff	Short	1	530
sub-024	24	stability	prob_diff	Short	1	1203
sub-024	24	stability	prob_diff	Short	1	619
sub-024	24	stability	prob_diff	Short	1	844
sub-024	24	stability	prob_diff	Short	1	611
sub-024	24	stability	prob_diff	Short	1	924
sub-024	24	stability	prob_diff	Short	1	828
sub-024	24	stability	prob_diff	Short	1	885
sub-024	24	stability	prob_diff	Short	1	735
sub-024	24	stability	prob_diff	Short	1	648
sub-024	24	stability	prob_diff	Short	1	961
sub-024	24	stability	prob_diff	Short	1	1411
sub-024	24	stability	prob_same	Long	1	1222
sub-024	24	stability	prob_same	Long	0	0
sub-024	24	stability	prob_same	Long	0	1352
sub-024	24	stability	prob_same	Long	1	1681
sub-024	24	stability	prob_same	Long	1	1130
sub-024	24	stability	prob_same	Long	0	0
sub-024	24	stability	prob_same	Long	1	1453
sub-024	24	stability	prob_same	Long	1	942
sub-024	24	stability	prob_same	Long	1	1119
sub-024	24	stability	prob_same	Long	1	935
sub-024	24	stability	prob_same	Short	1	1228
sub-024	24	stability	prob_same	Short	1	901
sub-024	24	stability	prob_same	Short	1	1124
sub-024	24	stability	prob_same	Short	1	1094
sub-024	24	stability	prob_same	Short	1	1022
sub-024	24	stability	prob_same	Short	1	1023
sub-024	24	stability	prob_same	Short	1	751
sub-024	24	stability	prob_same	Short	1	1271
sub-024	24	stability	prob_same	Short	1	704
sub-024	24	stability	prob_same	Short	1	608
sub-025	25	flexibility	prob_diff	Long	1	1311
sub-025	25	flexibility	prob_diff	Long	1	1152
sub-025	25	flexibility	prob_diff	Long	1	1321
sub-025	25	flexibility	prob_diff	Long	1	1026
sub-025	25	flexibility	prob_diff	Long	1	1098
sub-025	25	flexibility	prob_diff	Long	1	1091
sub-025	25	flexibility	prob_diff	Long	1	1715
sub-025	25	flexibility	prob_diff	Long	1	1036
sub-025	25	flexibility	prob_diff	Long	1	1133
sub-025	25	flexibility	prob_diff	Long	1	1142
sub-025	25	flexibility	prob_diff	Long	1	1151
sub-025	25	flexibility	prob_diff	Long	1	1391
sub-025	25	flexibility	prob_diff	Long	1	1080
sub-025	25	flexibility	prob_diff	Long	1	1009
sub-025	25	flexibility	prob_diff	Long	1	945
sub-025	25	flexibility	prob_diff	Long	1	1114
sub-025	25	flexibility	prob_diff	Long	1	1324
sub-025	25	flexibility	prob_diff	Long	1	1156
sub-025	25	flexibility	prob_diff	Long	1	1101
sub-025	25	flexibility	prob_diff	Long	1	1324
sub-025	25	flexibility	prob_diff	Short	1	1306
sub-025	25	flexibility	prob_diff	Short	1	1524
sub-025	25	flexibility	prob_diff	Short	1	1053
sub-025	25	flexibility	prob_diff	Short	1	933
sub-025	25	flexibility	prob_diff	Short	1	1054
sub-025	25	flexibility	prob_diff	Short	1	1134
sub-025	25	flexibility	prob_diff	Short	1	1040
sub-025	25	flexibility	prob_diff	Short	1	991
sub-025	25	flexibility	prob_diff	Short	1	1376
sub-025	25	flexibility	prob_diff	Short	1	1072
sub-025	25	flexibility	prob_diff	Short	1	937
sub-025	25	flexibility	prob_diff	Short	1	961
sub-025	25	flexibility	prob_diff	Short	0	1514
sub-025	25	flexibility	prob_diff	Short	1	914
sub-025	25	flexibility	prob_diff	Short	1	1051
sub-025	25	flexibility	prob_diff	Short	1	931
sub-025	25	flexibility	prob_diff	Short	1	1010
sub-025	25	flexibility	prob_diff	Short	1	1123
sub-025	25	flexibility	prob_diff	Short	1	819
sub-025	25	flexibility	prob_diff	Short	1	1203
sub-025	25	flexibility	prob_same	Long	1	1390
sub-025	25	flexibility	prob_same	Long	1	934
sub-025	25	flexibility	prob_same	Long	1	1296
sub-025	25	flexibility	prob_same	Long	1	1041
sub-025	25	flexibility	prob_same	Long	1	986
sub-025	25	flexibility	prob_same	Long	1	1114
sub-025	25	flexibility	prob_same	Long	1	1092
sub-025	25	flexibility	prob_same	Long	1	1036
sub-025	25	flexibility	prob_same	Long	1	1164
sub-025	25	flexibility	prob_same	Long	1	1175
sub-025	25	flexibility	prob_same	Short	1	942
sub-025	25	flexibility	prob_same	Short	1	990
sub-025	25	flexibility	prob_same	Short	1	943
sub-025	25	flexibility	prob_same	Short	1	935
sub-025	25	flexibility	prob_same	Short	1	960
sub-025	25	flexibility	prob_same	Short	1	1119
sub-025	25	flexibility	prob_same	Short	1	959
sub-025	25	flexibility	prob_same	Short	0	1024
sub-025	25	flexibility	prob_same	Short	1	1073
sub-025	25	flexibility	prob_same	Short	1	889
sub-025	25	stability	prob_diff	Long	1	936
sub-025	25	stability	prob_diff	Long	1	930
sub-025	25	stability	prob_diff	Long	1	653
sub-025	25	stability	prob_diff	Long	1	1239
sub-025	25	stability	prob_diff	Long	1	1219
sub-025	25	stability	prob_diff	Long	1	795
sub-025	25	stability	prob_diff	Long	1	756
sub-025	25	stability	prob_diff	Long	1	893
sub-025	25	stability	prob_diff	Long	1	1158
sub-025	25	stability	prob_diff	Long	1	895
sub-025	25	stability	prob_diff	Long	1	831
sub-025	25	stability	prob_diff	Long	1	809
sub-025	25	stability	prob_diff	Long	1	761
sub-025	25	stability	prob_diff	Long	1	729
sub-025	25	stability	prob_diff	Long	1	954
sub-025	25	stability	prob_diff	Long	1	650
sub-025	25	stability	prob_diff	Long	1	667
sub-025	25	stability	prob_diff	Long	1	652
sub-025	25	stability	prob_diff	Long	1	892
sub-025	25	stability	prob_diff	Long	1	709
sub-025	25	stability	prob_diff	Short	1	904
sub-025	25	stability	prob_diff	Short	0	600
sub-025	25	stability	prob_diff	Short	1	593
sub-025	25	stability	prob_diff	Short	1	809
sub-025	25	stability	prob_diff	Short	1	698
sub-025	25	stability	prob_diff	Short	1	785
sub-025	25	stability	prob_diff	Short	1	666
sub-025	25	stability	prob_diff	Short	1	611
sub-025	25	stability	prob_diff	Short	1	1059
sub-025	25	stability	prob_diff	Short	1	1051
sub-025	25	stability	prob_diff	Short	1	980
sub-025	25	stability	prob_diff	Short	1	1003
sub-025	25	stability	prob_diff	Short	1	604
sub-025	25	stability	prob_diff	Short	1	965
sub-025	25	stability	prob_diff	Short	1	1045
sub-025	25	stability	prob_diff	Short	1	693
sub-025	25	stability	prob_diff	Short	1	735
sub-025	25	stability	prob_diff	Short	1	696
sub-025	25	stability	prob_diff	Short	1	1241
sub-025	25	stability	prob_diff	Short	1	828
sub-025	25	stability	prob_same	Long	0	1476
sub-025	25	stability	prob_same	Long	1	734
sub-025	25	stability	prob_same	Long	1	1503
sub-025	25	stability	prob_same	Long	1	1136
sub-025	25	stability	prob_same	Long	1	915
sub-025	25	stability	prob_same	Long	1	844
sub-025	25	stability	prob_same	Long	1	677
sub-025	25	stability	prob_same	Long	1	734
sub-025	25	stability	prob_same	Long	1	902
sub-025	25	stability	prob_same	Long	1	1328
sub-025	25	stability	prob_same	Short	1	1300
sub-025	25	stability	prob_same	Short	1	621
sub-025	25	stability	prob_same	Short	1	637
sub-025	25	stability	prob_same	Short	0	846
sub-025	25	stability	prob_same	Short	1	670
sub-025	25	stability	prob_same	Short	1	774
sub-025	25	stability	prob_same	Short	1	951
sub-025	25	stability	prob_same	Short	1	936
sub-025	25	stability	prob_same	Short	1	1088
sub-025	25	stability	prob_same	Short	1	921
sub-026	26	flexibility	prob_diff	Long	0	0
sub-026	26	flexibility	prob_diff	Long	1	787
sub-026	26	flexibility	prob_diff	Long	1	859
sub-026	26	flexibility	prob_diff	Long	1	924
sub-026	26	flexibility	prob_diff	Long	1	837
sub-026	26	flexibility	prob_diff	Long	1	726
sub-026	26	flexibility	prob_diff	Long	1	934
sub-026	26	flexibility	prob_diff	Long	1	960
sub-026	26	flexibility	prob_diff	Long	1	697
sub-026	26	flexibility	prob_diff	Long	1	1080
sub-026	26	flexibility	prob_diff	Long	1	1025
sub-026	26	flexibility	prob_diff	Long	1	1026
sub-026	26	flexibility	prob_diff	Long	1	940
sub-026	26	flexibility	prob_diff	Long	1	1004
sub-026	26	flexibility	prob_diff	Long	1	932
sub-026	26	flexibility	prob_diff	Long	1	797
sub-026	26	flexibility	prob_diff	Long	1	1045
sub-026	26	flexibility	prob_diff	Long	1	989
sub-026	26	flexibility	prob_diff	Long	1	902
sub-026	26	flexibility	prob_diff	Long	1	911
sub-026	26	flexibility	prob_diff	Short	1	1036
sub-026	26	flexibility	prob_diff	Short	1	1141
sub-026	26	flexibility	prob_diff	Short	1	901
sub-026	26	flexibility	prob_diff	Short	1	992
sub-026	26	flexibility	prob_diff	Short	1	842
sub-026	26	flexibility	prob_diff	Short	1	1034
sub-026	26	flexibility	prob_diff	Short	1	763
sub-026	26	flexibility	prob_diff	Short	1	802
sub-026	26	flexibility	prob_diff	Short	1	811
sub-026	26	flexibility	prob_diff	Short	1	787
sub-026	26	flexibility	prob_diff	Short	1	836
sub-026	26	flexibility	prob_diff	Short	1	1012
sub-026	26	flexibility	prob_diff	Short	1	876
sub-026	26	flexibility	prob_diff	Short	1	820
sub-026	26	flexibility	prob_diff	Short	1	828
sub-026	26	flexibility	prob_diff	Short	1	948
sub-026	26	flexibility	prob_diff	Short	1	805
sub-026	26	flexibility	prob_diff	Short	1	798
sub-026	26	flexibility	prob_diff	Short	1	901
sub-026	26	flexibility	prob_diff	Short	1	862
sub-026	26	flexibility	prob_same	Long	1	1961
sub-026	26	flexibility	prob_same	Long	1	1171
sub-026	26	flexibility	prob_same	Long	1	948
sub-026	26	flexibility	prob_same	Long	0	989
sub-026	26	flexibility	prob_same	Long	1	1150
sub-026	26	flexibility	prob_same	Long	1	968
sub-026	26	flexibility	prob_same	Long	1	1097
sub-026	26	flexibility	prob_same	Long	1	1330
sub-026	26	flexibility	prob_same	Long	1	962
sub-026	26	flexibility	prob_same	Long	1	898
sub-026	26	flexibility	prob_same	Short	1	984
sub-026	26	flexibility	prob_same	Short	1	1145
sub-026	26	flexibility	prob_same	Short	1	849
sub-026	26	flexibility	prob_same	Short	1	1049
sub-026	26	flexibility	prob_same	Short	1	794
sub-026	26	flexibility	prob_same	Short	1	915
sub-026	26	flexibility	prob_same	Short	1	947
sub-026	26	flexibility	prob_same	Short	1	908
sub-026	26	flexibility	prob_same	Short	1	940
sub-026	26	flexibility	prob_same	Short	1	941
sub-026	26	stability	prob_diff	Long	1	1695
sub-026	26	stability	prob_diff	Long	1	903
sub-026	26	stability	prob_diff	Long	1	1130
sub-026	26	stability	prob_diff	Long	1	923
sub-026	26	stability	prob_diff	Long	1	1118
sub-026	26	stability	prob_diff	Long	1	847
sub-026	26	stability	prob_diff	Long	0	1671
sub-026	26	stability	prob_diff	Long	1	880
sub-026	26	stability	prob_diff	Long	1	969
sub-026	26	stability	prob_diff	Long	1	713
sub-026	26	stability	prob_diff	Long	1	842
sub-026	26	stability	prob_diff	Long	1	882
sub-026	26	stability	prob_diff	Long	1	706
sub-026	26	stability	prob_diff	Long	1	932
sub-026	26	stability	prob_diff	Long	1	883
sub-026	26	stability	prob_diff	Long	1	772
sub-026	26	stability	prob_diff	Long	1	813
sub-026	26	stability	prob_diff	Long	1	824
sub-026	26	stability	prob_diff	Long	1	920
sub-026	26	stability	prob_diff	Long	1	769
sub-026	26	stability	prob_diff	Short	1	1387
sub-026	26	stability	prob_diff	Short	1	740
sub-026	26	stability	prob_diff	Short	1	781
sub-026	26	stability	prob_diff	Short	1	845
sub-026	26	stability	prob_diff	Short	1	734
sub-026	26	stability	prob_diff	Short	1	758
sub-026	26	stability	prob_diff	Short	1	1615
sub-026	26	stability	prob_diff	Short	1	679
sub-026	26	stability	prob_diff	Short	1	670
sub-026	26	stability	prob_diff	Short	0	1702
sub-026	26	stability	prob_diff	Short	1	591
sub-026	26	stability	prob_diff	Short	1	800
sub-026	26	stability	prob_diff	Short	1	799
sub-026	26	stability	prob_diff	Short	1	840
sub-026	26	stability	prob_diff	Short	1	760
sub-026	26	stability	prob_diff	Short	1	793
sub-026	26	stability	prob_diff	Short	1	1155
sub-026	26	stability	prob_diff	Short	0	765
sub-026	26	stability	prob_diff	Short	1	814
sub-026	26	stability	prob_diff	Short	0	742
sub-026	26	stability	prob_same	Long	1	1663
sub-026	26	stability	prob_same	Long	1	962
sub-026	26	stability	prob_same	Long	1	1146
sub-026	26	stability	prob_same	Long	0	1243
sub-026	26	stability	prob_same	Long	1	1091
sub-026	26	stability	prob_same	Long	1	1148
sub-026	26	stability	prob_same	Long	1	1053
sub-026	26	stability	prob_same	Long	1	1414
sub-026	26	stability	prob_same	Long	1	935
sub-026	26	stability	prob_same	Long	0	1160
sub-026	26	stability	prob_same	Short	1	1143
sub-026	26	stability	prob_same	Short	1	864
sub-026	26	stability	prob_same	Short	1	569
sub-026	26	stability	prob_same	Short	1	1217
sub-026	26	stability	prob_same	Short	1	1010
sub-026	26	stability	prob_same	Short	1	986
sub-026	26	stability	prob_same	Short	1	715
sub-026	26	stability	prob_same	Short	1	722
sub-026	26	stability	prob_same	Short	1	764
sub-026	26	stability	prob_same	Short	1	756
sub-027	27	flexibility	prob_diff	Long	1	1462
sub-027	27	flexibility	prob_diff	Long	1	997
sub-027	27	flexibility	prob_diff	Long	1	982
sub-027	27	flexibility	prob_diff	Long	0	1638
sub-027	27	flexibility	prob_diff	Long	1	1047
sub-027	27	flexibility	prob_diff	Long	1	1296
sub-027	27	flexibility	prob_diff	Long	1	1137
sub-027	27	flexibility	prob_diff	Long	1	1185
sub-027	27	flexibility	prob_diff	Long	1	1938
sub-027	27	flexibility	prob_diff	Long	1	1826
sub-027	27	flexibility	prob_diff	Long	1	1002
sub-027	27	flexibility	prob_diff	Long	1	1267
sub-027	27	flexibility	prob_diff	Long	1	972
sub-027	27	flexibility	prob_diff	Long	1	1269
sub-027	27	flexibility	prob_diff	Long	1	1149
sub-027	27	flexibility	prob_diff	Long	1	1391
sub-027	27	flexibility	prob_diff	Long	1	1305
sub-027	27	flexibility	prob_diff	Long	1	1453
sub-027	27	flexibility	prob_diff	Long	1	1143
sub-027	27	flexibility	prob_diff	Long	1	1146
sub-027	27	flexibility	prob_diff	Short	1	1456
sub-027	27	flexibility	prob_diff	Short	1	1410
sub-027	27	flexibility	prob_diff	Short	1	1259
sub-027	27	flexibility	prob_diff	Short	1	1243
sub-027	27	flexibility	prob_diff	Short	1	1060
sub-027	27	flexibility	prob_diff	Short	1	981
sub-027	27	flexibility	prob_diff	Short	1	1117
sub-027	27	flexibility	prob_diff	Short	1	1142
sub-027	27	flexibility	prob_diff	Short	1	1485
sub-027	27	flexibility	prob_diff	Short	1	1206
sub-027	27	flexibility	prob_diff	Short	1	942
sub-027	27	flexibility	prob_diff	Short	1	1063
sub-027	27	flexibility	prob_diff	Short	1	1991
sub-027	27	flexibility	prob_diff	Short	1	887
sub-027	27	flexibility	prob_diff	Short	0	1295
sub-027	27	flexibility	prob_diff	Short	1	1008
sub-027	27	flexibility	prob_diff	Short	1	1545
sub-027	27	flexibility	prob_diff	Short	1	913
sub-027	27	flexibility	prob_diff	Short	1	962
sub-027	27	flexibility	prob_diff	Short	1	969
sub-027	27	flexibility	prob_same	Long	0	1635
sub-027	27	flexibility	prob_same	Long	0	884
sub-027	27	flexibility	prob_same	Long	1	1500
sub-027	27	flexibility	prob_same	Long	1	1093
sub-027	27	flexibility	prob_same	Long	1	1214
sub-027	27	flexibility	prob_same	Long	1	1136
sub-027	27	flexibility	prob_same	Long	1	1265
sub-027	27	flexibility	prob_same	Long	1	1163
sub-027	27	flexibility	prob_same	Long	1	1308
sub-027	27	flexibility	prob_same	Long	1	1261
sub-027	27	flexibility	prob_same	Short	1	1002
sub-027	27	flexibility	prob_same	Short	1	1035
sub-027	27	flexibility	prob_same	Short	1	1347
sub-027	27	flexibility	prob_same	Short	1	1004
sub-027	27	flexibility	prob_same	Short	1	1051
sub-027	27	flexibility	prob_same	Short	1	1420
sub-027	27	flexibility	prob_same	Short	1	1150
sub-027	27	flexibility	prob_same	Short	1	1158
sub-027	27	flexibility	prob_same	Short	1	999
sub-027	27	flexibility	prob_same	Short	1	1655
sub-027	27	stability	prob_diff	Long	0	1839
sub-027	27	stability	prob_diff	Long	1	1516
sub-027	27	stability	prob_diff	Long	1	1141
sub-027	27	stability	prob_diff	Long	1	638
sub-027	27	stability	prob_diff	Long	1	1040
sub-027	27	stability	prob_diff	Long	1	992
sub-027	27	stability	prob_diff	Long	1	954
sub-027	27	stability	prob_diff	Long	1	1418
sub-027	27	stability	prob_diff	Long	1	1235
sub-027	27	stability	prob_diff	Long	1	1036
sub-027	27	stability	prob_diff	Long	1	1044
sub-027	27	stability	prob_diff	Long	1	789
sub-027	27	stability	prob_diff	Long	1	839
sub-027	27	stability	prob_diff	Long	1	1087
sub-027	27	stability	prob_diff	Long	1	848
sub-027	27	stability	prob_diff	Long	1	1192
sub-027	27	stability	prob_diff	Long	1	1056
sub-027	27	stability	prob_diff	Long	1	649
sub-027	27	stability	prob_diff	Long	1	1162
sub-027	27	stability	prob_diff	Long	1	851
sub-027	27	stability	prob_diff	Short	1	790
sub-027	27	stability	prob_diff	Short	1	751
sub-027	27	stability	prob_diff	Short	1	542
sub-027	27	stability	prob_diff	Short	1	1119
sub-027	27	stability	prob_diff	Short	1	759
sub-027	27	stability	prob_diff	Short	1	936
sub-027	27	stability	prob_diff	Short	1	833
sub-027	27	stability	prob_diff	Short	1	920
sub-027	27	stability	prob_diff	Short	1	737
sub-027	27	stability	prob_diff	Short	1	1177
sub-027	27	stability	prob_diff	Short	1	970
sub-027	27	stability	prob_diff	Short	1	714
sub-027	27	stability	prob_diff	Short	1	1066
sub-027	27	stability	prob_diff	Short	1	954
sub-027	27	stability	prob_diff	Short	1	1003
sub-027	27	stability	prob_diff	Short	1	828
sub-027	27	stability	prob_diff	Short	1	828
sub-027	27	stability	prob_diff	Short	1	910
sub-027	27	stability	prob_diff	Short	1	1224
sub-027	27	stability	prob_diff	Short	1	1040
sub-027	27	stability	prob_same	Long	1	883
sub-027	27	stability	prob_same	Long	1	1036
sub-027	27	stability	prob_same	Long	1	854
sub-027	27	stability	prob_same	Long	1	1911
sub-027	27	stability	prob_same	Long	1	920
sub-027	27	stability	prob_same	Long	1	889
sub-027	27	stability	prob_same	Long	1	1115
sub-027	27	stability	prob_same	Long	1	802
sub-027	27	stability	prob_same	Long	1	900
sub-027	27	stability	prob_same	Long	1	853
sub-027	27	stability	prob_same	Short	1	1626
sub-027	27	stability	prob_same	Short	1	939
sub-027	27	stability	prob_same	Short	1	1090
sub-027	27	stability	prob_same	Short	1	883
sub-027	27	stability	prob_same	Short	1	1117
sub-027	27	stability	prob_same	Short	1	1117
sub-027	27	stability	prob_same	Short	1	1069
sub-027	27	stability	prob_same	Short	1	830
sub-027	27	stability	prob_same	Short	1	1310
sub-027	27	stability	prob_same	Short	1	968
sub-028	28	flexibility	prob_diff	Long	0	0
sub-028	28	flexibility	prob_diff	Long	1	1323
sub-028	28	flexibility	prob_diff	Long	1	1900
sub-028	28	flexibility	prob_diff	Long	1	1341
sub-028	28	flexibility	prob_diff	Long	1	902
sub-028	28	flexibility	prob_diff	Long	1	1225
sub-028	28	flexibility	prob_diff	Long	1	1047
sub-028	28	flexibility	prob_diff	Long	1	928
sub-028	28	flexibility	prob_diff	Long	1	1183
sub-028	28	flexibility	prob_diff	Long	1	1216
sub-028	28	flexibility	prob_diff	Long	1	1033
sub-028	28	flexibility	prob_diff	Long	1	1698
sub-028	28	flexibility	prob_diff	Long	1	1131
sub-028	28	flexibility	prob_diff	Long	1	1404
sub-028	28	flexibility	prob_diff	Long	1	1429
sub-028	28	flexibility	prob_diff	Long	1	1093
sub-028	28	flexibility	prob_diff	Long	1	1015
sub-028	28	flexibility	prob_diff	Long	1	1377
sub-028	28	flexibility	prob_diff	Long	1	1357
sub-028	28	flexibility	prob_diff	Long	1	1135
sub-028	28	flexibility	prob_diff	Short	0	0
sub-028	28	flexibility	prob_diff	Short	0	1076
sub-028	28	flexibility	prob_diff	Short	0	0
sub-028	28	flexibility	prob_diff	Short	1	1663
sub-028	28	flexibility	prob_diff	Short	1	1338
sub-028	28	flexibility	prob_diff	Short	1	1018
sub-028	28	flexibility	prob_diff	Short	1	1059
sub-028	28	flexibility	prob_diff	Short	1	1268
sub-028	28	flexibility	prob_diff	Short	1	1435
sub-028	28	flexibility	prob_diff	Short	1	931
sub-028	28	flexibility	prob_diff	Short	1	900
sub-028	28	flexibility	prob_diff	Short	1	803
sub-028	28	flexibility	prob_diff	Short	1	908
sub-028	28	flexibility	prob_diff	Short	1	804
sub-028	28	flexibility	prob_diff	Short	1	797
sub-028	28	flexibility	prob_diff	Short	1	1036
sub-028	28	flexibility	prob_diff	Short	1	1197
sub-028	28	flexibility	prob_diff	Short	1	1742
sub-028	28	flexibility	prob_diff	Short	1	1311
sub-028	28	flexibility	prob_diff	Short	1	1622
sub-028	28	flexibility	prob_same	Long	1	1657
sub-028	28	flexibility	prob_same	Long	1	1258
sub-028	28	flexibility	prob_same	Long	1	1229
sub-028	28	flexibility	prob_same	Long	1	1166
sub-028	28	flexibility	prob_same	Long	1	1214
sub-028	28	flexibility	prob_same	Long	0	0
sub-028	28	flexibility	prob_same	Long	0	1953
sub-028	28	flexibility	prob_same	Long	0	1298
sub-028	28	flexibility	prob_same	Long	0	1211
sub-028	28	flexibility	prob_same	Long	0	0
sub-028	28	flexibility	prob_same	Short	1	1296
sub-028	28	flexibility	prob_same	Short	1	1114
sub-028	28	flexibility	prob_same	Short	1	1234
sub-028	28	flexibility	prob_same	Short	1	1058
sub-028	28	flexibility	prob_same	Short	1	859
sub-028	28	flexibility	prob_same	Short	1	1011
sub-028	28	flexibility	prob_same	Short	1	940
sub-028	28	flexibility	prob_same	Short	1	940
sub-028	28	flexibility	prob_same	Short	1	1117
sub-028	28	flexibility	prob_same	Short	1	1733
sub-028	28	stability	prob_diff	Long	0	1692
sub-028	28	stability	prob_diff	Long	0	0
sub-028	28	stability	prob_diff	Long	0	1617
sub-028	28	stability	prob_diff	Long	0	0
sub-028	28	stability	prob_diff	Long	0	1582
sub-028	28	stability	prob_diff	Long	1	1830
sub-028	28	stability	prob_diff	Long	0	1552
sub-028	28	stability	prob_diff	Long	1	1000
sub-028	28	stability	prob_diff	Long	1	1185
sub-028	28	stability	prob_diff	Long	0	0
sub-028	28	stability	prob_diff	Long	0	0
sub-028	28	stability	prob_diff	Long	1	1747
sub-028	28	stability	prob_diff	Long	1	1068
sub-028	28	stability	prob_diff	Long	1	1117
sub-028	28	stability	prob_diff	Long	0	209
sub-028	28	stability	prob_diff	Long	1	1254
sub-028	28	stability	prob_diff	Long	1	1431
sub-028	28	stability	prob_diff	Long	0	1832
sub-028	28	stability	prob_diff	Long	1	1664
sub-028	28	stability	prob_diff	Long	0	0
sub-028	28	stability	prob_diff	Short	1	1620
sub-028	28	stability	prob_diff	Short	0	1501
sub-028	28	stability	prob_diff	Short	1	701
sub-028	28	stability	prob_diff	Short	0	1582
sub-028	28	stability	prob_diff	Short	0	1214
sub-028	28	stability	prob_diff	Short	0	0
sub-028	28	stability	prob_diff	Short	1	1902
sub-028	28	stability	prob_diff	Short	0	270
sub-028	28	stability	prob_diff	Short	1	1183
sub-028	28	stability	prob_diff	Short	1	1400
sub-028	28	stability	prob_diff	Short	1	1495
sub-028	28	stability	prob_diff	Short	0	1536
sub-028	28	stability	prob_diff	Short	0	0
sub-028	28	stability	prob_diff	Short	0	0
sub-028	28	stability	prob_diff	Short	1	601
sub-028	28	stability	prob_diff	Short	1	1392
sub-028	28	stability	prob_diff	Short	0	1532
sub-028	28	stability	prob_diff	Short	0	1149
sub-028	28	stability	prob_diff	Short	0	1390
sub-028	28	stability	prob_diff	Short	0	0
sub-028	28	stability	prob_same	Long	0	0
sub-028	28	stability	prob_same	Long	0	0
sub-028	28	stability	prob_same	Long	0	1555
sub-028	28	stability	prob_same	Long	0	1124
sub-028	28	stability	prob_same	Long	0	997
sub-028	28	stability	prob_same	Long	0	1052
sub-028	28	stability	prob_same	Long	0	1022
sub-028	28	stability	prob_same	Long	1	1615
sub-028	28	stability	prob_same	Long	0	1719
sub-028	28	stability	prob_same	Long	0	1944
sub-028	28	stability	prob_same	Short	1	1816
sub-028	28	stability	prob_same	Short	0	1192
sub-028	28	stability	prob_same	Short	1	1273
sub-028	28	stability	prob_same	Short	1	1321
sub-028	28	stability	prob_same	Short	1	1225
sub-028	28	stability	prob_same	Short	0	1330
sub-028	28	stability	prob_same	Short	0	1371
sub-028	28	stability	prob_same	Short	1	964
sub-028	28	stability	prob_same	Short	0	957
sub-028	28	stability	prob_same	Short	0	0
sub-029	29	flexibility	prob_diff	Long	0	0
sub-029	29	flexibility	prob_diff	Long	1	1371
sub-029	29	flexibility	prob_diff	Long	1	1084
sub-029	29	flexibility	prob_diff	Long	1	1019
sub-029	29	flexibility	prob_diff	Long	1	1062
sub-029	29	flexibility	prob_diff	Long	1	1022
sub-029	29	flexibility	prob_diff	Long	1	1071
sub-029	29	flexibility	prob_diff	Long	1	983
sub-029	29	flexibility	prob_diff	Long	1	992
sub-029	29	flexibility	prob_diff	Long	1	1080
sub-029	29	flexibility	prob_diff	Long	1	1169
sub-029	29	flexibility	prob_diff	Long	1	1025
sub-029	29	flexibility	prob_diff	Long	1	1114
sub-029	29	flexibility	prob_diff	Long	1	995
sub-029	29	flexibility	prob_diff	Long	1	1124
sub-029	29	flexibility	prob_diff	Long	0	1076
sub-029	29	flexibility	prob_diff	Long	1	1161
sub-029	29	flexibility	prob_diff	Long	1	1090
sub-029	29	flexibility	prob_diff	Long	1	1092
sub-029	29	flexibility	prob_diff	Long	1	1096
sub-029	29	flexibility	prob_diff	Short	1	1300
sub-029	29	flexibility	prob_diff	Short	1	1436
sub-029	29	flexibility	prob_diff	Short	1	1277
sub-029	29	flexibility	prob_diff	Short	1	1102
sub-029	29	flexibility	prob_diff	Short	1	1066
sub-029	29	flexibility	prob_diff	Short	1	955
sub-029	29	flexibility	prob_diff	Short	1	987
sub-029	29	flexibility	prob_diff	Short	1	923
sub-029	29	flexibility	prob_diff	Short	1	1067
sub-029	29	flexibility	prob_diff	Short	1	963
sub-029	29	flexibility	prob_diff	Short	1	1508
sub-029	29	flexibility	prob_diff	Short	1	1036
sub-029	29	flexibility	prob_diff	Short	1	925
sub-029	29	flexibility	prob_diff	Short	1	956
sub-029	29	flexibility	prob_diff	Short	1	877
sub-029	29	flexibility	prob_diff	Short	1	853
sub-029	29	flexibility	prob_diff	Short	1	861
sub-029	29	flexibility	prob_diff	Short	1	926
sub-029	29	flexibility	prob_diff	Short	1	1166
sub-029	29	flexibility	prob_diff	Short	1	998
sub-029	29	flexibility	prob_same	Long	1	1825
sub-029	29	flexibility	prob_same	Long	1	1377
sub-029	29	flexibility	prob_same	Long	1	1628
sub-029	29	flexibility	prob_same	Long	1	1308
sub-029	29	flexibility	prob_same	Long	1	1300
sub-029	29	flexibility	prob_same	Long	1	1125
sub-029	29	flexibility	prob_same	Long	1	1805
sub-029	29	flexibility	prob_same	Long	1	1255
sub-029	29	flexibility	prob_same	Long	1	1249
sub-029	29	flexibility	prob_same	Long	1	1073
sub-029	29	flexibility	prob_same	Short	1	1088
sub-029	29	flexibility	prob_same	Short	1	1040
sub-029	29	flexibility	prob_same	Short	1	1024
sub-029	29	flexibility	prob_same	Short	1	905
sub-029	29	flexibility	prob_same	Short	1	977
sub-029	29	flexibility	prob_same	Short	1	897
sub-029	29	flexibility	prob_same	Short	1	970
sub-029	29	flexibility	prob_same	Short	1	1267
sub-029	29	flexibility	prob_same	Short	1	916
sub-029	29	flexibility	prob_same	Short	1	883
sub-029	29	stability	prob_diff	Long	1	1028
sub-029	29	stability	prob_diff	Long	1	1197
sub-029	29	stability	prob_diff	Long	1	1258
sub-029	29	stability	prob_diff	Long	1	1122
sub-029	29	stability	prob_diff	Long	1	1358
sub-029	29	stability	prob_diff	Long	1	942
sub-029	29	stability	prob_diff	Long	1	791
sub-029	29	stability	prob_diff	Long	1	1023
sub-029	29	stability	prob_diff	Long	1	927
sub-029	29	stability	prob_diff	Long	1	1080
sub-029	29	stability	prob_diff	Long	1	1001
sub-029	29	stability	prob_diff	Long	1	848
sub-029	29	stability	prob_diff	Long	1	1427
sub-029	29	stability	prob_diff	Long	1	900
sub-029	29	stability	prob_diff	Long	1	861
sub-029	29	stability	prob_diff	Long	1	845
sub-029	29	stability	prob_diff	Long	1	838
sub-029	29	stability	prob_diff	Long	1	974
sub-029	29	stability	prob_diff	Long	1	791
sub-029	29	stability	prob_diff	Long	1	824
sub-029	29	stability	prob_diff	Short	1	1012
sub-029	29	stability	prob_diff	Short	1	980
sub-029	29	stability	prob_diff	Short	1	989
sub-029	29	stability	prob_diff	Short	1	1213
sub-029	29	stability	prob_diff	Short	1	1117
sub-029	29	stability	prob_diff	Short	1	998
sub-029	29	stability	prob_diff	Short	1	813
sub-029	29	stability	prob_diff	Short	1	918
sub-029	29	stability	prob_diff	Short	1	1126
sub-029	29	stability	prob_diff	Short	1	1047
sub-029	29	stability	prob_diff	Short	1	1086
sub-029	29	stability	prob_diff	Short	1	951
sub-029	29	stability	prob_diff	Short	1	1079
sub-029	29	stability	prob_diff	Short	1	1040
sub-029	29	stability	prob_diff	Short	1	728
sub-029	29	stability	prob_diff	Short	1	785
sub-029	29	stability	prob_diff	Short	1	889
sub-029	29	stability	prob_diff	Short	1	906
sub-029	29	stability	prob_diff	Short	1	1003
sub-029	29	stability	prob_diff	Short	1	957
sub-029	29	stability	prob_same	Long	1	1481
sub-029	29	stability	prob_same	Long	1	1786
sub-029	29	stability	prob_same	Long	1	1218
sub-029	29	stability	prob_same	Long	1	1027
sub-029	29	stability	prob_same	Long	1	1326
sub-029	29	stability	prob_same	Long	1	1191
sub-029	29	stability	prob_same	Long	1	1056
sub-029	29	stability	prob_same	Long	1	1562
sub-029	29	stability	prob_same	Long	1	1307
sub-029	29	stability	prob_same	Long	1	1019
sub-029	29	stability	prob_same	Short	1	1087
sub-029	29	stability	prob_same	Short	1	1049
sub-029	29	stability	prob_same	Short	1	922
sub-029	29	stability	prob_same	Short	1	787
sub-029	29	stability	prob_same	Short	1	979
sub-029	29	stability	prob_same	Short	1	796
sub-029	29	stability	prob_same	Short	1	861
sub-029	29	stability	prob_same	Short	1	741
sub-029	29	stability	prob_same	Short	1	748
sub-029	29	stability	prob_same	Short	1	885
sub-030	30	flexibility	prob_diff	Long	0	1700
sub-030	30	flexibility	prob_diff	Long	1	965
sub-030	30	flexibility	prob_diff	Long	1	1150
sub-030	30	flexibility	prob_diff	Long	1	1183
sub-030	30	flexibility	prob_diff	Long	1	1055
sub-030	30	flexibility	prob_diff	Long	0	1056
sub-030	30	flexibility	prob_diff	Long	1	1161
sub-030	30	flexibility	prob_diff	Long	1	1025
sub-030	30	flexibility	prob_diff	Long	1	1002
sub-030	30	flexibility	prob_diff	Long	1	1019
sub-030	30	flexibility	prob_diff	Long	1	1971
sub-030	30	flexibility	prob_diff	Long	1	1044
sub-030	30	flexibility	prob_diff	Long	1	941
sub-030	30	flexibility	prob_diff	Long	1	837
sub-030	30	flexibility	prob_diff	Long	1	1078
sub-030	30	flexibility	prob_diff	Long	1	1046
sub-030	30	flexibility	prob_diff	Long	1	1270
sub-030	30	flexibility	prob_diff	Long	1	1087
sub-030	30	flexibility	prob_diff	Long	1	993
sub-030	30	flexibility	prob_diff	Long	1	929
sub-030	30	flexibility	prob_diff	Short	1	1142
sub-030	30	flexibility	prob_diff	Short	1	1342
sub-030	30	flexibility	prob_diff	Short	1	1001
sub-030	30	flexibility	prob_diff	Short	1	1049
sub-030	30	flexibility	prob_diff	Short	1	1299
sub-030	30	flexibility	prob_diff	Short	1	915
sub-030	30	flexibility	prob_diff	Short	1	1932
sub-030	30	flexibility	prob_diff	Short	1	980
sub-030	30	flexibility	prob_diff	Short	1	901
sub-030	30	flexibility	prob_diff	Short	1	957
sub-030	30	flexibility	prob_diff	Short	1	1036
sub-030	30	flexibility	prob_diff	Short	1	1021
sub-030	30	flexibility	prob_diff	Short	1	958
sub-030	30	flexibility	prob_diff	Short	1	1070
sub-030	30	flexibility	prob_diff	Short	1	1039
sub-030	30	flexibility	prob_diff	Short	1	991
sub-030	30	flexibility	prob_diff	Short	1	920
sub-030	30	flexibility	prob_diff	Short	1	1176
sub-030	30	flexibility	prob_diff	Short	1	976
sub-030	30	flexibility	prob_diff	Short	1	1024
sub-030	30	flexibility	prob_same	Long	1	1490
sub-030	30	flexibility	prob_same	Long	1	1235
sub-030	30	flexibility	prob_same	Long	0	1014
sub-030	30	flexibility	prob_same	Long	1	1438
sub-030	30	flexibility	prob_same	Long	1	911
sub-030	30	flexibility	prob_same	Long	1	1071
sub-030	30	flexibility	prob_same	Long	1	1008
sub-030	30	flexibility	prob_same	Long	0	898
sub-030	30	flexibility	prob_same	Long	1	1099
sub-030	30	flexibility	prob_same	Long	0	1420
sub-030	30	flexibility	prob_same	Short	1	946
sub-030	30	flexibility	prob_same	Short	1	954
sub-030	30	flexibility	prob_same	Short	0	827
sub-030	30	flexibility	prob_same	Short	1	1276
sub-030	30	flexibility	prob_same	Short	1	1667
sub-030	30	flexibility	prob_same	Short	1	1100
sub-030	30	flexibility	prob_same	Short	1	1052
sub-030	30	flexibility	prob_same	Short	1	941
sub-030	30	flexibility	prob_same	Short	1	909
sub-030	30	flexibility	prob_same	Short	1	966
sub-030	30	stability	prob_diff	Long	1	908
sub-030	30	stability	prob_diff	Long	1	1310
sub-030	30	stability	prob_diff	Long	1	1110
sub-030	30	stability	prob_diff	Long	0	1258
sub-030	30	stability	prob_diff	Long	0	1687
sub-030	30	stability	prob_diff	Long	1	919
sub-030	30	stability	prob_diff	Long	1	1136
sub-030	30	stability	prob_diff	Long	1	1009
sub-030	30	stability	prob_diff	Long	1	874
sub-030	30	stability	prob_diff	Long	1	697
sub-030	30	stability	prob_diff	Long	1	1202
sub-030	30	stability	prob_diff	Long	1	1251
sub-030	30	stability	prob_diff	Long	1	931
sub-030	30	stability	prob_diff	Long	1	868
sub-030	30	stability	prob_diff	Long	1	885
sub-030	30	stability	prob_diff	Long	1	1007
sub-030	30	stability	prob_diff	Long	1	1182
sub-030	30	stability	prob_diff	Long	1	991
sub-030	30	stability	prob_diff	Long	1	920
sub-030	30	stability	prob_diff	Long	1	833
sub-030	30	stability	prob_diff	Short	1	1309
sub-030	30	stability	prob_diff	Short	1	1654
sub-030	30	stability	prob_diff	Short	1	966
sub-030	30	stability	prob_diff	Short	1	1102
sub-030	30	stability	prob_diff	Short	1	1079
sub-030	30	stability	prob_diff	Short	1	919
sub-030	30	stability	prob_diff	Short	1	983
sub-030	30	stability	prob_diff	Short	1	975
sub-030	30	stability	prob_diff	Short	1	1392
sub-030	30	stability	prob_diff	Short	1	1032
sub-030	30	stability	prob_diff	Short	1	920
sub-030	30	stability	prob_diff	Short	1	1169
sub-030	30	stability	prob_diff	Short	1	817
sub-030	30	stability	prob_diff	Short	1	890
sub-030	30	stability	prob_diff	Short	1	978
sub-030	30	stability	prob_diff	Short	1	963
sub-030	30	stability	prob_diff	Short	0	1069
sub-030	30	stability	prob_diff	Short	1	1151
sub-030	30	stability	prob_diff	Short	1	750
sub-030	30	stability	prob_diff	Short	1	817
sub-030	30	stability	prob_same	Long	0	1634
sub-030	30	stability	prob_same	Long	0	1290
sub-030	30	stability	prob_same	Long	1	1555
sub-030	30	stability	prob_same	Long	1	1044
sub-030	30	stability	prob_same	Long	1	1077
sub-030	30	stability	prob_same	Long	1	1278
sub-030	30	stability	prob_same	Long	0	1657
sub-030	30	stability	prob_same	Long	1	1057
sub-030	30	stability	prob_same	Long	0	1218
sub-030	30	stability	prob_same	Long	1	1010
sub-030	30	stability	prob_same	Short	1	770
sub-030	30	stability	prob_same	Short	1	842
sub-030	30	stability	prob_same	Short	1	801
sub-030	30	stability	prob_same	Short	1	1026
sub-030	30	stability	prob_same	Short	1	1115
sub-030	30	stability	prob_same	Short	1	1147
sub-030	30	stability	prob_same	Short	1	964
sub-030	30	stability	prob_same	Short	1	1165
sub-030	30	stability	prob_same	Short	1	798
sub-030	30	stability	prob_same	Short	1	847
sub-031	31	flexibility	prob_diff	Long	1	1098
sub-031	31	flexibility	prob_diff	Long	1	1394
sub-031	31	flexibility	prob_diff	Long	1	1771
sub-031	31	flexibility	prob_diff	Long	1	1420
sub-031	31	flexibility	prob_diff	Long	1	1413
sub-031	31	flexibility	prob_diff	Long	1	1228
sub-031	31	flexibility	prob_diff	Long	1	1117
sub-031	31	flexibility	prob_diff	Long	1	1157
sub-031	31	flexibility	prob_diff	Long	1	1102
sub-031	31	flexibility	prob_diff	Long	0	1943
sub-031	31	flexibility	prob_diff	Long	1	1175
sub-031	31	flexibility	prob_diff	Long	1	1912
sub-031	31	flexibility	prob_diff	Long	1	1201
sub-031	31	flexibility	prob_diff	Long	1	1489
sub-031	31	flexibility	prob_diff	Long	1	1066
sub-031	31	flexibility	prob_diff	Long	1	1234
sub-031	31	flexibility	prob_diff	Long	1	1283
sub-031	31	flexibility	prob_diff	Long	1	1237
sub-031	31	flexibility	prob_diff	Long	1	1612
sub-031	31	flexibility	prob_diff	Long	1	1229
sub-031	31	flexibility	prob_diff	Short	1	1531
sub-031	31	flexibility	prob_diff	Short	1	1524
sub-031	31	flexibility	prob_diff	Short	0	1124
sub-031	31	flexibility	prob_diff	Short	1	1325
sub-031	31	flexibility	prob_diff	Short	1	1239
sub-031	31	flexibility	prob_diff	Short	1	1774
sub-031	31	flexibility	prob_diff	Short	1	1183
sub-031	31	flexibility	prob_diff	Short	1	1407
sub-031	31	flexibility	prob_diff	Short	1	1376
sub-031	31	flexibility	prob_diff	Short	1	1039
sub-031	31	flexibility	prob_diff	Short	1	1240
sub-031	31	flexibility	prob_diff	Short	1	1769
sub-031	31	flexibility	prob_diff	Short	1	1417
sub-031	31	flexibility	prob_diff	Short	1	1194
sub-031	31	flexibility	prob_diff	Short	1	1522
sub-031	31	flexibility	prob_diff	Short	1	1241
sub-031	31	flexibility	prob_diff	Short	1	938
sub-031	31	flexibility	prob_diff	Short	1	1034
sub-031	31	flexibility	prob_diff	Short	1	1579
sub-031	31	flexibility	prob_diff	Short	1	955
sub-031	31	flexibility	prob_same	Long	1	1329
sub-031	31	flexibility	prob_same	Long	0	682
sub-031	31	flexibility	prob_same	Long	1	1219
sub-031	31	flexibility	prob_same	Long	1	1460
sub-031	31	flexibility	prob_same	Long	1	1228
sub-031	31	flexibility	prob_same	Long	1	957
sub-031	31	flexibility	prob_same	Long	1	974
sub-031	31	flexibility	prob_same	Long	1	1614
sub-031	31	flexibility	prob_same	Long	0	0
sub-031	31	flexibility	prob_same	Long	1	1408
sub-031	31	flexibility	prob_same	Short	1	1116
sub-031	31	flexibility	prob_same	Short	1	1164
sub-031	31	flexibility	prob_same	Short	1	1108
sub-031	31	flexibility	prob_same	Short	1	974
sub-031	31	flexibility	prob_same	Short	1	1382
sub-031	31	flexibility	prob_same	Short	1	967
sub-031	31	flexibility	prob_same	Short	0	1056
sub-031	31	flexibility	prob_same	Short	1	1376
sub-031	31	flexibility	prob_same	Short	1	1336
sub-031	31	flexibility	prob_same	Short	1	1392
sub-031	31	stability	prob_diff	Long	0	0
sub-031	31	stability	prob_diff	Long	1	793
sub-031	31	stability	prob_diff	Long	1	1187
sub-031	31	stability	prob_diff	Long	1	787
sub-031	31	stability	prob_diff	Long	1	1019
sub-031	31	stability	prob_diff	Long	1	900
sub-031	31	stability	prob_diff	Long	1	1165
sub-031	31	stability	prob_diff	Long	0	1158
sub-031	31	stability	prob_diff	Long	1	654
sub-031	31	stability	prob_diff	Long	1	615
sub-031	31	stability	prob_diff	Long	1	784
sub-031	31	stability	prob_diff	Long	1	592
sub-031	31	stability	prob_diff	Long	1	641
sub-031	31	stability	prob_diff	Long	1	674
sub-031	31	stability	prob_diff	Long	1	562
sub-031	31	stability	prob_diff	Long	1	691
sub-031	31	stability	prob_diff	Long	1	659
sub-031	31	stability	prob_diff	Long	1	557
sub-031	31	stability	prob_diff	Long	1	684
sub-031	31	stability	prob_diff	Long	1	741
sub-031	31	stability	prob_diff	Short	1	947
sub-031	31	stability	prob_diff	Short	1	1035
sub-031	31	stability	prob_diff	Short	1	563
sub-031	31	stability	prob_diff	Short	1	659
sub-031	31	stability	prob_diff	Short	1	644
sub-031	31	stability	prob_diff	Short	1	732
sub-031	31	stability	prob_diff	Short	1	677
sub-031	31	stability	prob_diff	Short	1	677
sub-031	31	stability	prob_diff	Short	1	558
sub-031	31	stability	prob_diff	Short	1	670
sub-031	31	stability	prob_diff	Short	1	1454
sub-031	31	stability	prob_diff	Short	1	838
sub-031	31	stability	prob_diff	Short	1	919
sub-031	31	stability	prob_diff	Short	1	847
sub-031	31	stability	prob_diff	Short	1	720
sub-031	31	stability	prob_diff	Short	1	679
sub-031	31	stability	prob_diff	Short	1	592
sub-031	31	stability	prob_diff	Short	0	1130
sub-031	31	stability	prob_diff	Short	1	747
sub-031	31	stability	prob_diff	Short	1	803
sub-031	31	stability	prob_same	Long	1	1375
sub-031	31	stability	prob_same	Long	1	944
sub-031	31	stability	prob_same	Long	1	617
sub-031	31	stability	prob_same	Long	1	602
sub-031	31	stability	prob_same	Long	1	691
sub-031	31	stability	prob_same	Long	0	1365
sub-031	31	stability	prob_same	Long	1	1046
sub-031	31	stability	prob_same	Long	1	1167
sub-031	31	stability	prob_same	Long	1	1353
sub-031	31	stability	prob_same	Long	1	1289
sub-031	31	stability	prob_same	Short	1	1109
sub-031	31	stability	prob_same	Short	1	677
sub-031	31	stability	prob_same	Short	1	846
sub-031	31	stability	prob_same	Short	1	607
sub-031	31	stability	prob_same	Short	1	719
sub-031	31	stability	prob_same	Short	1	1703
sub-031	31	stability	prob_same	Short	1	656
sub-031	31	stability	prob_same	Short	1	560
sub-031	31	stability	prob_same	Short	1	672
sub-031	31	stability	prob_same	Short	1	681
sub-032	32	flexibility	prob_diff	Long	1	1689
sub-032	32	flexibility	prob_diff	Long	1	1033
sub-032	32	flexibility	prob_diff	Long	1	1017
sub-032	32	flexibility	prob_diff	Long	1	1002
sub-032	32	flexibility	prob_diff	Long	1	963
sub-032	32	flexibility	prob_diff	Long	1	1347
sub-032	32	flexibility	prob_diff	Long	1	980
sub-032	32	flexibility	prob_diff	Long	1	988
sub-032	32	flexibility	prob_diff	Long	1	941
sub-032	32	flexibility	prob_diff	Long	1	1166
sub-032	32	flexibility	prob_diff	Long	1	1094
sub-032	32	flexibility	prob_diff	Long	0	1311
sub-032	32	flexibility	prob_diff	Long	1	1311
sub-032	32	flexibility	prob_diff	Long	1	1049
sub-032	32	flexibility	prob_diff	Long	1	1848
sub-032	32	flexibility	prob_diff	Long	1	1034
sub-032	32	flexibility	prob_diff	Long	1	1091
sub-032	32	flexibility	prob_diff	Long	1	1093
sub-032	32	flexibility	prob_diff	Long	1	1089
sub-032	32	flexibility	prob_diff	Long	1	1124
sub-032	32	flexibility	prob_diff	Short	1	1261
sub-032	32	flexibility	prob_diff	Short	1	1509
sub-032	32	flexibility	prob_diff	Short	1	1135
sub-032	32	flexibility	prob_diff	Short	1	999
sub-032	32	flexibility	prob_diff	Short	1	902
sub-032	32	flexibility	prob_diff	Short	1	1230
sub-032	32	flexibility	prob_diff	Short	1	943
sub-032	32	flexibility	prob_diff	Short	1	863
sub-032	32	flexibility	prob_diff	Short	1	935
sub-032	32	flexibility	prob_diff	Short	1	784
sub-032	32	flexibility	prob_diff	Short	1	936
sub-032	32	flexibility	prob_diff	Short	1	1032
sub-032	32	flexibility	prob_diff	Short	1	873
sub-032	32	flexibility	prob_diff	Short	1	960
sub-032	32	flexibility	prob_diff	Short	1	978
sub-032	32	flexibility	prob_diff	Short	1	1658
sub-032	32	flexibility	prob_diff	Short	1	979
sub-032	32	flexibility	prob_diff	Short	1	946
sub-032	32	flexibility	prob_diff	Short	1	1834
sub-032	32	flexibility	prob_diff	Short	1	1051
sub-032	32	flexibility	prob_same	Long	1	1543
sub-032	32	flexibility	prob_same	Long	1	1129
sub-032	32	flexibility	prob_same	Long	1	954
sub-032	32	flexibility	prob_same	Long	1	1203
sub-032	32	flexibility	prob_same	Long	1	1011
sub-032	32	flexibility	prob_same	Long	1	1164
sub-032	32	flexibility	prob_same	Long	1	997
sub-032	32	flexibility	prob_same	Long	1	1183
sub-032	32	flexibility	prob_same	Long	1	1209
sub-032	32	flexibility	prob_same	Long	1	1009
sub-032	32	flexibility	prob_same	Short	1	900
sub-032	32	flexibility	prob_same	Short	1	1077
sub-032	32	flexibility	prob_same	Short	1	1205
sub-032	32	flexibility	prob_same	Short	1	982
sub-032	32	flexibility	prob_same	Short	1	1198
sub-032	32	flexibility	prob_same	Short	1	1015
sub-032	32	flexibility	prob_same	Short	1	911
sub-032	32	flexibility	prob_same	Short	1	951
sub-032	32	flexibility	prob_same	Short	1	1096
sub-032	32	flexibility	prob_same	Short	1	936
sub-032	32	stability	prob_diff	Long	1	786
sub-032	32	stability	prob_diff	Long	1	1047
sub-032	32	stability	prob_diff	Long	1	953
sub-032	32	stability	prob_diff	Long	1	794
sub-032	32	stability	prob_diff	Long	1	947
sub-032	32	stability	prob_diff	Long	1	1076
sub-032	32	stability	prob_diff	Long	1	901
sub-032	32	stability	prob_diff	Long	1	726
sub-032	32	stability	prob_diff	Long	1	1199
sub-032	32	stability	prob_diff	Long	1	542
sub-032	32	stability	prob_diff	Long	1	807
sub-032	32	stability	prob_diff	Long	1	752
sub-032	32	stability	prob_diff	Long	1	721
sub-032	32	stability	prob_diff	Long	1	778
sub-032	32	stability	prob_diff	Long	1	667
sub-032	32	stability	prob_diff	Long	1	883
sub-032	32	stability	prob_diff	Long	1	1003
sub-032	32	stability	prob_diff	Long	1	1268
sub-032	32	stability	prob_diff	Long	1	716
sub-032	32	stability	prob_diff	Long	1	845
sub-032	32	stability	prob_diff	Short	1	875
sub-032	32	stability	prob_diff	Short	1	706
sub-032	32	stability	prob_diff	Short	1	706
sub-032	32	stability	prob_diff	Short	1	867
sub-032	32	stability	prob_diff	Short	1	724
sub-032	32	stability	prob_diff	Short	1	908
sub-032	32	stability	prob_diff	Short	1	716
sub-032	32	stability	prob_diff	Short	1	844
sub-032	32	stability	prob_diff	Short	1	812
sub-032	32	stability	prob_diff	Short	1	1172
sub-032	32	stability	prob_diff	Short	1	757
sub-032	32	stability	prob_diff	Short	1	1365
sub-032	32	stability	prob_diff	Short	1	662
sub-032	32	stability	prob_diff	Short	1	734
sub-032	32	stability	prob_diff	Short	1	583
sub-032	32	stability	prob_diff	Short	1	951
sub-032	32	stability	prob_diff	Short	1	1089
sub-032	32	stability	prob_diff	Short	1	1081
sub-032	32	stability	prob_diff	Short	1	1106
sub-032	32	stability	prob_diff	Short	1	650
sub-032	32	stability	prob_same	Long	1	1344
sub-032	32	stability	prob_same	Long	1	1193
sub-032	32	stability	prob_same	Long	1	954
sub-032	32	stability	prob_same	Long	1	802
sub-032	32	stability	prob_same	Long	0	1149
sub-032	32	stability	prob_same	Long	1	1022
sub-032	32	stability	prob_same	Long	1	910
sub-032	32	stability	prob_same	Long	1	751
sub-032	32	stability	prob_same	Long	1	1095
sub-032	32	stability	prob_same	Long	1	1032
sub-032	32	stability	prob_same	Short	1	1292
sub-032	32	stability	prob_same	Short	1	668
sub-032	32	stability	prob_same	Short	1	837
sub-032	32	stability	prob_same	Short	1	950
sub-032	32	stability	prob_same	Short	1	758
sub-032	32	stability	prob_same	Short	1	863
sub-032	32	stability	prob_same	Short	1	671
sub-032	32	stability	prob_same	Short	1	752
sub-032	32	stability	prob_same	Short	1	760
sub-032	32	stability	prob_same	Short	1	673
sub-033	33	flexibility	prob_diff	Long	1	1838
sub-033	33	flexibility	prob_diff	Long	1	1079
sub-033	33	flexibility	prob_diff	Long	1	1016
sub-033	33	flexibility	prob_diff	Long	1	927
sub-033	33	flexibility	prob_diff	Long	1	903
sub-033	33	flexibility	prob_diff	Long	1	1025
sub-033	33	flexibility	prob_diff	Long	1	1154
sub-033	33	flexibility	prob_diff	Long	1	1059
sub-033	33	flexibility	prob_diff	Long	1	1204
sub-033	33	flexibility	prob_diff	Long	1	1100
sub-033	33	flexibility	prob_diff	Long	1	1285
sub-033	33	flexibility	prob_diff	Long	1	1189
sub-033	33	flexibility	prob_diff	Long	1	1046
sub-033	33	flexibility	prob_diff	Long	1	1302
sub-033	33	flexibility	prob_diff	Long	1	1103
sub-033	33	flexibility	prob_diff	Long	1	1176
sub-033	33	flexibility	prob_diff	Long	1	1336
sub-033	33	flexibility	prob_diff	Long	1	1420
sub-033	33	flexibility	prob_diff	Long	1	1392
sub-033	33	flexibility	prob_diff	Long	1	1650
sub-033	33	flexibility	prob_diff	Short	0	0
sub-033	33	flexibility	prob_diff	Short	1	1450
sub-033	33	flexibility	prob_diff	Short	1	1546
sub-033	33	flexibility	prob_diff	Short	1	1420
sub-033	33	flexibility	prob_diff	Short	1	956
sub-033	33	flexibility	prob_diff	Short	1	1044
sub-033	33	flexibility	prob_diff	Short	1	1836
sub-033	33	flexibility	prob_diff	Short	1	1500
sub-033	33	flexibility	prob_diff	Short	1	1437
sub-033	33	flexibility	prob_diff	Short	0	773
sub-033	33	flexibility	prob_diff	Short	1	1062
sub-033	33	flexibility	prob_diff	Short	1	1118
sub-033	33	flexibility	prob_diff	Short	1	1398
sub-033	33	flexibility	prob_diff	Short	1	839
sub-033	33	flexibility	prob_diff	Short	1	1174
sub-033	33	flexibility	prob_diff	Short	0	1215
sub-033	33	flexibility	prob_diff	Short	1	1167
sub-033	33	flexibility	prob_diff	Short	0	1817
sub-033	33	flexibility	prob_diff	Short	1	1136
sub-033	33	flexibility	prob_diff	Short	1	1049
sub-033	33	flexibility	prob_same	Long	1	1398
sub-033	33	flexibility	prob_same	Long	1	1407
sub-033	33	flexibility	prob_same	Long	1	1039
sub-033	33	flexibility	prob_same	Long	1	1040
sub-033	33	flexibility	prob_same	Long	1	1088
sub-033	33	flexibility	prob_same	Long	1	1161
sub-033	33	flexibility	prob_same	Long	0	1947
sub-033	33	flexibility	prob_same	Long	1	996
sub-033	33	flexibility	prob_same	Long	1	1236
sub-033	33	flexibility	prob_same	Long	1	1533
sub-033	33	flexibility	prob_same	Short	1	930
sub-033	33	flexibility	prob_same	Short	0	707
sub-033	33	flexibility	prob_same	Short	1	1291
sub-033	33	flexibility	prob_same	Short	1	1108
sub-033	33	flexibility	prob_same	Short	1	1684
sub-033	33	flexibility	prob_same	Short	1	1101
sub-033	33	flexibility	prob_same	Short	0	382
sub-033	33	flexibility	prob_same	Short	1	1302
sub-033	33	flexibility	prob_same	Short	1	1629
sub-033	33	flexibility	prob_same	Short	1	1054
sub-033	33	stability	prob_diff	Long	0	1104
sub-033	33	stability	prob_diff	Long	0	945
sub-033	33	stability	prob_diff	Long	1	1067
sub-033	33	stability	prob_diff	Long	1	1364
sub-033	33	stability	prob_diff	Long	1	1873
sub-033	33	stability	prob_diff	Long	1	1129
sub-033	33	stability	prob_diff	Long	1	1306
sub-033	33	stability	prob_diff	Long	1	907
sub-033	33	stability	prob_diff	Long	1	1515
sub-033	33	stability	prob_diff	Long	1	1003
sub-033	33	stability	prob_diff	Long	1	996
sub-033	33	stability	prob_diff	Long	1	1781
sub-033	33	stability	prob_diff	Long	1	1006
sub-033	33	stability	prob_diff	Long	1	767
sub-033	33	stability	prob_diff	Long	1	1007
sub-033	33	stability	prob_diff	Long	1	1040
sub-033	33	stability	prob_diff	Long	1	1168
sub-033	33	stability	prob_diff	Long	1	1009
sub-033	33	stability	prob_diff	Long	1	882
sub-033	33	stability	prob_diff	Long	0	1035
sub-033	33	stability	prob_diff	Short	1	1215
sub-033	33	stability	prob_diff	Short	1	1352
sub-033	33	stability	prob_diff	Short	1	1561
sub-033	33	stability	prob_diff	Short	1	872
sub-033	33	stability	prob_diff	Short	1	920
sub-033	33	stability	prob_diff	Short	1	785
sub-033	33	stability	prob_diff	Short	1	834
sub-033	33	stability	prob_diff	Short	1	1217
sub-033	33	stability	prob_diff	Short	1	769
sub-033	33	stability	prob_diff	Short	1	1082
sub-033	33	stability	prob_diff	Short	1	931
sub-033	33	stability	prob_diff	Short	1	954
sub-033	33	stability	prob_diff	Short	1	963
sub-033	33	stability	prob_diff	Short	1	67
sub-033	33	stability	prob_diff	Short	0	0
sub-033	33	stability	prob_diff	Short	1	52
sub-033	33	stability	prob_diff	Short	1	1460
sub-033	33	stability	prob_diff	Short	1	765
sub-033	33	stability	prob_diff	Short	1	231
sub-033	33	stability	prob_diff	Short	1	871
sub-033	33	stability	prob_same	Long	0	1492
sub-033	33	stability	prob_same	Long	1	893
sub-033	33	stability	prob_same	Long	1	1663
sub-033	33	stability	prob_same	Long	0	1473
sub-033	33	stability	prob_same	Long	1	802
sub-033	33	stability	prob_same	Long	1	890
sub-033	33	stability	prob_same	Long	1	1509
sub-033	33	stability	prob_same	Long	1	1485
sub-033	33	stability	prob_same	Long	1	1069
sub-033	33	stability	prob_same	Long	1	999
sub-033	33	stability	prob_same	Short	1	1274
sub-033	33	stability	prob_same	Short	0	0
sub-033	33	stability	prob_same	Short	0	1362
sub-033	33	stability	prob_same	Short	1	962
sub-033	33	stability	prob_same	Short	1	811
sub-033	33	stability	prob_same	Short	1	820
sub-033	33	stability	prob_same	Short	1	1412
sub-033	33	stability	prob_same	Short	1	1725
sub-033	33	stability	prob_same	Short	1	1277
sub-033	33	stability	prob_same	Short	1	1021
sub-034	34	flexibility	prob_diff	Long	0	1496
sub-034	34	flexibility	prob_diff	Long	1	1296
sub-034	34	flexibility	prob_diff	Long	1	1433
sub-034	34	flexibility	prob_diff	Long	0	1537
sub-034	34	flexibility	prob_diff	Long	1	1386
sub-034	34	flexibility	prob_diff	Long	1	1170
sub-034	34	flexibility	prob_diff	Long	1	1347
sub-034	34	flexibility	prob_diff	Long	1	1204
sub-034	34	flexibility	prob_diff	Long	1	1253
sub-034	34	flexibility	prob_diff	Long	1	1285
sub-034	34	flexibility	prob_diff	Long	1	1406
sub-034	34	flexibility	prob_diff	Long	1	1295
sub-034	34	flexibility	prob_diff	Long	1	1287
sub-034	34	flexibility	prob_diff	Long	1	1240
sub-034	34	flexibility	prob_diff	Long	1	1136
sub-034	34	flexibility	prob_diff	Long	1	1425
sub-034	34	flexibility	prob_diff	Long	0	1269
sub-034	34	flexibility	prob_diff	Long	1	1281
sub-034	34	flexibility	prob_diff	Long	1	1299
sub-034	34	flexibility	prob_diff	Long	1	1292
sub-034	34	flexibility	prob_diff	Short	1	1393
sub-034	34	flexibility	prob_diff	Short	0	1057
sub-034	34	flexibility	prob_diff	Short	1	1396
sub-034	34	flexibility	prob_diff	Short	1	1645
sub-034	34	flexibility	prob_diff	Short	1	1181
sub-034	34	flexibility	prob_diff	Short	1	1101
sub-034	34	flexibility	prob_diff	Short	1	1534
sub-034	34	flexibility	prob_diff	Short	1	1695
sub-034	34	flexibility	prob_diff	Short	1	1303
sub-034	34	flexibility	prob_diff	Short	1	1207
sub-034	34	flexibility	prob_diff	Short	1	1263
sub-034	34	flexibility	prob_diff	Short	1	1279
sub-034	34	flexibility	prob_diff	Short	0	1264
sub-034	34	flexibility	prob_diff	Short	1	1256
sub-034	34	flexibility	prob_diff	Short	1	1384
sub-034	34	flexibility	prob_diff	Short	1	1016
sub-034	34	flexibility	prob_diff	Short	1	1152
sub-034	34	flexibility	prob_diff	Short	0	1241
sub-034	34	flexibility	prob_diff	Short	0	1234
sub-034	34	flexibility	prob_diff	Short	1	1146
sub-034	34	flexibility	prob_same	Long	0	1349
sub-034	34	flexibility	prob_same	Long	1	1183
sub-034	34	flexibility	prob_same	Long	0	1472
sub-034	34	flexibility	prob_same	Long	1	1409
sub-034	34	flexibility	prob_same	Long	0	1148
sub-034	34	flexibility	prob_same	Long	1	1052
sub-034	34	flexibility	prob_same	Long	0	813
sub-034	34	flexibility	prob_same	Long	0	1447
sub-034	34	flexibility	prob_same	Long	1	1368
sub-034	34	flexibility	prob_same	Long	1	1272
sub-034	34	flexibility	prob_same	Short	0	1588
sub-034	34	flexibility	prob_same	Short	1	1363
sub-034	34	flexibility	prob_same	Short	1	1300
sub-034	34	flexibility	prob_same	Short	1	1340
sub-034	34	flexibility	prob_same	Short	0	0
sub-034	34	flexibility	prob_same	Short	1	1100
sub-034	34	flexibility	prob_same	Short	1	1126
sub-034	34	flexibility	prob_same	Short	1	1295
sub-034	34	flexibility	prob_same	Short	1	1647
sub-034	34	flexibility	prob_same	Short	1	1168
sub-034	34	stability	prob_diff	Long	1	1498
sub-034	34	stability	prob_diff	Long	1	906
sub-034	34	stability	prob_diff	Long	1	917
sub-034	34	stability	prob_diff	Long	1	1064
sub-034	34	stability	prob_diff	Long	1	1402
sub-034	34	stability	prob_diff	Long	1	1435
sub-034	34	stability	prob_diff	Long	1	1563
sub-034	34	stability	prob_diff	Long	1	1260
sub-034	34	stability	prob_diff	Long	1	1365
sub-034	34	stability	prob_diff	Long	1	1181
sub-034	34	stability	prob_diff	Long	0	1286
sub-034	34	stability	prob_diff	Long	1	710
sub-034	34	stability	prob_diff	Long	1	1055
sub-034	34	stability	prob_diff	Long	1	1192
sub-034	34	stability	prob_diff	Long	1	912
sub-034	34	stability	prob_diff	Long	1	1041
sub-034	34	stability	prob_diff	Long	1	1370
sub-034	34	stability	prob_diff	Long	1	1538
sub-034	34	stability	prob_diff	Long	1	1106
sub-034	34	stability	prob_diff	Long	1	996
sub-034	34	stability	prob_diff	Short	1	753
sub-034	34	stability	prob_diff	Short	1	1297
sub-034	34	stability	prob_diff	Short	1	898
sub-034	34	stability	prob_diff	Short	1	1378
sub-034	34	stability	prob_diff	Short	1	1123
sub-034	34	stability	prob_diff	Short	1	883
sub-034	34	stability	prob_diff	Short	1	1395
sub-034	34	stability	prob_diff	Short	1	1076
sub-034	34	stability	prob_diff	Short	1	1100
sub-034	34	stability	prob_diff	Short	1	1405
sub-034	34	stability	prob_diff	Short	1	1428
sub-034	34	stability	prob_diff	Short	1	869
sub-034	34	stability	prob_diff	Short	1	733
sub-034	34	stability	prob_diff	Short	1	1206
sub-034	34	stability	prob_diff	Short	1	1006
sub-034	34	stability	prob_diff	Short	1	1062
sub-034	34	stability	prob_diff	Short	1	942
sub-034	34	stability	prob_diff	Short	1	1193
sub-034	34	stability	prob_diff	Short	1	1754
sub-034	34	stability	prob_diff	Short	1	1266
sub-034	34	stability	prob_same	Long	1	1463
sub-034	34	stability	prob_same	Long	1	1432
sub-034	34	stability	prob_same	Long	1	1522
sub-034	34	stability	prob_same	Long	1	914
sub-034	34	stability	prob_same	Long	1	1235
sub-034	34	stability	prob_same	Long	1	779
sub-034	34	stability	prob_same	Long	1	940
sub-034	34	stability	prob_same	Long	1	757
sub-034	34	stability	prob_same	Long	0	1398
sub-034	34	stability	prob_same	Long	1	1416
sub-034	34	stability	prob_same	Short	1	1021
sub-034	34	stability	prob_same	Short	1	756
sub-034	34	stability	prob_same	Short	1	1261
sub-034	34	stability	prob_same	Short	1	853
sub-034	34	stability	prob_same	Short	1	1133
sub-034	34	stability	prob_same	Short	1	1230
sub-034	34	stability	prob_same	Short	1	855
sub-034	34	stability	prob_same	Short	1	1032
sub-034	34	stability	prob_same	Short	1	607
sub-034	34	stability	prob_same	Short	1	1617
sub-035	35	flexibility	prob_diff	Long	1	1127
sub-035	35	flexibility	prob_diff	Long	1	1207
sub-035	35	flexibility	prob_diff	Long	1	1081
sub-035	35	flexibility	prob_diff	Long	1	1305
sub-035	35	flexibility	prob_diff	Long	1	1241
sub-035	35	flexibility	prob_diff	Long	1	1738
sub-035	35	flexibility	prob_diff	Long	1	995
sub-035	35	flexibility	prob_diff	Long	1	1075
sub-035	35	flexibility	prob_diff	Long	0	67
sub-035	35	flexibility	prob_diff	Long	1	1052
sub-035	35	flexibility	prob_diff	Long	1	965
sub-035	35	flexibility	prob_diff	Long	1	1077
sub-035	35	flexibility	prob_diff	Long	1	1030
sub-035	35	flexibility	prob_diff	Long	1	710
sub-035	35	flexibility	prob_diff	Long	1	904
sub-035	35	flexibility	prob_diff	Long	1	967
sub-035	35	flexibility	prob_diff	Long	1	912
sub-035	35	flexibility	prob_diff	Long	1	786
sub-035	35	flexibility	prob_diff	Long	1	1101
sub-035	35	flexibility	prob_diff	Long	1	904
sub-035	35	flexibility	prob_diff	Short	1	1143
sub-035	35	flexibility	prob_diff	Short	1	1056
sub-035	35	flexibility	prob_diff	Short	1	1170
sub-035	35	flexibility	prob_diff	Short	1	1002
sub-035	35	flexibility	prob_diff	Short	1	917
sub-035	35	flexibility	prob_diff	Short	1	837
sub-035	35	flexibility	prob_diff	Short	1	893
sub-035	35	flexibility	prob_diff	Short	0	830
sub-035	35	flexibility	prob_diff	Short	1	1589
sub-035	35	flexibility	prob_diff	Short	1	1053
sub-035	35	flexibility	prob_diff	Short	1	1054
sub-035	35	flexibility	prob_diff	Short	0	0
sub-035	35	flexibility	prob_diff	Short	1	1111
sub-035	35	flexibility	prob_diff	Short	1	943
sub-035	35	flexibility	prob_diff	Short	1	1087
sub-035	35	flexibility	prob_diff	Short	1	1143
sub-035	35	flexibility	prob_diff	Short	1	1016
sub-035	35	flexibility	prob_diff	Short	1	1025
sub-035	35	flexibility	prob_diff	Short	1	1288
sub-035	35	flexibility	prob_diff	Short	1	841
sub-035	35	flexibility	prob_same	Long	0	1076
sub-035	35	flexibility	prob_same	Long	1	1453
sub-035	35	flexibility	prob_same	Long	1	1407
sub-035	35	flexibility	prob_same	Long	1	959
sub-035	35	flexibility	prob_same	Long	1	1153
sub-035	35	flexibility	prob_same	Long	1	1114
sub-035	35	flexibility	prob_same	Long	1	1131
sub-035	35	flexibility	prob_same	Long	1	1268
sub-035	35	flexibility	prob_same	Long	1	868
sub-035	35	flexibility	prob_same	Long	1	934
sub-035	35	flexibility	prob_same	Short	1	1059
sub-035	35	flexibility	prob_same	Short	1	1195
sub-035	35	flexibility	prob_same	Short	1	1003
sub-035	35	flexibility	prob_same	Short	1	996
sub-035	35	flexibility	prob_same	Short	0	1284
sub-035	35	flexibility	prob_same	Short	1	941
sub-035	35	flexibility	prob_same	Short	1	894
sub-035	35	flexibility	prob_same	Short	1	983
sub-035	35	flexibility	prob_same	Short	1	1182
sub-035	35	flexibility	prob_same	Short	1	952
sub-035	35	stability	prob_diff	Long	0	1174
sub-035	35	stability	prob_diff	Long	1	1174
sub-035	35	stability	prob_diff	Long	1	1040
sub-035	35	stability	prob_diff	Long	1	863
sub-035	35	stability	prob_diff	Long	1	714
sub-035	35	stability	prob_diff	Long	0	587
sub-035	35	stability	prob_diff	Long	1	867
sub-035	35	stability	prob_diff	Long	1	988
sub-035	35	stability	prob_diff	Long	1	1092
sub-035	35	stability	prob_diff	Long	1	725
sub-035	35	stability	prob_diff	Long	1	1286
sub-035	35	stability	prob_diff	Long	1	662
sub-035	35	stability	prob_diff	Long	1	672
sub-035	35	stability	prob_diff	Long	1	512
sub-035	35	stability	prob_diff	Long	1	1121
sub-035	35	stability	prob_diff	Long	1	1201
sub-035	35	stability	prob_diff	Long	1	681
sub-035	35	stability	prob_diff	Long	1	803
sub-035	35	stability	prob_diff	Long	1	763
sub-035	35	stability	prob_diff	Long	1	1115
sub-035	35	stability	prob_diff	Short	1	1112
sub-035	35	stability	prob_diff	Short	1	968
sub-035	35	stability	prob_diff	Short	1	1233
sub-035	35	stability	prob_diff	Short	1	793
sub-035	35	stability	prob_diff	Short	1	769
sub-035	35	stability	prob_diff	Short	1	1042
sub-035	35	stability	prob_diff	Short	1	753
sub-035	35	stability	prob_diff	Short	1	1066
sub-035	35	stability	prob_diff	Short	1	971
sub-035	35	stability	prob_diff	Short	1	1003
sub-035	35	stability	prob_diff	Short	1	851
sub-035	35	stability	prob_diff	Short	1	1155
sub-035	35	stability	prob_diff	Short	0	0
sub-035	35	stability	prob_diff	Short	0	0
sub-035	35	stability	prob_diff	Short	1	717
sub-035	35	stability	prob_diff	Short	1	628
sub-035	35	stability	prob_diff	Short	1	1286
sub-035	35	stability	prob_diff	Short	0	727
sub-035	35	stability	prob_diff	Short	1	1273
sub-035	35	stability	prob_diff	Short	1	618
sub-035	35	stability	prob_same	Long	1	989
sub-035	35	stability	prob_same	Long	0	1453
sub-035	35	stability	prob_same	Long	1	1189
sub-035	35	stability	prob_same	Long	1	1087
sub-035	35	stability	prob_same	Long	1	1033
sub-035	35	stability	prob_same	Long	1	945
sub-035	35	stability	prob_same	Long	1	1003
sub-035	35	stability	prob_same	Long	1	715
sub-035	35	stability	prob_same	Long	0	1172
sub-035	35	stability	prob_same	Long	0	894
sub-035	35	stability	prob_same	Short	1	643
sub-035	35	stability	prob_same	Short	1	724
sub-035	35	stability	prob_same	Short	1	652
sub-035	35	stability	prob_same	Short	1	596
sub-035	35	stability	prob_same	Short	1	501
sub-035	35	stability	prob_same	Short	1	1101
sub-035	35	stability	prob_same	Short	1	790
sub-035	35	stability	prob_same	Short	1	863
sub-035	35	stability	prob_same	Short	1	1103
sub-035	35	stability	prob_same	Short	1	831
sub-036	36	flexibility	prob_diff	Long	1	1729
sub-036	36	flexibility	prob_diff	Long	1	1144
sub-036	36	flexibility	prob_diff	Long	1	1017
sub-036	36	flexibility	prob_diff	Long	1	858
sub-036	36	flexibility	prob_diff	Long	1	906
sub-036	36	flexibility	prob_diff	Long	1	906
sub-036	36	flexibility	prob_diff	Long	1	1291
sub-036	36	flexibility	prob_diff	Long	1	1244
sub-036	36	flexibility	prob_diff	Long	1	1004
sub-036	36	flexibility	prob_diff	Long	1	845
sub-036	36	flexibility	prob_diff	Long	1	1014
sub-036	36	flexibility	prob_diff	Long	1	1287
sub-036	36	flexibility	prob_diff	Long	1	1391
sub-036	36	flexibility	prob_diff	Long	1	977
sub-036	36	flexibility	prob_diff	Long	1	985
sub-036	36	flexibility	prob_diff	Long	0	1545
sub-036	36	flexibility	prob_diff	Long	1	1275
sub-036	36	flexibility	prob_diff	Long	1	1258
sub-036	36	flexibility	prob_diff	Long	1	1148
sub-036	36	flexibility	prob_diff	Long	1	1188
sub-036	36	flexibility	prob_diff	Short	1	1459
sub-036	36	flexibility	prob_diff	Short	1	1236
sub-036	36	flexibility	prob_diff	Short	1	1005
sub-036	36	flexibility	prob_diff	Short	0	941
sub-036	36	flexibility	prob_diff	Short	1	1303
sub-036	36	flexibility	prob_diff	Short	1	1216
sub-036	36	flexibility	prob_diff	Short	1	1200
sub-036	36	flexibility	prob_diff	Short	1	1393
sub-036	36	flexibility	prob_diff	Short	1	1105
sub-036	36	flexibility	prob_diff	Short	1	1105
sub-036	36	flexibility	prob_diff	Short	1	1074
sub-036	36	flexibility	prob_diff	Short	1	1306
sub-036	36	flexibility	prob_diff	Short	1	1051
sub-036	36	flexibility	prob_diff	Short	1	1122
sub-036	36	flexibility	prob_diff	Short	1	987
sub-036	36	flexibility	prob_diff	Short	1	1907
sub-036	36	flexibility	prob_diff	Short	1	1019
sub-036	36	flexibility	prob_diff	Short	1	1300
sub-036	36	flexibility	prob_diff	Short	1	1371
sub-036	36	flexibility	prob_diff	Short	1	1163
sub-036	36	flexibility	prob_same	Long	1	1423
sub-036	36	flexibility	prob_same	Long	1	1031
sub-036	36	flexibility	prob_same	Long	1	864
sub-036	36	flexibility	prob_same	Long	1	1377
sub-036	36	flexibility	prob_same	Long	1	1217
sub-036	36	flexibility	prob_same	Long	1	1250
sub-036	36	flexibility	prob_same	Long	1	1316
sub-036	36	flexibility	prob_same	Long	1	1182
sub-036	36	flexibility	prob_same	Long	1	1249
sub-036	36	flexibility	prob_same	Long	1	1353
sub-036	36	flexibility	prob_same	Short	1	1148
sub-036	36	flexibility	prob_same	Short	1	1005
sub-036	36	flexibility	prob_same	Short	1	1101
sub-036	36	flexibility	prob_same	Short	1	1166
sub-036	36	flexibility	prob_same	Short	1	1000
sub-036	36	flexibility	prob_same	Short	1	1280
sub-036	36	flexibility	prob_same	Short	1	1465
sub-036	36	flexibility	prob_same	Short	1	1153
sub-036	36	flexibility	prob_same	Short	1	1969
sub-036	36	flexibility	prob_same	Short	1	1090
sub-036	36	stability	prob_diff	Long	1	1345
sub-036	36	stability	prob_diff	Long	1	991
sub-036	36	stability	prob_diff	Long	1	1287
sub-036	36	stability	prob_diff	Long	1	1314
sub-036	36	stability	prob_diff	Long	1	1420
sub-036	36	stability	prob_diff	Long	1	1300
sub-036	36	stability	prob_diff	Long	1	1133
sub-036	36	stability	prob_diff	Long	1	1101
sub-036	36	stability	prob_diff	Long	1	862
sub-036	36	stability	prob_diff	Long	1	966
sub-036	36	stability	prob_diff	Long	1	951
sub-036	36	stability	prob_diff	Long	1	1095
sub-036	36	stability	prob_diff	Long	1	984
sub-036	36	stability	prob_diff	Long	1	738
sub-036	36	stability	prob_diff	Long	1	1394
sub-036	36	stability	prob_diff	Long	1	923
sub-036	36	stability	prob_diff	Long	1	1157
sub-036	36	stability	prob_diff	Long	1	877
sub-036	36	stability	prob_diff	Long	1	965
sub-036	36	stability	prob_diff	Long	1	926
sub-036	36	stability	prob_diff	Short	1	1410
sub-036	36	stability	prob_diff	Short	1	1225
sub-036	36	stability	prob_diff	Short	1	1026
sub-036	36	stability	prob_diff	Short	1	1058
sub-036	36	stability	prob_diff	Short	1	722
sub-036	36	stability	prob_diff	Short	1	715
sub-036	36	stability	prob_diff	Short	1	779
sub-036	36	stability	prob_diff	Short	1	883
sub-036	36	stability	prob_diff	Short	1	940
sub-036	36	stability	prob_diff	Short	1	1148
sub-036	36	stability	prob_diff	Short	1	773
sub-036	36	stability	prob_diff	Short	1	1310
sub-036	36	stability	prob_diff	Short	1	822
sub-036	36	stability	prob_diff	Short	1	1182
sub-036	36	stability	prob_diff	Short	1	718
sub-036	36	stability	prob_diff	Short	1	958
sub-036	36	stability	prob_diff	Short	1	1167
sub-036	36	stability	prob_diff	Short	1	1072
sub-036	36	stability	prob_diff	Short	1	1369
sub-036	36	stability	prob_diff	Short	1	980
sub-036	36	stability	prob_same	Long	1	1490
sub-036	36	stability	prob_same	Long	1	1658
sub-036	36	stability	prob_same	Long	1	1114
sub-036	36	stability	prob_same	Long	1	1020
sub-036	36	stability	prob_same	Long	1	1140
sub-036	36	stability	prob_same	Long	1	1253
sub-036	36	stability	prob_same	Long	0	1286
sub-036	36	stability	prob_same	Long	1	911
sub-036	36	stability	prob_same	Long	1	767
sub-036	36	stability	prob_same	Long	1	1008
sub-036	36	stability	prob_same	Short	1	1533
sub-036	36	stability	prob_same	Short	1	854
sub-036	36	stability	prob_same	Short	1	879
sub-036	36	stability	prob_same	Short	1	879
sub-036	36	stability	prob_same	Short	1	991
sub-036	36	stability	prob_same	Short	1	784
sub-036	36	stability	prob_same	Short	1	951
sub-036	36	stability	prob_same	Short	1	944
sub-036	36	stability	prob_same	Short	1	1258
sub-036	36	stability	prob_same	Short	1	954
sub-037	37	flexibility	prob_diff	Long	1	1615
sub-037	37	flexibility	prob_diff	Long	1	1601
sub-037	37	flexibility	prob_diff	Long	1	1138
sub-037	37	flexibility	prob_diff	Long	0	1411
sub-037	37	flexibility	prob_diff	Long	1	1339
sub-037	37	flexibility	prob_diff	Long	1	1163
sub-037	37	flexibility	prob_diff	Long	1	1853
sub-037	37	flexibility	prob_diff	Long	1	1837
sub-037	37	flexibility	prob_diff	Long	1	1389
sub-037	37	flexibility	prob_diff	Long	1	1870
sub-037	37	flexibility	prob_diff	Long	1	1767
sub-037	37	flexibility	prob_diff	Long	1	1503
sub-037	37	flexibility	prob_diff	Long	1	1377
sub-037	37	flexibility	prob_diff	Long	1	1337
sub-037	37	flexibility	prob_diff	Long	1	1289
sub-037	37	flexibility	prob_diff	Long	0	1593
sub-037	37	flexibility	prob_diff	Long	1	1188
sub-037	37	flexibility	prob_diff	Long	1	1384
sub-037	37	flexibility	prob_diff	Long	1	1475
sub-037	37	flexibility	prob_diff	Long	0	0
sub-037	37	flexibility	prob_diff	Short	0	1282
sub-037	37	flexibility	prob_diff	Short	1	1252
sub-037	37	flexibility	prob_diff	Short	0	1725
sub-037	37	flexibility	prob_diff	Short	1	1126
sub-037	37	flexibility	prob_diff	Short	0	0
sub-037	37	flexibility	prob_diff	Short	1	1447
sub-037	37	flexibility	prob_diff	Short	1	1351
sub-037	37	flexibility	prob_diff	Short	0	0
sub-037	37	flexibility	prob_diff	Short	1	1432
sub-037	37	flexibility	prob_diff	Short	0	1328
sub-037	37	flexibility	prob_diff	Short	1	1600
sub-037	37	flexibility	prob_diff	Short	1	1217
sub-037	37	flexibility	prob_diff	Short	1	1208
sub-037	37	flexibility	prob_diff	Short	1	1569
sub-037	37	flexibility	prob_diff	Short	1	1817
sub-037	37	flexibility	prob_diff	Short	1	1282
sub-037	37	flexibility	prob_diff	Short	0	1746
sub-037	37	flexibility	prob_diff	Short	1	1202
sub-037	37	flexibility	prob_diff	Short	1	1379
sub-037	37	flexibility	prob_diff	Short	1	1211
sub-037	37	flexibility	prob_same	Long	1	1431
sub-037	37	flexibility	prob_same	Long	1	1095
sub-037	37	flexibility	prob_same	Long	1	1455
sub-037	37	flexibility	prob_same	Long	1	1313
sub-037	37	flexibility	prob_same	Long	1	1801
sub-037	37	flexibility	prob_same	Long	1	1451
sub-037	37	flexibility	prob_same	Long	1	1532
sub-037	37	flexibility	prob_same	Long	1	1389
sub-037	37	flexibility	prob_same	Long	1	1663
sub-037	37	flexibility	prob_same	Long	1	1463
sub-037	37	flexibility	prob_same	Short	0	253
sub-037	37	flexibility	prob_same	Short	1	1141
sub-037	37	flexibility	prob_same	Short	0	0
sub-037	37	flexibility	prob_same	Short	0	1005
sub-037	37	flexibility	prob_same	Short	1	1895
sub-037	37	flexibility	prob_same	Short	1	1247
sub-037	37	flexibility	prob_same	Short	1	1520
sub-037	37	flexibility	prob_same	Short	0	72
sub-037	37	flexibility	prob_same	Short	1	1408
sub-037	37	flexibility	prob_same	Short	1	1362
sub-037	37	stability	prob_diff	Long	1	784
sub-037	37	stability	prob_diff	Long	1	833
sub-037	37	stability	prob_diff	Long	0	1299
sub-037	37	stability	prob_diff	Long	1	1735
sub-037	37	stability	prob_diff	Long	1	1050
sub-037	37	stability	prob_diff	Long	1	804
sub-037	37	stability	prob_diff	Long	1	1076
sub-037	37	stability	prob_diff	Long	1	1805
sub-037	37	stability	prob_diff	Long	1	1214
sub-037	37	stability	prob_diff	Long	1	1454
sub-037	37	stability	prob_diff	Long	1	1095
sub-037	37	stability	prob_diff	Long	1	447
sub-037	37	stability	prob_diff	Long	0	0
sub-037	37	stability	prob_diff	Long	1	865
sub-037	37	stability	prob_diff	Long	1	697
sub-037	37	stability	prob_diff	Long	1	954
sub-037	37	stability	prob_diff	Long	1	955
sub-037	37	stability	prob_diff	Long	0	0
sub-037	37	stability	prob_diff	Long	1	900
sub-037	37	stability	prob_diff	Long	1	1622
sub-037	37	stability	prob_diff	Short	1	1337
sub-037	37	stability	prob_diff	Short	1	818
sub-037	37	stability	prob_diff	Short	1	1001
sub-037	37	stability	prob_diff	Short	1	874
sub-037	37	stability	prob_diff	Short	0	1115
sub-037	37	stability	prob_diff	Short	1	978
sub-037	37	stability	prob_diff	Short	1	739
sub-037	37	stability	prob_diff	Short	1	1379
sub-037	37	stability	prob_diff	Short	1	923
sub-037	37	stability	prob_diff	Short	1	1315
sub-037	37	stability	prob_diff	Short	1	764
sub-037	37	stability	prob_diff	Short	1	987
sub-037	37	stability	prob_diff	Short	1	780
sub-037	37	stability	prob_diff	Short	1	1069
sub-037	37	stability	prob_diff	Short	1	1045
sub-037	37	stability	prob_diff	Short	1	1126
sub-037	37	stability	prob_diff	Short	1	1111
sub-037	37	stability	prob_diff	Short	1	591
sub-037	37	stability	prob_diff	Short	1	802
sub-037	37	stability	prob_diff	Short	1	851
sub-037	37	stability	prob_same	Long	1	1509
sub-037	37	stability	prob_same	Long	1	1294
sub-037	37	stability	prob_same	Long	1	993
sub-037	37	stability	prob_same	Long	1	922
sub-037	37	stability	prob_same	Long	1	1740
sub-037	37	stability	prob_same	Long	1	1092
sub-037	37	stability	prob_same	Long	1	821
sub-037	37	stability	prob_same	Long	0	1933
sub-037	37	stability	prob_same	Long	1	1511
sub-037	37	stability	prob_same	Long	1	864
sub-037	37	stability	prob_same	Short	1	1285
sub-037	37	stability	prob_same	Short	1	918
sub-037	37	stability	prob_same	Short	1	1478
sub-037	37	stability	prob_same	Short	1	1094
sub-037	37	stability	prob_same	Short	0	79
sub-037	37	stability	prob_same	Short	0	910
sub-037	37	stability	prob_same	Short	1	1639
sub-037	37	stability	prob_same	Short	0	984
sub-037	37	stability	prob_same	Short	1	1393
sub-037	37	stability	prob_same	Short	1	1057
sub-038	38	flexibility	prob_diff	Long	1	1798
sub-038	38	flexibility	prob_diff	Long	1	1598
sub-038	38	flexibility	prob_diff	Long	1	1222
sub-038	38	flexibility	prob_diff	Long	1	1247
sub-038	38	flexibility	prob_diff	Long	1	1159
sub-038	38	flexibility	prob_diff	Long	1	1183
sub-038	38	flexibility	prob_diff	Long	1	1160
sub-038	38	flexibility	prob_diff	Long	1	1113
sub-038	38	flexibility	prob_diff	Long	1	1257
sub-038	38	flexibility	prob_diff	Long	1	1195
sub-038	38	flexibility	prob_diff	Long	1	1276
sub-038	38	flexibility	prob_diff	Long	1	1108
sub-038	38	flexibility	prob_diff	Long	1	981
sub-038	38	flexibility	prob_diff	Long	1	973
sub-038	38	flexibility	prob_diff	Long	1	1558
sub-038	38	flexibility	prob_diff	Long	1	1039
sub-038	38	flexibility	prob_diff	Long	1	1072
sub-038	38	flexibility	prob_diff	Long	1	1233
sub-038	38	flexibility	prob_diff	Long	1	988
sub-038	38	flexibility	prob_diff	Long	1	1037
sub-038	38	flexibility	prob_diff	Short	1	1799
sub-038	38	flexibility	prob_diff	Short	1	1392
sub-038	38	flexibility	prob_diff	Short	1	1425
sub-038	38	flexibility	prob_diff	Short	1	1394
sub-038	38	flexibility	prob_diff	Short	1	1052
sub-038	38	flexibility	prob_diff	Short	1	1068
sub-038	38	flexibility	prob_diff	Short	1	1037
sub-038	38	flexibility	prob_diff	Short	1	1077
sub-038	38	flexibility	prob_diff	Short	1	1142
sub-038	38	flexibility	prob_diff	Short	1	1422
sub-038	38	flexibility	prob_diff	Short	1	1046
sub-038	38	flexibility	prob_diff	Short	1	1015
sub-038	38	flexibility	prob_diff	Short	1	1103
sub-038	38	flexibility	prob_diff	Short	1	1472
sub-038	38	flexibility	prob_diff	Short	1	919
sub-038	38	flexibility	prob_diff	Short	1	992
sub-038	38	flexibility	prob_diff	Short	1	728
sub-038	38	flexibility	prob_diff	Short	1	1361
sub-038	38	flexibility	prob_diff	Short	1	1145
sub-038	38	flexibility	prob_diff	Short	1	833
sub-038	38	flexibility	prob_same	Long	1	1612
sub-038	38	flexibility	prob_same	Long	1	1405
sub-038	38	flexibility	prob_same	Long	1	1342
sub-038	38	flexibility	prob_same	Long	1	1046
sub-038	38	flexibility	prob_same	Long	1	1864
sub-038	38	flexibility	prob_same	Long	1	1144
sub-038	38	flexibility	prob_same	Long	1	1072
sub-038	38	flexibility	prob_same	Long	1	1177
sub-038	38	flexibility	prob_same	Long	1	930
sub-038	38	flexibility	prob_same	Long	1	923
sub-038	38	flexibility	prob_same	Short	1	922
sub-038	38	flexibility	prob_same	Short	1	1139
sub-038	38	flexibility	prob_same	Short	1	963
sub-038	38	flexibility	prob_same	Short	0	23
sub-038	38	flexibility	prob_same	Short	1	821
sub-038	38	flexibility	prob_same	Short	1	965
sub-038	38	flexibility	prob_same	Short	1	862
sub-038	38	flexibility	prob_same	Short	1	942
sub-038	38	flexibility	prob_same	Short	1	862
sub-038	38	flexibility	prob_same	Short	1	1087
sub-038	38	stability	prob_diff	Long	1	833
sub-038	38	stability	prob_diff	Long	1	851
sub-038	38	stability	prob_diff	Long	1	996
sub-038	38	stability	prob_diff	Long	1	918
sub-038	38	stability	prob_diff	Long	1	833
sub-038	38	stability	prob_diff	Long	1	762
sub-038	38	stability	prob_diff	Long	1	771
sub-038	38	stability	prob_diff	Long	1	875
sub-038	38	stability	prob_diff	Long	1	1108
sub-038	38	stability	prob_diff	Long	1	940
sub-038	38	stability	prob_diff	Long	1	1302
sub-038	38	stability	prob_diff	Long	1	806
sub-038	38	stability	prob_diff	Long	1	951
sub-038	38	stability	prob_diff	Long	1	1152
sub-038	38	stability	prob_diff	Long	1	872
sub-038	38	stability	prob_diff	Long	1	904
sub-038	38	stability	prob_diff	Long	1	1010
sub-038	38	stability	prob_diff	Long	1	954
sub-038	38	stability	prob_diff	Long	1	889
sub-038	38	stability	prob_diff	Long	1	1155
sub-038	38	stability	prob_diff	Short	1	1063
sub-038	38	stability	prob_diff	Short	1	911
sub-038	38	stability	prob_diff	Short	1	1631
sub-038	38	stability	prob_diff	Short	1	1191
sub-038	38	stability	prob_diff	Short	1	952
sub-038	38	stability	prob_diff	Short	1	960
sub-038	38	stability	prob_diff	Short	1	929
sub-038	38	stability	prob_diff	Short	1	1136
sub-038	38	stability	prob_diff	Short	1	1306
sub-038	38	stability	prob_diff	Short	1	770
sub-038	38	stability	prob_diff	Short	1	618
sub-038	38	stability	prob_diff	Short	1	947
sub-038	38	stability	prob_diff	Short	1	1027
sub-038	38	stability	prob_diff	Short	1	1203
sub-038	38	stability	prob_diff	Short	1	1068
sub-038	38	stability	prob_diff	Short	1	1052
sub-038	38	stability	prob_diff	Short	1	1012
sub-038	38	stability	prob_diff	Short	1	701
sub-038	38	stability	prob_diff	Short	1	1142
sub-038	38	stability	prob_diff	Short	1	889
sub-038	38	stability	prob_same	Long	1	1322
sub-038	38	stability	prob_same	Long	1	1116
sub-038	38	stability	prob_same	Long	1	1022
sub-038	38	stability	prob_same	Long	1	1592
sub-038	38	stability	prob_same	Long	1	993
sub-038	38	stability	prob_same	Long	1	826
sub-038	38	stability	prob_same	Long	1	851
sub-038	38	stability	prob_same	Long	1	909
sub-038	38	stability	prob_same	Long	1	1045
sub-038	38	stability	prob_same	Long	1	1069
sub-038	38	stability	prob_same	Short	1	841
sub-038	38	stability	prob_same	Short	1	858
sub-038	38	stability	prob_same	Short	1	1674
sub-038	38	stability	prob_same	Short	1	747
sub-038	38	stability	prob_same	Short	1	892
sub-038	38	stability	prob_same	Short	1	860
sub-038	38	stability	prob_same	Short	1	1020
sub-038	38	stability	prob_same	Short	1	901
sub-038	38	stability	prob_same	Short	1	813
sub-038	38	stability	prob_same	Short	1	943
sub-039	39	flexibility	prob_diff	Long	0	0
sub-039	39	flexibility	prob_diff	Long	1	864
sub-039	39	flexibility	prob_diff	Long	1	1024
sub-039	39	flexibility	prob_diff	Long	1	1177
sub-039	39	flexibility	prob_diff	Long	1	970
sub-039	39	flexibility	prob_diff	Long	1	723
sub-039	39	flexibility	prob_diff	Long	1	1163
sub-039	39	flexibility	prob_diff	Long	1	820
sub-039	39	flexibility	prob_diff	Long	1	933
sub-039	39	flexibility	prob_diff	Long	1	925
sub-039	39	flexibility	prob_diff	Long	1	911
sub-039	39	flexibility	prob_diff	Long	1	1046
sub-039	39	flexibility	prob_diff	Long	1	880
sub-039	39	flexibility	prob_diff	Long	1	1000
sub-039	39	flexibility	prob_diff	Long	1	840
sub-039	39	flexibility	prob_diff	Long	1	929
sub-039	39	flexibility	prob_diff	Long	1	1247
sub-039	39	flexibility	prob_diff	Long	1	1577
sub-039	39	flexibility	prob_diff	Long	1	1099
sub-039	39	flexibility	prob_diff	Long	1	1197
sub-039	39	flexibility	prob_diff	Short	1	896
sub-039	39	flexibility	prob_diff	Short	1	1059
sub-039	39	flexibility	prob_diff	Short	0	788
sub-039	39	flexibility	prob_diff	Short	1	932
sub-039	39	flexibility	prob_diff	Short	1	1038
sub-039	39	flexibility	prob_diff	Short	1	1038
sub-039	39	flexibility	prob_diff	Short	1	1126
sub-039	39	flexibility	prob_diff	Short	1	1055
sub-039	39	flexibility	prob_diff	Short	1	927
sub-039	39	flexibility	prob_diff	Short	1	1199
sub-039	39	flexibility	prob_diff	Short	1	1000
sub-039	39	flexibility	prob_diff	Short	0	785
sub-039	39	flexibility	prob_diff	Short	1	911
sub-039	39	flexibility	prob_diff	Short	1	1120
sub-039	39	flexibility	prob_diff	Short	1	849
sub-039	39	flexibility	prob_diff	Short	1	952
sub-039	39	flexibility	prob_diff	Short	1	1105
sub-039	39	flexibility	prob_diff	Short	1	978
sub-039	39	flexibility	prob_diff	Short	1	914
sub-039	39	flexibility	prob_diff	Short	1	875
sub-039	39	flexibility	prob_same	Long	1	1149
sub-039	39	flexibility	prob_same	Long	1	1319
sub-039	39	flexibility	prob_same	Long	1	1112
sub-039	39	flexibility	prob_same	Long	1	801
sub-039	39	flexibility	prob_same	Long	1	1169
sub-039	39	flexibility	prob_same	Long	1	996
sub-039	39	flexibility	prob_same	Long	1	925
sub-039	39	flexibility	prob_same	Long	1	926
sub-039	39	flexibility	prob_same	Long	1	1118
sub-039	39	flexibility	prob_same	Long	1	1190
sub-039	39	flexibility	prob_same	Short	1	964
sub-039	39	flexibility	prob_same	Short	1	876
sub-039	39	flexibility	prob_same	Short	1	1222
sub-039	39	flexibility	prob_same	Short	1	1029
sub-039	39	flexibility	prob_same	Short	1	1261
sub-039	39	flexibility	prob_same	Short	1	1191
sub-039	39	flexibility	prob_same	Short	1	1694
sub-039	39	flexibility	prob_same	Short	1	983
sub-039	39	flexibility	prob_same	Short	1	982
sub-039	39	flexibility	prob_same	Short	1	1120
sub-039	39	stability	prob_diff	Long	0	0
sub-039	39	stability	prob_diff	Long	0	1516
sub-039	39	stability	prob_diff	Long	1	1182
sub-039	39	stability	prob_diff	Long	1	1056
sub-039	39	stability	prob_diff	Long	1	1282
sub-039	39	stability	prob_diff	Long	1	979
sub-039	39	stability	prob_diff	Long	1	1331
sub-039	39	stability	prob_diff	Long	1	956
sub-039	39	stability	prob_diff	Long	1	1092
sub-039	39	stability	prob_diff	Long	1	965
sub-039	39	stability	prob_diff	Long	1	933
sub-039	39	stability	prob_diff	Long	1	782
sub-039	39	stability	prob_diff	Long	1	686
sub-039	39	stability	prob_diff	Long	1	800
sub-039	39	stability	prob_diff	Long	1	1201
sub-039	39	stability	prob_diff	Long	1	1194
sub-039	39	stability	prob_diff	Long	1	1050
sub-039	39	stability	prob_diff	Long	1	946
sub-039	39	stability	prob_diff	Long	1	1083
sub-039	39	stability	prob_diff	Long	1	972
sub-039	39	stability	prob_diff	Short	1	1225
sub-039	39	stability	prob_diff	Short	1	1226
sub-039	39	stability	prob_diff	Short	1	946
sub-039	39	stability	prob_diff	Short	1	1282
sub-039	39	stability	prob_diff	Short	1	1018
sub-039	39	stability	prob_diff	Short	1	987
sub-039	39	stability	prob_diff	Short	1	987
sub-039	39	stability	prob_diff	Short	1	1307
sub-039	39	stability	prob_diff	Short	1	875
sub-039	39	stability	prob_diff	Short	1	1292
sub-039	39	stability	prob_diff	Short	1	820
sub-039	39	stability	prob_diff	Short	1	1196
sub-039	39	stability	prob_diff	Short	1	1172
sub-039	39	stability	prob_diff	Short	1	1421
sub-039	39	stability	prob_diff	Short	1	917
sub-039	39	stability	prob_diff	Short	1	934
sub-039	39	stability	prob_diff	Short	1	982
sub-039	39	stability	prob_diff	Short	0	903
sub-039	39	stability	prob_diff	Short	1	1425
sub-039	39	stability	prob_diff	Short	1	1225
sub-039	39	stability	prob_same	Long	1	1263
sub-039	39	stability	prob_same	Long	1	1520
sub-039	39	stability	prob_same	Long	1	1441
sub-039	39	stability	prob_same	Long	0	1081
sub-039	39	stability	prob_same	Long	0	0
sub-039	39	stability	prob_same	Long	1	1083
sub-039	39	stability	prob_same	Long	1	1932
sub-039	39	stability	prob_same	Long	1	1348
sub-039	39	stability	prob_same	Long	1	1333
sub-039	39	stability	prob_same	Long	1	1487
sub-039	39	stability	prob_same	Short	1	1547
sub-039	39	stability	prob_same	Short	1	1052
sub-039	39	stability	prob_same	Short	1	1116
sub-039	39	stability	prob_same	Short	1	1845
sub-039	39	stability	prob_same	Short	1	894
sub-039	39	stability	prob_same	Short	1	807
sub-039	39	stability	prob_same	Short	1	1023
sub-039	39	stability	prob_same	Short	1	824
sub-039	39	stability	prob_same	Short	1	1096
sub-039	39	stability	prob_same	Short	1	969
sub-040	40	flexibility	prob_diff	Long	1	1282
sub-040	40	flexibility	prob_diff	Long	0	1170
sub-040	40	flexibility	prob_diff	Long	1	891
sub-040	40	flexibility	prob_diff	Long	1	931
sub-040	40	flexibility	prob_diff	Long	1	924
sub-040	40	flexibility	prob_diff	Long	1	957
sub-040	40	flexibility	prob_diff	Long	1	1054
sub-040	40	flexibility	prob_diff	Long	1	1086
sub-040	40	flexibility	prob_diff	Long	1	855
sub-040	40	flexibility	prob_diff	Long	1	1047
sub-040	40	flexibility	prob_diff	Long	1	1088
sub-040	40	flexibility	prob_diff	Long	1	841
sub-040	40	flexibility	prob_diff	Long	1	866
sub-040	40	flexibility	prob_diff	Long	1	1049
sub-040	40	flexibility	prob_diff	Long	0	1027
sub-040	40	flexibility	prob_diff	Long	1	756
sub-040	40	flexibility	prob_diff	Long	1	812
sub-040	40	flexibility	prob_diff	Long	1	1029
sub-040	40	flexibility	prob_diff	Long	1	895
sub-040	40	flexibility	prob_diff	Long	1	1048
sub-040	40	flexibility	prob_diff	Short	1	971
sub-040	40	flexibility	prob_diff	Short	1	1302
sub-040	40	flexibility	prob_diff	Short	1	998
sub-040	40	flexibility	prob_diff	Short	1	847
sub-040	40	flexibility	prob_diff	Short	1	880
sub-040	40	flexibility	prob_diff	Short	1	1009
sub-040	40	flexibility	prob_diff	Short	1	920
sub-040	40	flexibility	prob_diff	Short	1	809
sub-040	40	flexibility	prob_diff	Short	1	841
sub-040	40	flexibility	prob_diff	Short	1	794
sub-040	40	flexibility	prob_diff	Short	1	777
sub-040	40	flexibility	prob_diff	Short	1	987
sub-040	40	flexibility	prob_diff	Short	1	898
sub-040	40	flexibility	prob_diff	Short	1	962
sub-040	40	flexibility	prob_diff	Short	1	834
sub-040	40	flexibility	prob_diff	Short	1	843
sub-040	40	flexibility	prob_diff	Short	0	771
sub-040	40	flexibility	prob_diff	Short	1	995
sub-040	40	flexibility	prob_diff	Short	1	828
sub-040	40	flexibility	prob_diff	Short	1	980
sub-040	40	flexibility	prob_same	Long	1	1827
sub-040	40	flexibility	prob_same	Long	1	867
sub-040	40	flexibility	prob_same	Long	1	1052
sub-040	40	flexibility	prob_same	Long	1	1141
sub-040	40	flexibility	prob_same	Long	1	1102
sub-040	40	flexibility	prob_same	Long	1	1007
sub-040	40	flexibility	prob_same	Long	1	1024
sub-040	40	flexibility	prob_same	Long	1	1065
sub-040	40	flexibility	prob_same	Long	1	882
sub-040	40	flexibility	prob_same	Long	1	1074
sub-040	40	flexibility	prob_same	Short	1	790
sub-040	40	flexibility	prob_same	Short	0	223
sub-040	40	flexibility	prob_same	Short	1	1231
sub-040	40	flexibility	prob_same	Short	1	1071
sub-040	40	flexibility	prob_same	Short	1	992
sub-040	40	flexibility	prob_same	Short	1	999
sub-040	40	flexibility	prob_same	Short	1	1016
sub-040	40	flexibility	prob_same	Short	1	856
sub-040	40	flexibility	prob_same	Short	1	841
sub-040	40	flexibility	prob_same	Short	1	850
sub-040	40	stability	prob_diff	Long	1	1027
sub-040	40	stability	prob_diff	Long	0	1172
sub-040	40	stability	prob_diff	Long	1	697
sub-040	40	stability	prob_diff	Long	1	691
sub-040	40	stability	prob_diff	Long	1	893
sub-040	40	stability	prob_diff	Long	0	1022
sub-040	40	stability	prob_diff	Long	1	750
sub-040	40	stability	prob_diff	Long	1	903
sub-040	40	stability	prob_diff	Long	1	1056
sub-040	40	stability	prob_diff	Long	1	1305
sub-040	40	stability	prob_diff	Long	1	922
sub-040	40	stability	prob_diff	Long	1	739
sub-040	40	stability	prob_diff	Long	1	883
sub-040	40	stability	prob_diff	Long	1	892
sub-040	40	stability	prob_diff	Long	1	828
sub-040	40	stability	prob_diff	Long	1	700
sub-040	40	stability	prob_diff	Long	1	901
sub-040	40	stability	prob_diff	Long	1	765
sub-040	40	stability	prob_diff	Long	1	822
sub-040	40	stability	prob_diff	Long	1	799
sub-040	40	stability	prob_diff	Short	1	1099
sub-040	40	stability	prob_diff	Short	1	772
sub-040	40	stability	prob_diff	Short	1	916
sub-040	40	stability	prob_diff	Short	1	1004
sub-040	40	stability	prob_diff	Short	1	860
sub-040	40	stability	prob_diff	Short	1	549
sub-040	40	stability	prob_diff	Short	1	781
sub-040	40	stability	prob_diff	Short	1	773
sub-040	40	stability	prob_diff	Short	1	742
sub-040	40	stability	prob_diff	Short	1	646
sub-040	40	stability	prob_diff	Short	1	598
sub-040	40	stability	prob_diff	Short	1	1101
sub-040	40	stability	prob_diff	Short	1	967
sub-040	40	stability	prob_diff	Short	1	783
sub-040	40	stability	prob_diff	Short	1	760
sub-040	40	stability	prob_diff	Short	1	784
sub-040	40	stability	prob_diff	Short	0	914
sub-040	40	stability	prob_diff	Short	1	987
sub-040	40	stability	prob_diff	Short	1	972
sub-040	40	stability	prob_diff	Short	1	789
sub-040	40	stability	prob_same	Long	1	1369
sub-040	40	stability	prob_same	Long	1	1033
sub-040	40	stability	prob_same	Long	1	834
sub-040	40	stability	prob_same	Long	1	1346
sub-040	40	stability	prob_same	Long	1	763
sub-040	40	stability	prob_same	Long	1	700
sub-040	40	stability	prob_same	Long	1	894
sub-040	40	stability	prob_same	Long	1	1280
sub-040	40	stability	prob_same	Long	1	1160
sub-040	40	stability	prob_same	Long	1	1570
sub-040	40	stability	prob_same	Short	1	734
sub-040	40	stability	prob_same	Short	1	630
sub-040	40	stability	prob_same	Short	1	751
sub-040	40	stability	prob_same	Short	1	791
sub-040	40	stability	prob_same	Short	1	704
sub-040	40	stability	prob_same	Short	1	848
sub-040	40	stability	prob_same	Short	1	784
sub-040	40	stability	prob_same	Short	1	713
sub-040	40	stability	prob_same	Short	1	762
sub-040	40	stability	prob_same	Short	1	866
sub-041	41	flexibility	prob_diff	Long	0	1630
sub-041	41	flexibility	prob_diff	Long	1	815
sub-041	41	flexibility	prob_diff	Long	1	919
sub-041	41	flexibility	prob_diff	Long	1	832
sub-041	41	flexibility	prob_diff	Long	1	1289
sub-041	41	flexibility	prob_diff	Long	1	858
sub-041	41	flexibility	prob_diff	Long	1	866
sub-041	41	flexibility	prob_diff	Long	1	891
sub-041	41	flexibility	prob_diff	Long	1	1075
sub-041	41	flexibility	prob_diff	Long	1	1196
sub-041	41	flexibility	prob_diff	Long	1	940
sub-041	41	flexibility	prob_diff	Long	1	788
sub-041	41	flexibility	prob_diff	Long	1	806
sub-041	41	flexibility	prob_diff	Long	1	1015
sub-041	41	flexibility	prob_diff	Long	1	887
sub-041	41	flexibility	prob_diff	Long	1	1584
sub-041	41	flexibility	prob_diff	Long	1	1193
sub-041	41	flexibility	prob_diff	Long	1	802
sub-041	41	flexibility	prob_diff	Long	1	1017
sub-041	41	flexibility	prob_diff	Long	1	986
sub-041	41	flexibility	prob_diff	Short	1	928
sub-041	41	flexibility	prob_diff	Short	1	923
sub-041	41	flexibility	prob_diff	Short	1	916
sub-041	41	flexibility	prob_diff	Short	1	829
sub-041	41	flexibility	prob_diff	Short	1	916
sub-041	41	flexibility	prob_diff	Short	1	910
sub-041	41	flexibility	prob_diff	Short	1	829
sub-041	41	flexibility	prob_diff	Short	1	1214
sub-041	41	flexibility	prob_diff	Short	1	983
sub-041	41	flexibility	prob_diff	Short	1	831
sub-041	41	flexibility	prob_diff	Short	1	791
sub-041	41	flexibility	prob_diff	Short	1	903
sub-041	41	flexibility	prob_diff	Short	1	824
sub-041	41	flexibility	prob_diff	Short	1	1168
sub-041	41	flexibility	prob_diff	Short	1	937
sub-041	41	flexibility	prob_diff	Short	1	681
sub-041	41	flexibility	prob_diff	Short	1	761
sub-041	41	flexibility	prob_diff	Short	1	833
sub-041	41	flexibility	prob_diff	Short	1	826
sub-041	41	flexibility	prob_diff	Short	1	739
sub-041	41	flexibility	prob_same	Long	1	1853
sub-041	41	flexibility	prob_same	Long	1	1135
sub-041	41	flexibility	prob_same	Long	1	1072
sub-041	41	flexibility	prob_same	Long	1	955
sub-041	41	flexibility	prob_same	Long	1	987
sub-041	41	flexibility	prob_same	Long	1	1005
sub-041	41	flexibility	prob_same	Long	1	950
sub-041	41	flexibility	prob_same	Long	1	966
sub-041	41	flexibility	prob_same	Long	1	831
sub-041	41	flexibility	prob_same	Long	1	1072
sub-041	41	flexibility	prob_same	Short	1	875
sub-041	41	flexibility	prob_same	Short	1	835
sub-041	41	flexibility	prob_same	Short	1	1003
sub-041	41	flexibility	prob_same	Short	1	876
sub-041	41	flexibility	prob_same	Short	1	845
sub-041	41	flexibility	prob_same	Short	1	845
sub-041	41	flexibility	prob_same	Short	1	823
sub-041	41	flexibility	prob_same	Short	1	879
sub-041	41	flexibility	prob_same	Short	1	888
sub-041	41	flexibility	prob_same	Short	1	745
sub-041	41	stability	prob_diff	Long	0	969
sub-041	41	stability	prob_diff	Long	1	1157
sub-041	41	stability	prob_diff	Long	0	1343
sub-041	41	stability	prob_diff	Long	1	1161
sub-041	41	stability	prob_diff	Long	1	1065
sub-041	41	stability	prob_diff	Long	1	827
sub-041	41	stability	prob_diff	Long	0	828
sub-041	41	stability	prob_diff	Long	1	892
sub-041	41	stability	prob_diff	Long	1	805
sub-041	41	stability	prob_diff	Long	0	1189
sub-041	41	stability	prob_diff	Long	1	1326
sub-041	41	stability	prob_diff	Long	1	1022
sub-041	41	stability	prob_diff	Long	1	935
sub-041	41	stability	prob_diff	Long	1	1175
sub-041	41	stability	prob_diff	Long	1	616
sub-041	41	stability	prob_diff	Long	1	840
sub-041	41	stability	prob_diff	Long	1	954
sub-041	41	stability	prob_diff	Long	1	971
sub-041	41	stability	prob_diff	Long	1	1291
sub-041	41	stability	prob_diff	Long	1	1300
sub-041	41	stability	prob_diff	Short	1	1089
sub-041	41	stability	prob_diff	Short	1	1008
sub-041	41	stability	prob_diff	Short	1	961
sub-041	41	stability	prob_diff	Short	1	921
sub-041	41	stability	prob_diff	Short	0	809
sub-041	41	stability	prob_diff	Short	1	657
sub-041	41	stability	prob_diff	Short	1	858
sub-041	41	stability	prob_diff	Short	1	746
sub-041	41	stability	prob_diff	Short	1	907
sub-041	41	stability	prob_diff	Short	1	956
sub-041	41	stability	prob_diff	Short	1	803
sub-041	41	stability	prob_diff	Short	1	876
sub-041	41	stability	prob_diff	Short	0	773
sub-041	41	stability	prob_diff	Short	1	884
sub-041	41	stability	prob_diff	Short	1	893
sub-041	41	stability	prob_diff	Short	1	646
sub-041	41	stability	prob_diff	Short	1	765
sub-041	41	stability	prob_diff	Short	1	1006
sub-041	41	stability	prob_diff	Short	1	1256
sub-041	41	stability	prob_diff	Short	1	953
sub-041	41	stability	prob_same	Long	1	1557
sub-041	41	stability	prob_same	Long	0	1590
sub-041	41	stability	prob_same	Long	1	1334
sub-041	41	stability	prob_same	Long	1	1641
sub-041	41	stability	prob_same	Long	1	1273
sub-041	41	stability	prob_same	Long	0	1514
sub-041	41	stability	prob_same	Long	1	811
sub-041	41	stability	prob_same	Long	1	868
sub-041	41	stability	prob_same	Long	1	876
sub-041	41	stability	prob_same	Long	1	1127
sub-041	41	stability	prob_same	Short	0	1163
sub-041	41	stability	prob_same	Short	1	979
sub-041	41	stability	prob_same	Short	1	1013
sub-041	41	stability	prob_same	Short	0	1077
sub-041	41	stability	prob_same	Short	1	974
sub-041	41	stability	prob_same	Short	1	949
sub-041	41	stability	prob_same	Short	1	550
sub-041	41	stability	prob_same	Short	1	814
sub-041	41	stability	prob_same	Short	1	1063
sub-041	41	stability	prob_same	Short	1	672
sub-042	42	flexibility	prob_diff	Long	1	1361
sub-042	42	flexibility	prob_diff	Long	1	1058
sub-042	42	flexibility	prob_diff	Long	1	1107
sub-042	42	flexibility	prob_diff	Long	1	1139
sub-042	42	flexibility	prob_diff	Long	1	1091
sub-042	42	flexibility	prob_diff	Long	1	1092
sub-042	42	flexibility	prob_diff	Long	1	1077
sub-042	42	flexibility	prob_diff	Long	1	1126
sub-042	42	flexibility	prob_diff	Long	1	950
sub-042	42	flexibility	prob_diff	Long	1	1119
sub-042	42	flexibility	prob_diff	Long	1	968
sub-042	42	flexibility	prob_diff	Long	1	1000
sub-042	42	flexibility	prob_diff	Long	1	1056
sub-042	42	flexibility	prob_diff	Long	1	1001
sub-042	42	flexibility	prob_diff	Long	1	1146
sub-042	42	flexibility	prob_diff	Long	1	1194
sub-042	42	flexibility	prob_diff	Long	1	1150
sub-042	42	flexibility	prob_diff	Long	1	1219
sub-042	42	flexibility	prob_diff	Long	1	1340
sub-042	42	flexibility	prob_diff	Long	1	1039
sub-042	42	flexibility	prob_diff	Short	1	1300
sub-042	42	flexibility	prob_diff	Short	1	1182
sub-042	42	flexibility	prob_diff	Short	1	1277
sub-042	42	flexibility	prob_diff	Short	1	1294
sub-042	42	flexibility	prob_diff	Short	1	1175
sub-042	42	flexibility	prob_diff	Short	1	1136
sub-042	42	flexibility	prob_diff	Short	1	1064
sub-042	42	flexibility	prob_diff	Short	1	1049
sub-042	42	flexibility	prob_diff	Short	1	1112
sub-042	42	flexibility	prob_diff	Short	1	1058
sub-042	42	flexibility	prob_diff	Short	1	994
sub-042	42	flexibility	prob_diff	Short	1	1801
sub-042	42	flexibility	prob_diff	Short	0	0
sub-042	42	flexibility	prob_diff	Short	1	1129
sub-042	42	flexibility	prob_diff	Short	1	970
sub-042	42	flexibility	prob_diff	Short	1	1051
sub-042	42	flexibility	prob_diff	Short	1	1459
sub-042	42	flexibility	prob_diff	Short	1	1356
sub-042	42	flexibility	prob_diff	Short	0	0
sub-042	42	flexibility	prob_diff	Short	0	0
sub-042	42	flexibility	prob_same	Long	1	1959
sub-042	42	flexibility	prob_same	Long	1	1329
sub-042	42	flexibility	prob_same	Long	1	1185
sub-042	42	flexibility	prob_same	Long	1	1147
sub-042	42	flexibility	prob_same	Long	1	1356
sub-042	42	flexibility	prob_same	Long	1	1373
sub-042	42	flexibility	prob_same	Long	0	0
sub-042	42	flexibility	prob_same	Long	1	1640
sub-042	42	flexibility	prob_same	Long	1	1088
sub-042	42	flexibility	prob_same	Long	1	985
sub-042	42	flexibility	prob_same	Short	1	1110
sub-042	42	flexibility	prob_same	Short	1	1166
sub-042	42	flexibility	prob_same	Short	1	1094
sub-042	42	flexibility	prob_same	Short	0	0
sub-042	42	flexibility	prob_same	Short	1	1119
sub-042	42	flexibility	prob_same	Short	1	968
sub-042	42	flexibility	prob_same	Short	1	1048
sub-042	42	flexibility	prob_same	Short	1	1032
sub-042	42	flexibility	prob_same	Short	1	1065
sub-042	42	flexibility	prob_same	Short	1	946
sub-042	42	stability	prob_diff	Long	1	1362
sub-042	42	stability	prob_diff	Long	1	1317
sub-042	42	stability	prob_diff	Long	0	1791
sub-042	42	stability	prob_diff	Long	1	1194
sub-042	42	stability	prob_diff	Long	1	972
sub-042	42	stability	prob_diff	Long	1	748
sub-042	42	stability	prob_diff	Long	1	870
sub-042	42	stability	prob_diff	Long	1	934
sub-042	42	stability	prob_diff	Long	1	1366
sub-042	42	stability	prob_diff	Long	1	767
sub-042	42	stability	prob_diff	Long	1	919
sub-042	42	stability	prob_diff	Long	1	696
sub-042	42	stability	prob_diff	Long	1	776
sub-042	42	stability	prob_diff	Long	1	850
sub-042	42	stability	prob_diff	Long	1	978
sub-042	42	stability	prob_diff	Long	1	1011
sub-042	42	stability	prob_diff	Long	1	859
sub-042	42	stability	prob_diff	Long	1	612
sub-042	42	stability	prob_diff	Long	1	989
sub-042	42	stability	prob_diff	Long	1	845
sub-042	42	stability	prob_diff	Short	1	1746
sub-042	42	stability	prob_diff	Short	1	723
sub-042	42	stability	prob_diff	Short	1	675
sub-042	42	stability	prob_diff	Short	1	828
sub-042	42	stability	prob_diff	Short	1	555
sub-042	42	stability	prob_diff	Short	1	740
sub-042	42	stability	prob_diff	Short	1	701
sub-042	42	stability	prob_diff	Short	1	1077
sub-042	42	stability	prob_diff	Short	1	845
sub-042	42	stability	prob_diff	Short	1	1022
sub-042	42	stability	prob_diff	Short	0	773
sub-042	42	stability	prob_diff	Short	1	1030
sub-042	42	stability	prob_diff	Short	1	686
sub-042	42	stability	prob_diff	Short	1	1063
sub-042	42	stability	prob_diff	Short	1	799
sub-042	42	stability	prob_diff	Short	1	1072
sub-042	42	stability	prob_diff	Short	1	1641
sub-042	42	stability	prob_diff	Short	1	1449
sub-042	42	stability	prob_diff	Short	1	1155
sub-042	42	stability	prob_diff	Short	1	1131
sub-042	42	stability	prob_same	Long	1	1728
sub-042	42	stability	prob_same	Long	1	1217
sub-042	42	stability	prob_same	Long	1	1034
sub-042	42	stability	prob_same	Long	0	1187
sub-042	42	stability	prob_same	Long	1	1245
sub-042	42	stability	prob_same	Long	1	1886
sub-042	42	stability	prob_same	Long	1	1167
sub-042	42	stability	prob_same	Long	1	1055
sub-042	42	stability	prob_same	Long	1	1272
sub-042	42	stability	prob_same	Long	1	993
sub-042	42	stability	prob_same	Short	1	1406
sub-042	42	stability	prob_same	Short	1	911
sub-042	42	stability	prob_same	Short	1	864
sub-042	42	stability	prob_same	Short	1	863
sub-042	42	stability	prob_same	Short	1	751
sub-042	42	stability	prob_same	Short	1	801
sub-042	42	stability	prob_same	Short	1	665
sub-042	42	stability	prob_same	Short	1	625
sub-042	42	stability	prob_same	Short	1	650
sub-042	42	stability	prob_same	Short	1	897
sub-043	43	flexibility	prob_diff	Long	1	1137
sub-043	43	flexibility	prob_diff	Long	0	1146
sub-043	43	flexibility	prob_diff	Long	1	1587
sub-043	43	flexibility	prob_diff	Long	1	1196
sub-043	43	flexibility	prob_diff	Long	1	1413
sub-043	43	flexibility	prob_diff	Long	0	0
sub-043	43	flexibility	prob_diff	Long	0	0
sub-043	43	flexibility	prob_diff	Long	1	1783
sub-043	43	flexibility	prob_diff	Long	1	1343
sub-043	43	flexibility	prob_diff	Long	1	1135
sub-043	43	flexibility	prob_diff	Long	0	0
sub-043	43	flexibility	prob_diff	Long	1	1865
sub-043	43	flexibility	prob_diff	Long	1	1282
sub-043	43	flexibility	prob_diff	Long	0	954
sub-043	43	flexibility	prob_diff	Long	1	1507
sub-043	43	flexibility	prob_diff	Long	1	1972
sub-043	43	flexibility	prob_diff	Long	1	1984
sub-043	43	flexibility	prob_diff	Long	1	1116
sub-043	43	flexibility	prob_diff	Long	1	1381
sub-043	43	flexibility	prob_diff	Long	1	1238
sub-043	43	flexibility	prob_diff	Short	1	986
sub-043	43	flexibility	prob_diff	Short	0	0
sub-043	43	flexibility	prob_diff	Short	0	509
sub-043	43	flexibility	prob_diff	Short	0	1310
sub-043	43	flexibility	prob_diff	Short	0	121
sub-043	43	flexibility	prob_diff	Short	1	985
sub-043	43	flexibility	prob_diff	Short	1	1089
sub-043	43	flexibility	prob_diff	Short	1	970
sub-043	43	flexibility	prob_diff	Short	0	1026
sub-043	43	flexibility	prob_diff	Short	1	1219
sub-043	43	flexibility	prob_diff	Short	1	1387
sub-043	43	flexibility	prob_diff	Short	0	1002
sub-043	43	flexibility	prob_diff	Short	1	1171
sub-043	43	flexibility	prob_diff	Short	1	1499
sub-043	43	flexibility	prob_diff	Short	0	1204
sub-043	43	flexibility	prob_diff	Short	1	1572
sub-043	43	flexibility	prob_diff	Short	1	1148
sub-043	43	flexibility	prob_diff	Short	0	989
sub-043	43	flexibility	prob_diff	Short	0	1549
sub-043	43	flexibility	prob_diff	Short	1	1309
sub-043	43	flexibility	prob_same	Long	0	0
sub-043	43	flexibility	prob_same	Long	0	233
sub-043	43	flexibility	prob_same	Long	1	1674
sub-043	43	flexibility	prob_same	Long	1	1282
sub-043	43	flexibility	prob_same	Long	1	1419
sub-043	43	flexibility	prob_same	Long	0	0
sub-043	43	flexibility	prob_same	Long	1	1069
sub-043	43	flexibility	prob_same	Long	0	0
sub-043	43	flexibility	prob_same	Long	0	1743
sub-043	43	flexibility	prob_same	Long	0	0
sub-043	43	flexibility	prob_same	Short	1	1206
sub-043	43	flexibility	prob_same	Short	1	1295
sub-043	43	flexibility	prob_same	Short	1	1392
sub-043	43	flexibility	prob_same	Short	1	1633
sub-043	43	flexibility	prob_same	Short	1	1280
sub-043	43	flexibility	prob_same	Short	1	1585
sub-043	43	flexibility	prob_same	Short	1	1457
sub-043	43	flexibility	prob_same	Short	0	785
sub-043	43	flexibility	prob_same	Short	0	0
sub-043	43	flexibility	prob_same	Short	1	1115
sub-043	43	stability	prob_diff	Long	1	1889
sub-043	43	stability	prob_diff	Long	1	1235
sub-043	43	stability	prob_diff	Long	1	900
sub-043	43	stability	prob_diff	Long	1	144
sub-043	43	stability	prob_diff	Long	0	1149
sub-043	43	stability	prob_diff	Long	1	869
sub-043	43	stability	prob_diff	Long	1	925
sub-043	43	stability	prob_diff	Long	1	750
sub-043	43	stability	prob_diff	Long	1	815
sub-043	43	stability	prob_diff	Long	1	1032
sub-043	43	stability	prob_diff	Long	1	1256
sub-043	43	stability	prob_diff	Long	1	993
sub-043	43	stability	prob_diff	Long	1	746
sub-043	43	stability	prob_diff	Long	1	1090
sub-043	43	stability	prob_diff	Long	1	667
sub-043	43	stability	prob_diff	Long	1	23
sub-043	43	stability	prob_diff	Long	1	1173
sub-043	43	stability	prob_diff	Long	1	1357
sub-043	43	stability	prob_diff	Long	1	967
sub-043	43	stability	prob_diff	Long	1	959
sub-043	43	stability	prob_diff	Short	1	819
sub-043	43	stability	prob_diff	Short	1	875
sub-043	43	stability	prob_diff	Short	1	651
sub-043	43	stability	prob_diff	Short	1	715
sub-043	43	stability	prob_diff	Short	1	1099
sub-043	43	stability	prob_diff	Short	1	76
sub-043	43	stability	prob_diff	Short	0	1132
sub-043	43	stability	prob_diff	Short	1	669
sub-043	43	stability	prob_diff	Short	1	1021
sub-043	43	stability	prob_diff	Short	1	1118
sub-043	43	stability	prob_diff	Short	1	1430
sub-043	43	stability	prob_diff	Short	1	685
sub-043	43	stability	prob_diff	Short	1	902
sub-043	43	stability	prob_diff	Short	1	879
sub-043	43	stability	prob_diff	Short	1	823
sub-043	43	stability	prob_diff	Short	1	775
sub-043	43	stability	prob_diff	Short	1	960
sub-043	43	stability	prob_diff	Short	1	562
sub-043	43	stability	prob_diff	Short	1	1036
sub-043	43	stability	prob_diff	Short	1	1190
sub-043	43	stability	prob_same	Long	1	1143
sub-043	43	stability	prob_same	Long	1	975
sub-043	43	stability	prob_same	Long	1	903
sub-043	43	stability	prob_same	Long	0	1264
sub-043	43	stability	prob_same	Long	1	787
sub-043	43	stability	prob_same	Long	1	821
sub-043	43	stability	prob_same	Long	1	821
sub-043	43	stability	prob_same	Long	0	912
sub-043	43	stability	prob_same	Long	1	880
sub-043	43	stability	prob_same	Long	1	833
sub-043	43	stability	prob_same	Short	1	711
sub-043	43	stability	prob_same	Short	1	527
sub-043	43	stability	prob_same	Short	1	1832
sub-043	43	stability	prob_same	Short	1	1137
sub-043	43	stability	prob_same	Short	1	1802
sub-043	43	stability	prob_same	Short	1	1138
sub-043	43	stability	prob_same	Short	1	699
sub-043	43	stability	prob_same	Short	0	740
sub-043	43	stability	prob_same	Short	0	92
sub-043	43	stability	prob_same	Short	1	683
