subject,global_gradient_range_mean,global_gradient_range_auc,global_gradient_expansion_mean,global_gradient_expansion_auc,global_gradient_dispersion_mean,global_gradient_dispersion_auc,net_Cont_gradient_range_mean,net_Cont_gradient_range_auc,net_Cont_gradient_expansion_mean,net_Cont_gradient_expansion_auc,net_Cont_gradient_dispersion_mean,net_Cont_gradient_dispersion_auc,net_Cont_gradient_score_mean_mean,net_Cont_gradient_score_mean_auc,net_Default_gradient_range_mean,net_Default_gradient_range_auc,net_Default_gradient_expansion_mean,net_Default_gradient_expansion_auc,net_Default_gradient_dispersion_mean,net_Default_gradient_dispersion_auc,net_Default_gradient_score_mean_mean,net_Default_gradient_score_mean_auc,net_DorsAttn_gradient_range_mean,net_DorsAttn_gradient_range_auc,net_DorsAttn_gradient_expansion_mean,net_DorsAttn_gradient_expansion_auc,net_DorsAttn_gradient_dispersion_mean,net_DorsAttn_gradient_dispersion_auc,net_DorsAttn_gradient_score_mean_mean,net_DorsAttn_gradient_score_mean_auc,net_SalVentAttn_gradient_range_mean,net_SalVentAttn_gradient_range_auc,net_SalVentAttn_gradient_expansion_mean,net_SalVentAttn_gradient_expansion_auc,net_SalVentAttn_gradient_dispersion_mean,net_SalVentAttn_gradient_dispersion_auc,net_SalVentAttn_gradient_score_mean_mean,net_SalVentAttn_gradient_score_mean_auc,net_SomMot_gradient_range_mean,net_SomMot_gradient_range_auc,net_SomMot_gradient_expansion_mean,net_SomMot_gradient_expansion_auc,net_SomMot_gradient_dispersion_mean,net_SomMot_gradient_dispersion_auc,net_SomMot_gradient_score_mean_mean,net_SomMot_gradient_score_mean_auc,net_Vis_gradient_range_mean,net_Vis_gradient_range_auc,net_Vis_gradient_expansion_mean,net_Vis_gradient_expansion_auc,net_Vis_gradient_dispersion_mean,net_Vis_gradient_dispersion_auc,net_Vis_gradient_score_mean_mean,net_Vis_gradient_score_mean_auc,hierarchy_span_Cont_Default_mean,hierarchy_span_Cont_Default_auc,hierarchy_span_Cont_DorsAttn_mean,hierarchy_span_Cont_DorsAttn_auc,hierarchy_span_Cont_SalVentAttn_mean,hierarchy_span_Cont_SalVentAttn_auc,hierarchy_span_Cont_SomMot_mean,hierarchy_span_Cont_SomMot_auc,hierarchy_span_Cont_Vis_mean,hierarchy_span_Cont_Vis_auc,hierarchy_span_Default_DorsAttn_mean,hierarchy_span_Default_DorsAttn_auc,hierarchy_span_Default_SalVentAttn_mean,hierarchy_span_Default_SalVentAttn_auc,hierarchy_span_Default_SomMot_mean,hierarchy_span_Default_SomMot_auc,hierarchy_span_Default_Vis_mean,hierarchy_span_Default_Vis_auc,hierarchy_span_DorsAttn_SalVentAttn_mean,hierarchy_span_DorsAttn_SalVentAttn_auc,hierarchy_span_DorsAttn_SomMot_mean,hierarchy_span_DorsAttn_SomMot_auc,hierarchy_span_DorsAttn_Vis_mean,hierarchy_span_DorsAttn_Vis_auc,hierarchy_span_SalVentAttn_SomMot_mean,hierarchy_span_SalVentAttn_SomMot_auc,hierarchy_span_SalVentAttn_Vis_mean,hierarchy_span_SalVentAttn_Vis_auc,hierarchy_span_SomMot_Vis_mean,hierarchy_span_SomMot_Vis_auc,global_modularity_mean,global_modularity_auc,global_participation_coefficient_mean,global_participation_coefficient_auc,global_within_module_degree_mean,global_within_module_degree_auc,global_num_modules_mean,global_num_modules_auc,global_participation_entropy_mean,global_participation_entropy_auc,net_Cont_modularity_mean,net_Cont_modularity_auc,net_Cont_participation_coefficient_mean,net_Cont_participation_coefficient_auc,net_Cont_within_module_degree_mean,net_Cont_within_module_degree_auc,net_Cont_num_modules_mean,net_Cont_num_modules_auc,net_Cont_participation_entropy_mean,net_Cont_participation_entropy_auc,net_Default_modularity_mean,net_Default_modularity_auc,net_Default_participation_coefficient_mean,net_Default_participation_coefficient_auc,net_Default_within_module_degree_mean,net_Default_within_module_degree_auc,net_Default_num_modules_mean,net_Default_num_modules_auc,net_Default_participation_entropy_mean,net_Default_participation_entropy_auc,net_DorsAttn_modularity_mean,net_DorsAttn_modularity_auc,net_DorsAttn_participation_coefficient_mean,net_DorsAttn_participation_coefficient_auc,net_DorsAttn_within_module_degree_mean,net_DorsAttn_within_module_degree_auc,net_DorsAttn_num_modules_mean,net_DorsAttn_num_modules_auc,net_DorsAttn_participation_entropy_mean,net_DorsAttn_participation_entropy_auc,net_SalVentAttn_modularity_mean,net_SalVentAttn_modularity_auc,net_SalVentAttn_participation_coefficient_mean,net_SalVentAttn_participation_coefficient_auc,net_SalVentAttn_within_module_degree_mean,net_SalVentAttn_within_module_degree_auc,net_SalVentAttn_num_modules_mean,net_SalVentAttn_num_modules_auc,net_SalVentAttn_participation_entropy_mean,net_SalVentAttn_participation_entropy_auc,net_SomMot_modularity_mean,net_SomMot_modularity_auc,net_SomMot_participation_coefficient_mean,net_SomMot_participation_coefficient_auc,net_SomMot_within_module_degree_mean,net_SomMot_within_module_degree_auc,net_SomMot_num_modules_mean,net_SomMot_num_modules_auc,net_SomMot_participation_entropy_mean,net_SomMot_participation_entropy_auc,net_Vis_modularity_mean,net_Vis_modularity_auc,net_Vis_participation_coefficient_mean,net_Vis_participation_coefficient_auc,net_Vis_within_module_degree_mean,net_Vis_within_module_degree_auc,net_Vis_num_modules_mean,net_Vis_num_modules_auc,net_Vis_participation_entropy_mean,net_Vis_participation_entropy_auc,lesion_net_Cont_global_modularity_mean,lesion_net_Cont_global_modularity_auc,lesion_net_Cont_global_participation_coefficient_mean,lesion_net_Cont_global_participation_coefficient_auc,lesion_net_Cont_global_within_module_degree_mean,lesion_net_Cont_global_within_module_degree_auc,lesion_net_Cont_global_num_modules_mean,lesion_net_Cont_global_num_modules_auc,lesion_net_Cont_global_participation_entropy_mean,lesion_net_Cont_global_participation_entropy_auc,lesion_net_Default_global_modularity_mean,lesion_net_Default_global_modularity_auc,lesion_net_Default_global_participation_coefficient_mean,lesion_net_Default_global_participation_coefficient_auc,lesion_net_Default_global_within_module_degree_mean,lesion_net_Default_global_within_module_degree_auc,lesion_net_Default_global_num_modules_mean,lesion_net_Default_global_num_modules_auc,lesion_net_Default_global_participation_entropy_mean,lesion_net_Default_global_participation_entropy_auc,lesion_net_DorsAttn_global_modularity_mean,lesion_net_DorsAttn_global_modularity_auc,lesion_net_DorsAttn_global_participation_coefficient_mean,lesion_net_DorsAttn_global_participation_coefficient_auc,lesion_net_DorsAttn_global_within_module_degree_mean,lesion_net_DorsAttn_global_within_module_degree_auc,lesion_net_DorsAttn_global_num_modules_mean,lesion_net_DorsAttn_global_num_modules_auc,lesion_net_DorsAttn_global_participation_entropy_mean,lesion_net_DorsAttn_global_participation_entropy_auc,lesion_net_SalVentAttn_global_modularity_mean,lesion_net_SalVentAttn_global_modularity_auc,lesion_net_SalVentAttn_global_participation_coefficient_mean,lesion_net_SalVentAttn_global_participation_coefficient_auc,lesion_net_SalVentAttn_global_within_module_degree_mean,lesion_net_SalVentAttn_global_within_module_degree_auc,lesion_net_SalVentAttn_global_num_modules_mean,lesion_net_SalVentAttn_global_num_modules_auc,lesion_net_SalVentAttn_global_participation_entropy_mean,lesion_net_SalVentAttn_global_participation_entropy_auc,lesion_net_SomMot_global_modularity_mean,lesion_net_SomMot_global_modularity_auc,lesion_net_SomMot_global_participation_coefficient_mean,lesion_net_SomMot_global_participation_coefficient_auc,lesion_net_SomMot_global_within_module_degree_mean,lesion_net_SomMot_global_within_module_degree_auc,lesion_net_SomMot_global_num_modules_mean,lesion_net_SomMot_global_num_modules_auc,lesion_net_SomMot_global_participation_entropy_mean,lesion_net_SomMot_global_participation_entropy_auc,lesion_net_Vis_global_modularity_mean,lesion_net_Vis_global_modularity_auc,lesion_net_Vis_global_participation_coefficient_mean,lesion_net_Vis_global_participation_coefficient_auc,lesion_net_Vis_global_within_module_degree_mean,lesion_net_Vis_global_within_module_degree_auc,lesion_net_Vis_global_num_modules_mean,lesion_net_Vis_global_num_modules_auc,lesion_net_Vis_global_participation_entropy_mean,lesion_net_Vis_global_participation_entropy_auc,transmodal_distance,unimodal_distance,rt_transition_diff__flexibility,rt_transition_diff__stability,rt_transition_diff__flexibility_stability,rt_duration_diff__Long,rt_duration_diff__Short,rt_duration_diff__long-short
sub-001,0.2009635938213519,,0.2009635938213519,,0.0530386570678969,,0.1266926538116082,,0.1266926538116082,,0.028342442631643,,-0.0206115554128033,,0.1246682435567417,,0.1246682435567417,,0.0287082005333248,,-0.0195446645462546,,0.1908829912629588,,0.1908829912629588,,0.0519959515890706,,0.0020944709361375,,0.1557441338777515,,0.1557441338777515,,0.0385940341072191,,0.0080878612755646,,0.1727914653962945,,0.1727914653962945,,0.0389266850852859,,0.0590549873675049,,0.1193568119141578,,0.1193568119141578,,0.0274908840848505,,-0.050703161209537,,0.0010668908665486,,0.0227060263489408,,0.028699416688368,,0.0796665427803082,,0.0300916057967337,,0.0216391354823922,,0.0276325258218193,,0.0785996519137596,,0.0311584966632823,,0.0074102205899825,,0.0569605164313673,,0.0527976321456746,,0.0509671260919402,,0.0587910224851017,,0.109758148577042,,0.6480462033405348,0.1293925778012633,0.5901449640299329,0.1187636773062754,-0.7070162072857867,-0.1416898435444671,4.2,0.825,1.4021213845908924,0.2833937038332657,0.6959505134187177,0.1380790655311288,0.5773482662235405,0.1175018440830422,-0.8426940787413424,-0.1690909012741032,4.45,0.875,1.439076868137959,0.2914164397760904,0.5896911115670892,0.1206492202438505,0.4836003254994795,0.0956908287304504,-0.8614806069024208,-0.1737998327992016,3.6,0.7437499999999999,1.314518591047046,0.2649879978129786,0.6089387598087732,0.1203767257879283,0.7374381341326451,0.1478731989257211,-0.5957341595142138,-0.1193248547107468,3.2,0.625,1.6097712931978705,0.3249252013036354,0.578845641583379,0.1164134151176189,0.5949385601043267,0.1205610417504113,-0.658859703211438,-0.1320296950965342,4.3,0.86875,1.361670114895412,0.2757000081910383,0.6359903048816178,0.1267375181523174,0.4789908770953209,0.0955517660611564,-0.6744639471856109,-0.134571060411985,3.55,0.7124999999999999,1.2083228935296422,0.2429632474679665,0.6213618032804284,0.1246967423424359,0.5781728517081877,0.1167333541407374,-0.7864454808520346,-0.157768020461599,3.0,0.6,1.378146105603795,0.2801186455070393,0.6482878678841999,0.129518054769605,0.5763697151236904,0.1155214372767871,-0.6971339756971808,-0.139188102180682,3.9,0.78125,1.3359855136641714,0.2680343465736752,0.6376818524882333,0.127555168895314,0.6017034013841875,0.1216226619325326,-0.7189202291111503,-0.144741331351812,4.05,0.8124999999999999,1.4269127163839834,0.2892854003108353,0.5840691488840808,0.1159162808693045,0.569470314287915,0.1135493420796467,-0.6625198179744948,-0.1310449499024624,4.55,0.8937499999999998,1.3674625973640293,0.2697489631008214,0.6517035032715726,0.1293646073126691,0.5752080042282375,0.1159573924471776,-0.7184041725081312,-0.1448225791198017,4.25,0.8499999999999999,1.4008122289908187,0.2838148217894063,0.6418961531759402,0.1279874206908909,0.5772260865345337,0.1157861660010007,-0.6865188430058096,-0.1373602154060781,4.15,0.8374999999999999,1.3436032929709307,0.2697736552750865,0.6644709067226315,0.1334800732940751,0.6245818968294785,0.1254598182122919,-0.7538010365784982,-0.1508085629476614,4.45,0.8624999999999998,1.5095548834937598,0.3028829470909636,0.021247387700056602,0.05487907428852095,372.36538461538464,89.41818181818182,282.9472027972028,270.25,179.35294117647058,90.89705882352942
sub-002,0.276750356437232,,0.276750356437232,,0.0726052530401934,,0.1694785819655514,,0.1694785819655514,,0.0421712581181556,,-0.0191998034965008,,0.1971168200597882,,0.1971168200597882,,0.0433268907357117,,0.0341639266387446,,0.1995242111367837,,0.1995242111367837,,0.0492790545426544,,-0.0390973635219036,,0.2079223736208442,,0.2079223736208442,,0.04454949660551,,-0.0221883521200839,,0.185714621698949,,0.185714621698949,,0.0411465163687207,,-0.0410942935342644,,0.2472937042830733,,0.2472937042830733,,0.0572236753977008,,0.1025785039836409,,0.0533637301352455,,0.0198975600254027,,0.0029885486235829,,0.0218944900377634,,0.1217783074801419,,0.0732612901606483,,0.0563522787588286,,0.0752582201730091,,0.0684145773448963,,0.0169090114018197,,0.0039267963162157,,0.1416758675055447,,0.0189059414141804,,0.1247668561037249,,0.1436727975179054,,0.6265140754733486,0.1260736365592106,0.4997712583690091,0.1000875246216465,-0.6060257943488531,-0.1212558850782122,4.35,0.8625,1.1329264496818363,0.2262013920496246,0.5406404022980142,0.1070977303572188,0.5595508608190533,0.1123146672739554,-0.7139841223333065,-0.1419964597353901,3.3,0.6499999999999999,1.208560034274342,0.2416577253847932,0.5282129234910015,0.1055636977614974,0.3323004050459825,0.0652435807360334,-0.8355010530234137,-0.1666306966909842,2.9,0.5812499999999999,1.057131037813083,0.2097840184247374,0.6516941744495799,0.1305218806154685,0.6464769193059847,0.1292638439248318,-0.421547916898946,-0.0842422865774053,3.25,0.64375,1.273561206338916,0.2546286247033689,0.657348573714404,0.1320555829333253,0.5239226192756412,0.1054132505110996,-0.6913150762071358,-0.1381984283046236,3.45,0.7062499999999999,1.114669289137696,0.2220411811438242,0.5916614315792542,0.1189400161910457,0.4456024196096199,0.0896311611910007,-0.7011583214257987,-0.1406772753437447,3.35,0.6499999999999999,1.0444463920791185,0.209210799811903,0.4931358425813357,0.0990494229999822,0.3866349670226051,0.077236084996537,-0.5009854066913164,-0.1005091147737096,2.8,0.5562499999999999,1.0275729469919015,0.2046879804731941,0.6492799272913837,0.1295495002151626,0.503216330970361,0.1009144741820208,-0.6313641856315401,-0.1264639198851566,4.2,0.85,1.1612379052508346,0.2318112440345955,0.62830794626157,0.1247644387147153,0.5108385784363356,0.1018986742888298,-0.6279333433861144,-0.1248270791901972,3.9,0.7625,1.1531132809569886,0.2291895642925485,0.6016888782643383,0.1206932977431547,0.466474859008975,0.0935029855648564,-0.5472648518354142,-0.109801338021947,4.1,0.8312499999999999,1.0939095351267316,0.2190121803439964,0.6169243716554027,0.1248955728469252,0.4751792869044532,0.0951480586378845,-0.6022957761652994,-0.1209433875661799,3.75,0.75625,1.0903820455237896,0.217726367581363,0.6594641164342085,0.1321508426816339,0.5037548029453821,0.1009157598783529,-0.637492880247832,-0.127803175733966,3.9,0.7625,1.154536968806496,0.2306559359107621,0.6311022514637605,0.1257982251428098,0.5431416557361014,0.1076017215662812,-0.6851069506502852,-0.1344756663668585,4.35,0.8812499999999999,1.2573908803197678,0.2465988408026411,0.025416612928077068,0.07183639875895265,318.48214285714283,182.55357142857142,135.92857142857142,341.4909090909091,162.73684210526315,178.75406698564595
sub-003,0.2747638425388976,,0.2747638425388976,,0.0763743139939675,,0.227040638084034,,0.227040638084034,,0.0496814870267468,,-0.0051930108570731,,0.1379197080221221,,0.1379197080221221,,0.0300996365605077,,-0.0005737401857723,,0.247414600367827,,0.247414600367827,,0.0718346711176623,,-0.0057456884126043,,0.2154538262291878,,0.2154538262291878,,0.0375990870925578,,-0.0417238658966648,,0.2006594391961456,,0.2006594391961456,,0.0440112474933601,,-0.0583632135991104,,0.1721654923688353,,0.1721654923688353,,0.0412083613228167,,0.1074604839608645,,0.0046192706713007,,0.0006017315800229,,0.0365308550395915,,0.0531702027420372,,0.1126534948179377,,0.0051719482268319,,0.0411501257108924,,0.057789473413338,,0.1080342241466369,,0.0359781774840603,,0.052617525186506,,0.1132061723734689,,0.0166393477024456,,0.1491843498575294,,0.1658236975599751,,0.6607708296153187,0.1322010759052373,0.4889463150103987,0.0983085782921523,-0.5903093344203236,-0.1185083199038648,4.5,0.925,1.1437210071248272,0.2294179268002476,0.5632053419257887,0.1140593966721975,0.4174456074622899,0.0831359144674595,-0.6904269938184189,-0.1388897077142178,3.45,0.69375,1.117466994926262,0.2238238345354901,0.5961204003197017,0.1212808365818604,0.3587645950797186,0.0722538990467771,-0.8303215437429883,-0.1657123752285486,3.35,0.6875,1.0106706980527052,0.2010148997039155,0.6620652257205999,0.1321099423002913,0.6003215352455082,0.1205613808893637,-0.515086803078967,-0.1037516979938966,3.9,0.7874999999999999,1.2672716014033554,0.2543972253609914,0.6438955946248679,0.1275545761270019,0.5378071615014131,0.1081471388103043,-0.5452323335890006,-0.1091603801295873,3.95,0.7875,1.1677659514952328,0.2340438004140259,0.6098025806648127,0.1215266077940007,0.482486798772982,0.0971098761954675,-0.6587919236248894,-0.1320033445467195,3.55,0.7062499999999999,1.126028054349962,0.2254356616871807,0.5944238115483078,0.1194770921043861,0.4120483025320263,0.0832012044184049,-0.5229689677152219,-0.1051401828355615,3.8,0.7562499999999999,1.043647799025198,0.2103021427774654,0.6368825954406692,0.1277384547535627,0.4906173091102291,0.0986014877506916,-0.591165436412693,-0.1185456188503677,4.5,0.9,1.1596015860989646,0.2323638988851236,0.6509679238929025,0.1303353797990818,0.4838708087786179,0.0971550629126679,-0.5929618832804644,-0.1186631435701792,4.2,0.84375,1.1463026125375946,0.229475132514784,0.6619463019173347,0.1323382733764608,0.4749197388359858,0.0954588491661543,-0.5701779073100803,-0.11454614174119,4.25,0.8499999999999999,1.1234653964449235,0.2249875697867133,0.6236795449389032,0.1247441764757642,0.464402775081579,0.093500088667042,-0.5738890786364739,-0.1150649827881372,5.0,1.0,1.1254565910520908,0.2265941259377603,0.5726200171683071,0.1151251149049732,0.4761651018674881,0.0955091532130939,-0.5975374957676608,-0.1197276952042198,4.75,0.925,1.1425461143301243,0.2277033423275884,0.6595873232890407,0.1313804805974993,0.5796893043279769,0.1165413623581913,-0.7138848314218357,-0.1433170702445974,4.55,0.91875,1.4470473633334409,0.2900050456719129,0.0378863860781814,0.0829118487799875,457.4642857142857,164.24137931034483,293.2229064039409,381.3333333333333,235.2280701754386,146.1052631578947
sub-004,0.2353827289137829,,0.2353827289137829,,0.0608151844691158,,0.1845615645559343,,0.1845615645559343,,0.0544681708088311,,0.0284352901820917,,0.1661863948239534,,0.1661863948239534,,0.0411558544049097,,-0.0202575145941503,,0.2101993708782241,,0.2101993708782241,,0.0553704513473173,,0.0641755821735241,,0.1684190364408437,,0.1684190364408437,,0.0323167815466001,,-0.0063197094697537,,0.2069697840157529,,0.2069697840157529,,0.033955727690884,,-0.0123669353895813,,0.2179933514874407,,0.2179933514874407,,0.0462739135771622,,-0.0577301357895191,,0.0486928047762422,,0.0357402919914323,,0.0347549996518455,,0.0408022255716731,,0.086165425971611,,0.0844330967676745,,0.0139378051243965,,0.0078905792045689,,0.0374726211953687,,0.0704952916432779,,0.0765425175631055,,0.1219057179630433,,0.0060472259198275,,0.0514104263197653,,0.0453632003999378,,0.6831312439867345,0.1355070254551419,0.5038119311875244,0.0998838422014322,-0.6141648332732228,-0.1214990091840614,4.55,0.8999999999999999,1.2065661200818476,0.237363977385964,0.6125230882084655,0.1222326282961934,0.4613144422146608,0.0919124289461651,-0.8622792716274554,-0.1728282085220685,4.6,0.9187499999999998,1.1890757788858222,0.2346855756115096,0.6331455666110168,0.1281157337138459,0.3202440407234609,0.0628626713818292,-0.590153474866029,-0.1182268355835053,3.6,0.7249999999999999,1.1388095796725737,0.2267022679872466,0.5986947640581677,0.120596819659681,0.6361087982168752,0.1272818198176304,-0.5229656396468146,-0.1033003620994477,4.25,0.8625,1.335146058245985,0.2637600021402199,0.6595584652580004,0.132919836542183,0.587133154568473,0.1157204955351278,-0.6575089074151792,-0.1290134758166831,4.1,0.825,1.309047698392583,0.2580154098580557,0.5926798719196216,0.1180409456711416,0.4769686776766342,0.093145986975354,-0.6808013585967206,-0.1340248681703109,3.15,0.63125,1.1454499534356497,0.2228465511844574,0.6735711427731145,0.1364395271447034,0.3933542835816378,0.0789548476525704,-0.4724541618304587,-0.0933528894047562,3.9,0.7874999999999999,1.01360586310664,0.1999875153737591,0.6607820043518154,0.1305069645719476,0.4837001676010056,0.0957612907940287,-0.6140800633120697,-0.121569525375684,4.6,0.8937499999999999,1.132627840718547,0.2228865234020957,0.6679248571755063,0.1323151514563067,0.4897382289677516,0.0972030738946125,-0.5942421170740622,-0.1177554517557867,4.55,0.91875,1.1551339835313266,0.2275476049887919,0.6531053471403738,0.1305620108819919,0.4758965906724018,0.0952080948596313,-0.5605261741401046,-0.1122224229176609,4.7,0.93125,1.1333814168162533,0.2255551310234053,0.6808410594226092,0.1363786541906548,0.4496509378898644,0.0903042276665888,-0.5771044507136863,-0.115600674123424,4.4,0.875,1.0822951967654415,0.2164060706291811,0.6680111028156133,0.133578489735619,0.4691871178083219,0.0943659581096818,-0.5999908097580682,-0.1206949031328794,4.15,0.8374999999999999,1.1121989266193617,0.2235120635238558,0.6841187991534202,0.1360389980671968,0.5349958361575942,0.1061415925339883,-0.6667516383477876,-0.1313689349307496,4.7,0.94375,1.311302679649628,0.2584623519376194,0.0397293654731733,0.0287288261197964,429.60377358490564,269.5740740740741,160.02969951083156,346.5576923076923,351.0,-4.442307692307679
sub-005,0.2616200635496893,,0.2616200635496893,,0.0687711827192212,,0.2264911812057431,,0.2264911812057431,,0.046059107178836,,-0.0026433497683143,,0.1458340530757726,,0.1458340530757726,,0.035298680290394,,0.0038741705067275,,0.2170542796028011,,0.2170542796028011,,0.0571587348039379,,-0.0117911872099443,,0.2048648615026831,,0.2048648615026831,,0.046239539174971,,-0.0454394559893567,,0.1995273587479394,,0.1995273587479394,,0.0397506111561586,,-0.040659679972279,,0.1616210064616348,,0.1616210064616348,,0.0415095488324585,,0.095464941357278,,0.0065175202750418,,0.00914783744163,,0.0427961062210424,,0.0380163302039647,,0.0981082911255923,,0.0156653577166718,,0.0493136264960842,,0.0445338504790065,,0.0915907708505505,,0.0336482687794123,,0.0288684927623346,,0.1072561285672224,,0.0047797760170776,,0.1409043973466348,,0.1361246213295571,,0.6481872425271135,0.1295980917217657,0.527618421584392,0.1060883229662424,-0.6467222378001077,-0.129564378647443,4.6,0.93125,1.2511114545817543,0.2511798174105797,0.6241223569017645,0.1253466871728354,0.5672407554729054,0.114296111322955,-0.8008489541012478,-0.1601689939918447,4.0,0.8062499999999999,1.3479563445157523,0.2710685488747707,0.629446663380093,0.1249180733675806,0.4663785249014361,0.093701782503172,-0.9421021341811746,-0.1884787880539718,4.25,0.8374999999999999,1.268299866145597,0.255662923431622,0.5941538057891542,0.118266538499419,0.6480214312335666,0.1295771159414013,-0.6515464763799834,-0.1292770307015648,3.2,0.64375,1.3789298189592474,0.276503571081035,0.625508725018803,0.1247065167528919,0.5435772793131823,0.1102553048491166,-0.4330167139791786,-0.0873886288851206,3.85,0.78125,1.2653909967123256,0.2549792455176423,0.6899275997599762,0.139047818969092,0.482439324224448,0.0965275656018318,-0.7874254695965243,-0.158330689829817,4.5,0.93125,1.1775219122429368,0.2358012209267213,0.6683674840888483,0.1347616407947665,0.418399457363387,0.0844845038123076,-0.5091257185675715,-0.1019774775742698,4.05,0.8312499999999999,1.0665551948009482,0.2145802553934744,0.6188250918311479,0.1243783156166066,0.5081152640626528,0.1029361542556482,-0.6362560175288439,-0.129197726831768,3.95,0.8062499999999999,1.208025970310964,0.2453779407078069,0.6414009054201667,0.1277767733720214,0.5099294556944749,0.1018879117931081,-0.6303775153855238,-0.1253921262917013,4.5,0.90625,1.2032811426544054,0.2395358460627945,0.6488218319822716,0.1296264259475469,0.4808917552071093,0.0966119324372506,-0.5476350953236138,-0.1094485228114332,3.5,0.6937499999999999,1.117531138292144,0.2241261769969182,0.6577344985458149,0.131587508940478,0.4896548248519089,0.0984078399983903,-0.5783860244348887,-0.11565066869883,4.15,0.8062499999999999,1.1107203539786492,0.2221796987727726,0.6589559563739572,0.1318173951780983,0.473081827184392,0.0949123172176329,-0.5902231148248405,-0.117900349100803,4.05,0.79375,1.0737176519330949,0.2144764763723688,0.6319404466162468,0.1266757937241118,0.5416136094421007,0.1087367359931369,-0.6659323798766835,-0.1334607113598964,4.2,0.825,1.28259622031343,0.2566298861385667,0.041919333832179634,0.0728420866818562,305.1636363636364,44.59649122807018,260.5671451355662,179.05263157894737,165.8181818181818,13.234449760765557
sub-006,0.2402558931532899,,0.2402558931532899,,0.0692747028217669,,0.2045946040313864,,0.2045946040313864,,0.0539655623216682,,-0.0091056233944488,,0.1578828712292714,,0.1578828712292714,,0.0366746135547345,,0.0138960956478021,,0.2236113696782063,,0.2236113696782063,,0.0573562755254696,,-0.0019266479545263,,0.2065719353755007,,0.2065719353755007,,0.0416361258118841,,-0.0427165339627298,,0.1465295603339014,,0.1465295603339014,,0.0358532621729077,,-0.0529621747663528,,0.1585001319630855,,0.1585001319630855,,0.0337430185254954,,0.096550109004951,,0.0230017190422511,,0.0071789754399224,,0.0336109105682809,,0.0438565513719038,,0.1056557323993999,,0.0158227436023286,,0.0566126296105321,,0.066858270414155,,0.0826540133571488,,0.0407898860082035,,0.0510355268118263,,0.0984767569594775,,0.0102456408036228,,0.139266642967681,,0.1495122837713039,,0.5716073596948521,0.1139095451563088,0.5850289790156055,0.1173834405380412,-0.7493122249513373,-0.150186429270767,3.3,0.6499999999999999,1.3202764057891652,0.2645297678314419,0.632174135276387,0.1271279275729311,0.6249486685610256,0.1251823647077648,-0.9808496520622756,-0.1962556250608092,4.25,0.88125,1.327645486760622,0.265413116967908,0.6383065312474092,0.1279684779637842,0.4837279410188079,0.0984650742607506,-1.1310687868602685,-0.2279177955510789,3.75,0.7562499999999999,1.169041427224649,0.2361719660540451,0.6393514648109571,0.1268772405653241,0.7771403336921281,0.1558176525677706,-0.6220543501108269,-0.1247867485409655,4.6,0.8749999999999999,1.4650830590453794,0.2939394780730684,0.5839618496233283,0.1166856199430399,0.608745698353896,0.1221172193416031,-0.7235896306798547,-0.1450830761625809,3.6,0.71875,1.3054028156084676,0.2615805443059188,0.6224352745948576,0.1240618704114441,0.5413110200044746,0.108529175568962,-0.7496928154903267,-0.1507673454911282,4.3,0.8874999999999998,1.269241236048121,0.2540207325587286,0.6708134186602925,0.1334081545145762,0.3485628774591789,0.0703631833118,-0.7386156295337745,-0.1470173969787013,3.7,0.725,1.1377388815244345,0.2288402963029277,0.5369279724532949,0.1078001346823848,0.537798755134678,0.1089398163728386,-0.6969250296349037,-0.1409115833981741,3.0,0.6,1.222541978669508,0.2481140394887538,0.5722995348638404,0.1144759960030889,0.581668033029607,0.1167169886669126,-0.7703056937151829,-0.1544090383057791,3.4,0.69375,1.3484566995708458,0.2702921992363131,0.6024129836383367,0.1192292718630292,0.5744267876461342,0.1145834446594875,-0.7244423959898331,-0.1438142651628732,3.7,0.7374999999999999,1.3532073828404785,0.2680124223077,0.5688309096104401,0.1140634277329514,0.557031505890966,0.1119001360914755,-0.729413302283509,-0.1462119195862403,3.4,0.65625,1.2741048740616066,0.255354907459796,0.609322556313131,0.1213682736855803,0.592628422607923,0.1178835014029828,-0.7920331438930505,-0.1571574573931877,3.55,0.6875,1.385816910655088,0.2735747483246479,0.5501226755955398,0.1086440016811131,0.6499544634997358,0.1299002574719766,-0.8604530856450345,-0.1716551215012832,4.35,0.89375,1.4611875616641097,0.2911694813867336,0.04367114206233883,0.0747561418856519,361.9583333333333,241.33333333333334,120.62499999999997,359.6046511627907,257.34090909090907,102.26374207188161
sub-007,0.2887464846052418,,0.2887464846052418,,0.0734480104203643,,0.2354658230502316,,0.2354658230502316,,0.0422122939728035,,-0.0161454998290058,,0.1177418472301548,,0.1177418472301548,,0.0291066041143719,,0.0124659674559473,,0.2272582754438508,,0.2272582754438508,,0.0557674747209313,,-0.0239988542082531,,0.2296794259165299,,0.2296794259165299,,0.0512378811450627,,-0.0214641451838995,,0.2054332953146436,,0.2054332953146436,,0.0424638390904235,,-0.0469667365502483,,0.2128848759585256,,0.2128848759585256,,0.068353659259859,,0.098174089064479,,0.0286114672849532,,0.0078533543792472,,0.0053186453548937,,0.0308212367212424,,0.1143195888934849,,0.0364648216642005,,0.033930112639847,,0.0594327040061957,,0.0857081216085316,,0.0025347090243534,,0.0229678823419951,,0.1221729432727322,,0.0255025913663486,,0.1196382342483787,,0.1451408256147274,,0.6702698616638959,0.1340428766318349,0.5017269874814556,0.1006163027456306,-0.5774737438691924,-0.1154486832112898,5.9,1.19375,1.2173883358064628,0.2431980935208915,0.6810976623221676,0.1360742247411372,0.4933612602711409,0.0990245709474632,-0.6517920903119767,-0.1296453080484223,4.5,0.8999999999999999,1.2144104096967878,0.2428262224390312,0.5873239569109965,0.1192443991348497,0.474076434557617,0.0935247803217529,-0.7652172342535267,-0.153548536388218,3.7,0.7374999999999998,1.2266299809411163,0.2460472988645789,0.6102618870938745,0.1213597488504783,0.6556855595954727,0.131502067680769,-0.3339788433300846,-0.0666434337894718,3.05,0.60625,1.3951213244660328,0.2787566810757301,0.6088303836133512,0.121828052398712,0.6121937013835906,0.1221897909901149,-0.6482651562734106,-0.1297652741991449,3.4,0.6624999999999999,1.3798803589990534,0.2743690084028699,0.593865225818658,0.1181896097602011,0.3737799322830684,0.0757708670160521,-0.708926482447483,-0.1416869536572652,3.7,0.7249999999999999,1.0165340065545496,0.2040552199823989,0.5553107546450851,0.1154719941047533,0.370947328275593,0.074415549171734,-0.5381482771999913,-0.1075311763355757,3.85,0.7999999999999998,1.0000120876763912,0.2003696958206202,0.6649499761412014,0.1330596509836595,0.5099143870995901,0.1027770070113775,-0.6010623214286395,-0.1207115575832992,5.5,1.0749999999999995,1.284946945501566,0.2586464608507486,0.6687319873808145,0.1337716074598625,0.5000955672953763,0.1002720777538504,-0.5835669708268234,-0.1165618973465172,5.0,1.0,1.2313192426769222,0.2464802389667145,0.6693253606265293,0.1334951691641173,0.4852755283847153,0.0964028281413403,-0.5521915028543483,-0.1090374165673433,5.25,1.0375,1.15909016980251,0.2287560352720089,0.6630220870079567,0.1326514892739305,0.4482683606899424,0.0899941964213333,-0.5361120440038873,-0.1070637530085424,5.35,1.0375,1.0976171457516544,0.2194743516203911,0.6650304837916887,0.1331382486094095,0.5433165076856713,0.1086330580216929,-0.6326744668744441,-0.1261898335180935,5.75,1.1625,1.3711301380445056,0.2747783346259343,0.6461461370494909,0.1294196751219463,0.4898566051315767,0.0983270656156301,-0.5689960329558696,-0.1140455641130057,4.45,0.9125,1.1709521674687478,0.234428026898365,0.013927822339698033,0.07257041280736365,255.5344827586207,209.30357142857142,46.23091133004928,286.17241379310343,177.57142857142858,108.60098522167485
sub-008,0.2800703454268585,,0.2800703454268585,,0.0752725440896004,,0.254655927127152,,0.254655927127152,,0.0349160146227742,,-0.0202785232560367,,0.0981646167812891,,0.0981646167812891,,0.0221130080527295,,0.0040704018332784,,0.2444598230212524,,0.2444598230212524,,0.0415816632261532,,-0.0219383766801484,,0.1495825711686549,,0.1495825711686549,,0.0327609678934141,,-0.0493058005467096,,0.1817921062873412,,0.1817921062873412,,0.0284489407041932,,-0.0357059015796919,,0.2612035444156012,,0.2612035444156012,,0.0765480599616147,,0.1152722860943533,,0.0243489250893152,,0.0016598534241117,,0.0290272772906729,,0.0154273783236552,,0.13555080935039,,0.0260087785134269,,0.0533762023799882,,0.0397763034129705,,0.1112018842610747,,0.0273674238665612,,0.0137675248995435,,0.1372106627745018,,0.0135998989670176,,0.164578086641063,,0.1509781876740453,,0.6194437397684425,0.121690870618569,0.4905023724741991,0.0974998349571482,-0.6086111543644636,-0.1205187720723606,4.15,0.8062499999999999,1.1466838922233555,0.2270467410556383,0.5802612019184035,0.1150707114371545,0.4789340292902062,0.0949468692408291,-0.7802021764744203,-0.1547152460200047,3.55,0.7,1.085806104012205,0.2154444374923572,0.5941137268915784,0.1179384394348583,0.3878094139882951,0.0759292770071208,-0.9541571027537366,-0.193127617566918,3.85,0.775,1.0121789347883985,0.2017554278112975,0.6113398379437224,0.1224366091539548,0.6632607803462278,0.1322555319008193,-0.4363502379942585,-0.0840851750068219,4.1,0.8125,1.3749732728203266,0.2724787187453768,0.6239442589846884,0.1250516783211923,0.4689493348353428,0.0926733291437653,-0.3958257876302488,-0.0766086219344455,4.05,0.8062499999999999,1.057520383292097,0.2081356911522225,0.6412289897888812,0.1285172013924379,0.4662643281593263,0.0922045690545789,-0.8311513722989912,-0.1647790189736935,3.3,0.6499999999999999,1.1122697836622208,0.2182483889453807,0.5558112374651145,0.1126866655531704,0.3878566136609235,0.0783065595490898,-0.543059294275943,-0.1101855240514348,4.0,0.7999999999999999,1.0484285291994069,0.2109502264272802,0.6026125649354847,0.1196653789122801,0.4551932133885278,0.091131623494957,-0.5857209293769621,-0.117372391152619,4.1,0.7999999999999999,1.1242504369114563,0.2248840287574887,0.6179317823765001,0.1227979300352638,0.4779230652620639,0.0957356279892127,-0.6007560981328199,-0.1204003284315115,4.1,0.825,1.1412909514027032,0.2280593833034674,0.5886499646280373,0.1178111135076298,0.4280496217431945,0.0853603479897772,-0.5281630724577411,-0.1048664803697535,3.45,0.6749999999999998,1.014242986002214,0.20145055933574,0.6588442313624033,0.1303432159339607,0.4867244294639771,0.0971755437998704,-0.6095947119776968,-0.1217195121110905,4.0,0.79375,1.1333203985193148,0.2259628389771132,0.6594310886013247,0.1320166297240399,0.4566174991092449,0.0918615540377582,-0.6138238178358113,-0.1231556393749919,4.4,0.8749999999999999,1.1202032625007263,0.2247627775255657,0.5922624861300521,0.1173735950066478,0.5072765121504543,0.1016407815339466,-0.6490177810725607,-0.1299120981212567,4.85,0.98125,1.2626713130472147,0.2543386725207706,0.0365903011790741,0.0890889928040403,641.8363636363637,269.50847457627117,372.3278890600925,451.7894736842105,446.49122807017545,5.298245614035068
sub-009,0.26027193585465,,0.26027193585465,,0.0690352539080995,,0.2197683725595243,,0.2197683725595243,,0.047043023215087,,-0.0251936419475652,,0.1677286319128108,,0.1677286319128108,,0.0405819772774521,,0.0097184174806538,,0.2102973314240363,,0.2102973314240363,,0.0428442928380899,,-0.0272417865246111,,0.1342835559700535,,0.1342835559700535,,0.0318114224239806,,-0.0374769525271991,,0.1359915154029198,,0.1359915154029198,,0.0295106276708225,,-0.0231211397577243,,0.2141997066203091,,0.2141997066203091,,0.0724535230383033,,0.0980132561208054,,0.034912059428219,,0.0020481445770458,,0.0122833105796339,,0.0020725021898407,,0.1232068980683707,,0.0369602040052649,,0.047195370007853,,0.0328395572383783,,0.0882948386401515,,0.010235166002588,,0.0041206467668866,,0.1252550426454166,,0.0143558127694747,,0.1354902086480047,,0.1211343958785299,,0.6699729349669499,0.1346065039690614,0.5546269812394098,0.1121228199517087,-0.6761110157441758,-0.1366623861777151,4.4,0.8875,1.3682991688215271,0.276387258652765,0.594385776890489,0.1178334736510123,0.3839395314812499,0.0774418576214894,-0.7960235387159764,-0.1600584809843062,4.2,0.825,1.135254926278371,0.2282715572137738,0.5838333320242268,0.1151889732909182,0.4329955915751606,0.0871877109433801,-1.0340921468246738,-0.2077578434081941,3.55,0.7,1.156742462421931,0.2318981096563053,0.6697343750256882,0.135400395040298,0.6760231909899749,0.136104090739111,-0.4581282413902226,-0.0926787112701368,4.4,0.9125,1.532659002574638,0.3096849147139247,0.5521435368673646,0.1081818984237685,0.6680236628478988,0.1357827571363002,-0.6688990254411167,-0.1368067618864224,3.3,0.66875,1.4749475829940912,0.298749626145324,0.6288825812052153,0.1263243740336248,0.5608981109684199,0.1137331895970723,-0.8602087875180005,-0.1733085660301411,3.7,0.7374999999999999,1.357962684587678,0.2750716466662466,0.631685572728594,0.1253622585120725,0.4427534376364124,0.0895081483666325,-0.5616523098233169,-0.1133662872107479,3.4,0.6562499999999999,1.221560556638578,0.2469801394423803,0.6759163632317275,0.135226485049637,0.569902368962999,0.1149979768337808,-0.7034230610578842,-0.1415164203666605,4.25,0.8625,1.3908979524556098,0.2798276453335291,0.6795664312603341,0.1365325048919844,0.5535840656252627,0.1120599738601573,-0.6855539226644894,-0.1386786591215034,4.4,0.90625,1.3528599202679308,0.2745188214198015,0.6105060324986387,0.1223465376701408,0.5177935978536241,0.1045127367213493,-0.6170164958661759,-0.1246312842230617,4.35,0.8937499999999999,1.2965707829629738,0.2621661865020064,0.613471482216269,0.1225820207307231,0.4535619697462805,0.09130241913682,-0.547784323834111,-0.1100737989432974,4.2,0.8499999999999999,1.0857927262541995,0.2184397069012847,0.6583986078521668,0.1318637361227648,0.4708196677985322,0.0947065741583042,-0.5911886890466149,-0.1184212291955243,4.25,0.8624999999999999,1.081224287994911,0.2168498267585939,0.6541797776392497,0.1307335990417506,0.5236873005176379,0.1045861450861399,-0.650508631737755,-0.1292064426457765,4.0,0.7625,1.2362142559915013,0.2449201763702924,0.0232379488633583,0.0749230107087397,396.26785714285717,199.58620689655172,196.68165024630545,326.0,265.3392857142857,60.66071428571428
sub-010,0.2735863286198698,,0.2735863286198698,,0.0708311504169084,,0.2454238271555572,,0.2454238271555572,,0.060728851404272,,0.0586254641819543,,0.2372235028638523,,0.2372235028638523,,0.0549353357991313,,-0.0047305661388716,,0.2650090159417823,,0.2650090159417823,,0.080330714752745,,0.0328774185506307,,0.2431181228190167,,0.2431181228190167,,0.0545712682585533,,-0.0610248026591736,,0.2066266582984557,,0.2066266582984557,,0.0453451889907017,,-0.0376627734151894,,0.1988965099661168,,0.1988965099661168,,0.0343733129090436,,0.0252921081253347,,0.063356030320826,,0.0257480456313235,,0.119650266841128,,0.0962882375971439,,0.0333333560566196,,0.0376079846895024,,0.0562942365203019,,0.0329322072763177,,0.0300226742642064,,0.0939022212098044,,0.0705401919658203,,0.0075853104252959,,0.0233620292439841,,0.0863169107845084,,0.0629548815405242,,0.620111967850295,0.1241261924920391,0.5050921735152208,0.1010400383624188,-0.6017183786460462,-0.1202616092400871,6.85,1.43125,1.215445556780716,0.2427644670253853,0.6125148081785293,0.1241683070301249,0.372330245064911,0.0735386959130923,-0.7356854017485911,-0.1463569304959533,4.45,0.8999999999999999,1.0344667846094235,0.2073873028628656,0.6531607748161466,0.1309794875679959,0.3940695866771683,0.0800762144737452,-0.8651859358075006,-0.1739433678050763,4.6,0.95,1.1545479848912483,0.2313365015294775,0.5460263018030773,0.1087438476335515,0.6257662955701664,0.1257381835161571,-0.4302238564731252,-0.0858036240992839,3.65,0.7249999999999999,1.337244531660864,0.2669046618184913,0.5369824431491768,0.1072504074630161,0.4483304721191753,0.0902457055877774,-0.4558742063752004,-0.0904328092689674,4.0,0.8187499999999999,1.063476866791781,0.2134387719701294,0.6173790938941197,0.1239993071178418,0.5538183769811595,0.1103276652570176,-0.6730776412121777,-0.1340110109225075,3.3,0.66875,1.292954243749961,0.2575387645132891,0.6440147282356798,0.1282898842747322,0.4847727589160686,0.0964779851853955,-0.7156541134241403,-0.1443123121796266,4.6,0.93125,1.2500022345687911,0.2488789952292201,0.5930084767390362,0.11809839410862,0.5169767729583217,0.1033481243707446,-0.6265703583762303,-0.124557969333154,5.0,0.975,1.2336790178568586,0.2457969397299382,0.6312922182881898,0.1262645044935041,0.4962641528692575,0.0992505108070957,-0.5985127136498958,-0.1195454581875603,5.9,1.225,1.206636799942308,0.2408834554704574,0.6248672195409192,0.1246592823275533,0.4879285583455015,0.0977493694639466,-0.5648513559233006,-0.1131030785186383,5.6,1.13125,1.1831344944861484,0.236728898035019,0.6597096853850859,0.1317679516171689,0.532621002905066,0.1067747152603398,-0.6422517020054437,-0.1287087667735717,6.05,1.2625,1.3177460111001842,0.2649837673550023,0.6350409438378285,0.1273333480325342,0.4698897139197511,0.0945634328294185,-0.5820639995828806,-0.1166960584702962,6.75,1.38125,1.1375978639254505,0.2291958677435744,0.5404163340793259,0.1070624956296918,0.4618589213733383,0.0920867468312791,-0.5597622064278407,-0.1112186209624206,7.65,1.525,1.1201226173157854,0.2237662208140778,0.08994890819041144,0.05483947001424625,349.4807692307692,192.8181818181818,156.6625874125874,348.98148148148147,187.41509433962264,161.56638714185883
sub-011,0.2725590258769311,,0.2725590258769311,,0.0719129109940697,,0.2201263794462137,,0.2201263794462137,,0.0502773094185306,,-0.0001921650403797,,0.1815910409132373,,0.1815910409132373,,0.0378857041355278,,0.0353613284536932,,0.2064158656374466,,0.2064158656374466,,0.0513195106577807,,-0.0243624396966211,,0.1828146332509657,,0.1828146332509657,,0.0430957136455877,,-0.0422059048271392,,0.1818504255615689,,0.1818504255615689,,0.041047204740944,,-0.0452986924627168,,0.2079277032176712,,0.2079277032176712,,0.0549545986318453,,0.0976092281028858,,0.0355534934940729,,0.0241702746562413,,0.0420137397867595,,0.0451065274223372,,0.0978013931432655,,0.0597237681503144,,0.0775672332808326,,0.0806600209164102,,0.0622478996491925,,0.0178434651305181,,0.0209362527660957,,0.121971667799507,,0.0031498652893881,,0.1398151329300251,,0.1429079205656028,,0.7378094010832761,0.1475177444835223,0.6018587940801595,0.1210733376982141,-0.7739645907719221,-0.1552295739425557,4.9,0.9812499999999998,1.522084174611064,0.3057928446879668,0.620482089730373,0.1240758211153118,0.4864250708845193,0.0977611962515251,-0.8568120262802292,-0.1715185880742635,3.9,0.8,1.3759706657593982,0.2767998630258858,0.5634219604069884,0.1132650100063604,0.3557723744617757,0.0724161120932228,-0.7701908312250426,-0.1548376677073661,3.35,0.6624999999999999,1.0977009626130925,0.2229351982854205,0.5264756203801445,0.1057581885130691,0.7553695998414761,0.151920527950719,-0.7248982732211885,-0.1457966073286098,3.1,0.63125,1.7306551676106636,0.3482642719388956,0.5855247979576303,0.1158952684090811,0.5452161631227076,0.1095838693737751,-0.684809745739221,-0.1369366065162691,4.5,0.8937499999999998,1.409927246666375,0.2807381840230145,0.621014092002256,0.1241996284116686,0.6263509141494846,0.1256085342565955,-0.995518618059518,-0.1998792595086073,3.15,0.63125,1.57760073103132,0.3168272571761562,0.5186145682891301,0.101693035629627,0.5937135741747215,0.1198654502459911,-0.6413971451827047,-0.1282661563017803,3.2,0.65,1.4834555213022156,0.2992704261907047,0.7316804290100591,0.1459719986018683,0.6068953632749916,0.1219996197390768,-0.7951167954132942,-0.1594277036660641,5.0,0.99375,1.526998160987188,0.3067863809545451,0.7352978656340889,0.1469284108787886,0.605921381494045,0.1218514615752586,-0.7834683202475994,-0.1574561517238676,5.0,1.0,1.5228160721660855,0.3059823557399599,0.6113026782693807,0.1219283347420275,0.5347900798253848,0.1074667802911884,-0.6557294374388827,-0.1316218408831002,4.65,0.9249999999999998,1.2880951114703458,0.2591835237807978,0.6562207809039,0.1312959030989754,0.5207698778393269,0.1047392813425426,-0.6546203094604394,-0.131185005874577,4.25,0.8312499999999998,1.205020271711799,0.2426554099826073,0.6617972712354642,0.1324880618903967,0.5156856537140169,0.1040907691717157,-0.659875114533887,-0.132688145506804,4.1,0.8312499999999999,1.2020204025045145,0.2426337197876852,0.6955439468909053,0.1389211539131862,0.5636996750784927,0.1131736224171999,-0.7303891895016915,-0.146111771401063,4.15,0.8312499999999999,1.3466101341604342,0.2693878597715719,0.04580814606603673,0.0714824991097066,67.33928571428571,173.66666666666666,-106.32738095238095,128.39655172413794,113.14545454545454,15.251097178683395
sub-012,0.246647382998163,,0.246647382998163,,0.0607594891273208,,0.1687923759420153,,0.1687923759420153,,0.0402474869331281,,0.0042678799938374,,0.1101192926378117,,0.1101192926378117,,0.0242174687157487,,0.0330050324031409,,0.2076661321614501,,0.2076661321614501,,0.0511472415275947,,-0.032237756417256,,0.2075714052393605,,0.2075714052393605,,0.0438715539719329,,-0.0124723021458451,,0.1961728531877981,,0.1961728531877981,,0.0436160166454181,,-0.0405262491350375,,0.1604340498410558,,0.1604340498410558,,0.0465413315636622,,0.0719057370700222,,0.0287371524093034,,0.0365056364110935,,0.0167401821396825,,0.044794129128875,,0.0676378570761847,,0.065242788820397,,0.045477334548986,,0.0735312815381785,,0.0389007046668812,,0.0197654542714108,,0.0082884927177814,,0.1041434934872783,,0.0280539469891923,,0.0843780392158674,,0.1124319862050598,,0.7012061873303012,0.1404772771427652,0.580850779760983,0.1169220298911504,-0.6818553397793414,-0.1362137793120845,4.35,0.8874999999999998,1.4163603422911917,0.2849018815758886,0.5736600013173894,0.1122604105627394,0.5858445603681762,0.1181071113665462,-0.7258447728122955,-0.1458754257469159,3.4,0.6749999999999998,1.4856579588996777,0.2998313867595692,0.6405193829843517,0.1290429593265008,0.4446969302090555,0.0897688967687416,-0.907446527637106,-0.1806142596852477,3.8,0.78125,1.2519359960608731,0.2525523005890877,0.6567852621062907,0.1310183237401298,0.724923734173115,0.1461543145242062,-0.5803450158084569,-0.1154009935123533,3.5,0.6999999999999998,1.6062329939110611,0.3235936259518742,0.5976946258686935,0.1182145870849209,0.6433486101851464,0.1302052450588147,-0.6027900196269507,-0.120874059379067,3.6,0.7,1.4402040374836873,0.2900200616939768,0.6650103890411562,0.1326795677349692,0.513905780674616,0.102592265609452,-0.8787873761156648,-0.1747336805904536,4.4,0.8687499999999999,1.2998895723599793,0.2609902105237529,0.6182137640913739,0.1233367625344986,0.4640665140259291,0.0934199697647883,-0.5841001657802539,-0.1169820061488262,3.15,0.6375,1.2605293022449175,0.2525078308433841,0.6865017108592928,0.1378363629958517,0.5656260663116401,0.1149653056636384,-0.676252424176767,-0.1370610277447253,4.1,0.8374999999999999,1.3723996066060518,0.280078205567605,0.7080521040392255,0.1419505978237845,0.5740663725652785,0.1155672816957241,-0.6740777909402688,-0.1349056949355518,4.1,0.825,1.3951740183385728,0.2807597925480847,0.6341963959619351,0.1263267136293155,0.5444987461967281,0.1088947740780034,-0.6111431187615727,-0.1210949992028938,4.2,0.8124999999999999,1.2920909108746066,0.2568962691970876,0.6347633219766315,0.1270428850081602,0.5283139101862695,0.106838476542256,-0.6263304356712257,-0.1261107076534683,4.65,0.93125,1.3039567432526078,0.2645017833901829,0.7085382194592237,0.1421439411595345,0.5527237912861999,0.1119067622468869,-0.6668259564325953,-0.1348263893972442,4.95,0.98125,1.3388551296177826,0.2718397283847309,0.6268196428573108,0.1254244603974255,0.52667989519579,0.1055934870919142,-0.6195041234952358,-0.1238873209696483,3.35,0.66875,1.2071573270394371,0.2415018991305154,0.027327656986693098,0.05621599310252985,291.17543859649123,232.8913043478261,58.28413424866514,283.61538461538464,246.31372549019608,37.301659125188564
sub-013,0.2645688204683261,,0.2645688204683261,,0.0646267733020581,,0.1700031460214943,,0.1700031460214943,,0.030939506108732,,-0.0098456328894324,,0.138851993818024,,0.138851993818024,,0.0247782403255112,,0.0139350541132797,,0.2043958628303586,,0.2043958628303586,,0.0501637712708798,,-0.0269043199636282,,0.1392137409880589,,0.1392137409880589,,0.0310972621147688,,-0.0231076660375675,,0.1806883018430429,,0.1806883018430429,,0.0437431237153275,,-0.0407619910520749,,0.1864688951723203,,0.1864688951723203,,0.0537345389063184,,0.0918277911514391,,0.0237806870027121,,0.0170586870741957,,0.0132620331481351,,0.0309163581626425,,0.1016734240408715,,0.040839374076908,,0.0370427201508473,,0.0546970451653548,,0.0778927370381592,,0.0037966539260606,,0.0138576710884467,,0.1187321111150673,,0.0176543250145074,,0.1149354571890066,,0.1325897822035141,,0.7197352627539576,0.1434726558857889,0.5302347916351218,0.1062967976100368,-0.615353420001183,-0.1234078413989024,4.45,0.8687499999999999,1.3147463171763014,0.2632698972456292,0.6894317539901029,0.1376472104829132,0.5485610590654899,0.109988128078733,-0.9462147518825076,-0.1913408669627702,4.15,0.8125,1.3420098112258714,0.2677528505537034,0.6737491874288575,0.1344997440168219,0.3276086407708404,0.0630885149558822,-0.7504407104783385,-0.1513848968259614,4.0,0.8250000000000001,1.0546395957542969,0.2085324986556566,0.7167927596880065,0.1432838659323937,0.7416540305477014,0.1488724546994713,-0.4797453788140716,-0.0980356638125447,4.1,0.81875,1.6304267370093832,0.327852740774878,0.6490451169411287,0.1295966638165268,0.5390892896809667,0.108330179507713,-0.4856182826666706,-0.094359307853377,3.85,0.7625,1.275256891616758,0.255245845011753,0.6613499047897093,0.1311813492222588,0.4574842935161598,0.09142397521853,-0.7225274951076824,-0.1443471014354871,4.8,0.95,1.164953573263356,0.2335526916376064,0.6332984434252936,0.1272042929753743,0.426123816529307,0.0862531634060644,-0.5392274966869544,-0.1078545822779736,4.6,0.93125,1.147795291695458,0.2296577065236327,0.7104484285713815,0.1414013265238303,0.5005200963208812,0.1002046880220987,-0.6311983339504371,-0.1267353063676726,4.25,0.8312499999999999,1.2731394157142772,0.2554148673469165,0.7272970007996102,0.1459747107490042,0.532922392564963,0.1071415502507329,-0.6242492182597544,-0.12555001188121,4.0,0.7999999999999999,1.309117097512745,0.262800862399108,0.6696489969144344,0.133090108685977,0.4639404360750251,0.0929657532829323,-0.5235330861464813,-0.1043854244123029,4.3,0.86875,1.1068551304845964,0.2208320527561962,0.6811922535605998,0.1362663822238949,0.4704579220258932,0.0948736692871821,-0.5535196561746419,-0.1113455262132656,4.55,0.925,1.1775852180856872,0.2370642299001114,0.7071424545577089,0.1420252439490686,0.4879487537014004,0.097525445755645,-0.6012245090877167,-0.1198969512799444,4.65,0.90625,1.2415602155409626,0.2480370385946324,0.6674640361113188,0.1332514524637541,0.4914393836175257,0.0983309861571639,-0.5727274084094198,-0.1138828321041739,4.7,0.9375,1.1786288229455075,0.2348101124080014,0.018033802408347666,0.066294891101757,321.12280701754383,212.74074074074073,108.3820662768031,291.2692307692308,248.23728813559322,43.031942633637556
sub-014,0.2564595694539289,,0.2564595694539289,,0.0710091436133024,,0.149522066141801,,0.149522066141801,,0.0359463215927403,,-0.0006802692461468,,0.1652452070604833,,0.1652452070604833,,0.0375555498424202,,0.0113137191739548,,0.225627210275316,,0.225627210275316,,0.05894362891361,,0.0067645582448186,,0.1743371496331877,,0.1743371496331877,,0.0435560168689953,,-0.0478900049577689,,0.1652656629367279,,0.1652656629367279,,0.040652920243305,,-0.0615065602278171,,0.1626213170534423,,0.1626213170534423,,0.0342199190219846,,0.0965336811156047,,0.0119939884201016,,0.0098173995104015,,0.0472097357116221,,0.0608262909816703,,0.0972139503617515,,0.0045491609291361,,0.0592037241317238,,0.072820279401772,,0.0852199619416498,,0.0546545632025877,,0.0682711184726358,,0.089769122870786,,0.0136165552700481,,0.1444236860733737,,0.1580402413434219,,0.599752887975355,0.1188441199615205,0.5035024725178466,0.1008435368682907,-0.6184929519927234,-0.1235554319876271,4.75,0.95625,1.185636830666304,0.2372232357098063,0.6315877498122136,0.1268759640411876,0.5242294356442752,0.1056315120686004,-0.8714876486127567,-0.1760518770816134,3.8,0.7687499999999999,1.2350024349689692,0.2478892165712274,0.5928230922286488,0.1211582438528505,0.3867060710567499,0.0778781580530835,-1.009301528124745,-0.2043900850486394,4.15,0.8375,1.2515222697674735,0.2492025173725522,0.6317123225766839,0.1264123233215053,0.6791977824732722,0.1367826996186841,-0.4328104274374929,-0.0869898345666991,3.45,0.66875,1.4195579448791429,0.2846665161145758,0.5499080854774676,0.1086822790519177,0.5599161690950138,0.1115200694386576,-0.591650414448844,-0.1165157756203227,3.35,0.6437499999999999,1.2212544338466838,0.2446017392019267,0.6295029671184663,0.1266619367976273,0.4190150970492323,0.0837074289995568,-0.7236496920681471,-0.1439084911973713,3.25,0.6375,1.0046371479803398,0.2005823925344249,0.5173267347173305,0.1030227302583321,0.3563065210110165,0.0709842989689716,-0.4925738296435468,-0.0981948434904232,2.6,0.5249999999999999,0.9765178774762642,0.1945044627292014,0.5900353154642962,0.1171499932607994,0.467120108772074,0.0938949880611915,-0.5775965911204068,-0.1160553159542928,4.25,0.8624999999999999,1.1004628295917656,0.2210634934113857,0.5953204622801079,0.1183658351181365,0.5027885496388219,0.1009619045328594,-0.6225373965855208,-0.1249838875261191,3.7,0.7437499999999999,1.172787046407096,0.2358535912242433,0.6116253007776762,0.1218417237589829,0.4526128735642946,0.0903047006624323,-0.5511789618835795,-0.1095481805329929,4.55,0.90625,1.0765973371558504,0.2139547130075652,0.6608521490992325,0.1317059805549468,0.5036761463003684,0.1005500554377645,-0.6341869512142145,-0.1256724510938227,4.65,0.8937499999999999,1.1825179387604732,0.2351371769870585,0.6372683529430816,0.1269805970765759,0.5283523064653879,0.106015749514169,-0.6683350557969405,-0.1340799588238032,4.9,0.9874999999999998,1.265898035340713,0.2547531571863237,0.6323069901681362,0.1262002829021664,0.5388599967447967,0.1078503834379141,-0.6593965152020547,-0.1313960912771203,4.65,0.93125,1.2133338724608396,0.2424020781611108,0.0536893410153112,0.0790201206717109,254.67857142857142,63.28846153846154,191.39010989010987,209.0909090909091,114.20754716981132,94.88336192109777
sub-015,0.2357322602862169,,0.2357322602862169,,0.062598393137474,,0.218308328145394,,0.218308328145394,,0.0643817198265377,,0.0510983421092337,,0.1604955032026099,,0.1604955032026099,,0.0398352386583679,,0.010186484981946,,0.2259195949854862,,0.2259195949854862,,0.0678535656589207,,0.0400647071874872,,0.1800903432653845,,0.1800903432653845,,0.0401204802874348,,-0.0351881136932502,,0.1760981910143341,,0.1760981910143341,,0.0277545805072549,,-0.0496866293942025,,0.2053153638075469,,0.2053153638075469,,0.0468433387154103,,0.0065382114322324,,0.0409118571272876,,0.0110336349217465,,0.086286455802484,,0.1007849715034363,,0.0445601306770012,,0.0298782222055411,,0.0453745986751963,,0.0598731143761486,,0.003751504679702,,0.0752528208807375,,0.0897513365816898,,0.0335264957552546,,0.0144985157009522,,0.0417263251254828,,0.056224840826435,,0.7049788841133635,0.1412327142680101,0.4945898186502976,0.099309303846896,-0.5943455204647978,-0.1190432285250429,5.1,1.0499999999999998,1.1927116246813818,0.2387768584307688,0.6031472534900599,0.1201966786035755,0.4510589605711766,0.0909325699424048,-0.5076490967456446,-0.100948581618132,4.05,0.8187499999999999,1.179484944131471,0.2362451856247659,0.5680767120845072,0.1099809257662323,0.3543413302131847,0.0704167682009615,-0.9668586306093973,-0.1926571316785822,3.45,0.69375,0.9831257233035025,0.1962757724586464,0.6326897531941881,0.1278311927937266,0.6403863336421372,0.1286701485035701,-0.3461670147199471,-0.0699920598488154,3.7,0.73125,1.4214747761487228,0.2852687773998745,0.6664279538342277,0.1334568081897628,0.5601093098590049,0.1129935775548578,-0.5151881843323881,-0.1023080172693879,3.9,0.7687499999999998,1.2778634385896723,0.2553478182016238,0.7339819827654848,0.1467589107034675,0.39273814794528,0.0790269142051607,-0.8207017265601875,-0.1646415892179337,4.4,0.8499999999999999,0.9863223392548328,0.1969659694428967,0.6000651887041244,0.1193570188699456,0.4509824997402886,0.0899579192637549,-0.6451201949088785,-0.1293089075820011,3.55,0.6875,1.087500069842546,0.2180880844658837,0.7265156745177402,0.1455141627285268,0.5078425699299114,0.1018209630520338,-0.6216401046779365,-0.1242975748053633,4.55,0.9375,1.2139719323153315,0.2427714536925847,0.7174499461765098,0.1438225873827268,0.495284146935769,0.0992555362344127,-0.6038744149121034,-0.1205286587809289,4.6,0.925,1.1986968649392646,0.2393055137216035,0.7283545072588737,0.1463430214535471,0.4786217495700901,0.0961270181496896,-0.5981292088164331,-0.11954233438007,4.85,0.98125,1.1695358904079374,0.2342160578079584,0.6430586739052719,0.1281610579700949,0.3999416177838664,0.0792519338870981,-0.4829322376553174,-0.0953210331646267,4.1,0.7874999999999999,0.9969999915056624,0.19814965190701,0.7006522447646117,0.1402999166035789,0.5097199138333431,0.1027504293619291,-0.655650621993128,-0.1313370339659489,5.35,1.06875,1.2643944719066953,0.2537765395147541,0.635195179635456,0.1277970191342802,0.421783545787106,0.0840083813073604,-0.5046504430169223,-0.0995593293553324,4.6,0.90625,1.0026543012168945,0.1990050639093699,0.06897129178613925,0.0281124204132175,354.2142857142857,72.78181818181818,281.4324675324675,249.9433962264151,182.6206896551724,67.32270657124269
sub-016,0.256049739332378,,0.256049739332378,,0.0705017716256887,,0.1771411040978514,,0.1771411040978514,,0.0410421751318207,,-0.0022813222181378,,0.128136680584784,,0.128136680584784,,0.0305980801175133,,0.0215137052102958,,0.2230930397559322,,0.2230930397559322,,0.0557769879292948,,-0.0130863301863307,,0.1541246280600193,,0.1541246280600193,,0.0320089454040376,,-0.0447847097623771,,0.1418458914714866,,0.1418458914714866,,0.0354122710507118,,-0.0531326034342839,,0.2269764462366027,,0.2269764462366027,,0.0462283823860322,,0.1027185654117762,,0.0237950274284337,,0.0108050079681928,,0.0425033875442393,,0.0508512812161461,,0.1049998876299141,,0.0346000353966266,,0.0662984149726731,,0.0746463086445798,,0.0812048602014803,,0.0316983795760464,,0.0400462732479532,,0.115804895598107,,0.0083478936719067,,0.1475032751741535,,0.1558511688460602,,0.6329297723819789,0.1264668493223129,0.4885899726541435,0.0968431134732388,-0.5928391818299578,-0.1170798057399622,4.25,0.8624999999999998,1.0980847554250062,0.2162062512940278,0.6583444838321394,0.1317076771947375,0.4458435244630837,0.0872476247558542,-0.667317415611433,-0.1321562611543648,3.5,0.6875,1.051669907318883,0.2066319295759335,0.5273623176282005,0.1070234174710279,0.2493895362310685,0.0504065014361067,-0.935024107173798,-0.1875891755591782,3.0,0.5812499999999999,0.7768442052763789,0.1548493234805634,0.6225721806078445,0.1248865230798281,0.6237584824863089,0.1240105229790333,-0.4020852220849312,-0.0779948038177623,3.9,0.7874999999999999,1.2668271249449226,0.2495300268235676,0.5925373474038478,0.1186439853656342,0.5928947577332951,0.1168241655056647,-0.6453741855025515,-0.126802905923922,3.6,0.7499999999999999,1.1755031119392676,0.2306479370668375,0.5264940462192039,0.1031640853279373,0.4231492819120951,0.0837186546094097,-0.661642997748188,-0.1306999060152922,3.3,0.6375,0.991630999807226,0.194364612082325,0.5669785149586452,0.113052771029546,0.3996980587190344,0.080131983251377,-0.5394757976136816,-0.1076703096108448,3.75,0.7374999999999998,1.0049501712496822,0.2002524034431086,0.6321945451524691,0.1255791950487065,0.5068908941097922,0.1007304030635448,-0.622469001413071,-0.123217585071147,4.35,0.8687499999999999,1.1842100977193617,0.2331858224488474,0.6387586538172921,0.127446691165905,0.4955415866871606,0.0981865043253544,-0.6004826269021131,-0.1183552758462716,3.7,0.73125,1.105995626393495,0.2174222890503348,0.6341635821072346,0.126540387028201,0.4575432953664691,0.090787935803255,-0.5585379552704074,-0.1103600418635763,3.65,0.7249999999999999,1.0242047859222168,0.2026152826140786,0.6420046915873118,0.1283468118377043,0.4341675246775818,0.0868063511716426,-0.5534472685675985,-0.1101240588123225,3.15,0.63125,1.0168978231519523,0.2029212981525924,0.6338176599996659,0.1254367533432103,0.4700157609373998,0.0928463510103886,-0.5904371077486459,-0.1164717068804083,4.15,0.825,1.0895308283499354,0.2142107036700283,0.5628662692165232,0.1121534214349823,0.5210298818029602,0.1045153569316765,-0.6489565675869816,-0.1303562598186269,4.25,0.8624999999999999,1.2735787807487229,0.2545275165455015,0.04683339403098627,0.07792558442303009,322.9795918367347,253.24,69.73959183673469,283.6909090909091,292.84090909090907,-9.149999999999977
sub-017,0.2590056358831344,,0.2590056358831344,,0.0740721552590934,,0.1731397490467616,,0.1731397490467616,,0.0411097316585759,,0.0033919167773758,,0.1590013836093479,,0.1590013836093479,,0.0345372262359759,,0.0038195867167584,,0.225310649391987,,0.225310649391987,,0.0616846385609572,,0.0103818727159032,,0.2095223360025907,,0.2095223360025907,,0.0375629945008438,,-0.0511703836226748,,0.1753165213791687,,0.1753165213791687,,0.0372268879410905,,-0.0676760078830155,,0.1662803054618787,,0.1662803054618787,,0.0364762578608252,,0.1022175385946088,,0.0013524278648077,,0.0069899559385274,,0.0545623004000507,,0.0710679246603914,,0.0988256218172329,,0.0065622859991447,,0.0549899703394333,,0.071495594599774,,0.0983979518778503,,0.0615522563385781,,0.0780578805989188,,0.0918356658787055,,0.0165056242603406,,0.1533879222172837,,0.1698935464776244,,0.5827110361753917,0.11603831467667,0.4900574913790258,0.0975371272751949,-0.5778472633449789,-0.1147180413725797,3.2,0.625,1.1364451560483988,0.2259847797386061,0.6179595606055472,0.1248638246244648,0.554162856787298,0.1111644190043465,-0.8156322253340553,-0.162578073218405,3.45,0.6937499999999999,1.2172008445788536,0.2424195548140084,0.5537302842457826,0.1130406629700903,0.4273575310001922,0.0850166823739959,-1.0533404734216247,-0.2106269705713258,4.0,0.8125,1.191767396244546,0.2372662200490876,0.642741098415205,0.1290433562945843,0.6510606852684548,0.1297384815072629,-0.373143653412071,-0.0730096617959022,3.9,0.7749999999999998,1.3110169027520464,0.2607362361253543,0.583699043519067,0.1169331123427252,0.5302441579675501,0.105611468948327,-0.6496645356365814,-0.129217947869581,4.0,0.7937499999999998,1.1699050810806333,0.2339799864709442,0.6219898750502085,0.1259576921997745,0.4066057145387165,0.0808296381146403,-0.5861074811515279,-0.1171120939194831,3.35,0.6625,1.009041944501872,0.2000195008365716,0.5763355839271054,0.1152797639360065,0.3398478400226528,0.0672834865744957,-0.4892063984546334,-0.0962604597772666,3.85,0.76875,0.9406195061603476,0.1866167240428692,0.596090012299874,0.1193746413078304,0.4704407214262144,0.0945179514731067,-0.5758823611187174,-0.1157552947646282,3.6,0.71875,1.1196548749486015,0.2250845816178565,0.6096604230256832,0.1213360677702933,0.4977197908814363,0.099154607892005,-0.598869082687074,-0.1190319318388387,3.3,0.65625,1.1572370520966755,0.229795529568261,0.6127306462966684,0.1232951404585808,0.4571562051910751,0.0922936770924654,-0.5275585971589174,-0.106042949122344,3.05,0.60625,1.0655883125467225,0.2143954667185477,0.6042745683929491,0.1213796968870367,0.4731943922021507,0.0952670351967804,-0.5813460512154646,-0.1165247213633138,3.75,0.74375,1.1082592588995166,0.2229701524050224,0.6057637917130381,0.12131952806602,0.5149766706187702,0.1033807639208277,-0.6269853101794803,-0.1255649558278504,3.7,0.74375,1.2137873215872568,0.2423089910364514,0.60498033769479,0.1207358636452628,0.5162258134960456,0.1035052757614453,-0.6158068286996046,-0.1233362658590952,3.75,0.7562499999999999,1.2048784215599129,0.2414938098563808,0.05703484235935404,0.08494677323881215,376.4146341463415,95.27659574468085,281.13803840166065,183.68085106382978,275.0731707317073,-91.39231966787753
sub-018,0.2858844764040897,,0.2858844764040897,,0.0772691260589977,,0.2332304701815245,,0.2332304701815245,,0.0542489242587153,,-0.0207851710045137,,0.1308593423265969,,0.1308593423265969,,0.0350976908514843,,0.0341090316321323,,0.2677736096308895,,0.2677736096308895,,0.0640179468035591,,-0.0502708238138411,,0.2067821562689121,,0.2067821562689121,,0.0487094539077481,,-0.0230909823302079,,0.2449799329828998,,0.2449799329828998,,0.0523067269693206,,-0.028035179382084,,0.2620512472972461,,0.2620512472972461,,0.0551677313246297,,0.102173749469521,,0.054894202636646,,0.0294856528093273,,0.0023058113256941,,0.0072500083775702,,0.1229589204740347,,0.0843798554459735,,0.0572000139623403,,0.0621442110142163,,0.0680647178373886,,0.0271798414836331,,0.022235644431757,,0.1524445732833622,,0.004944197051876,,0.1252647317997289,,0.130208928851605,,0.6269412320074045,0.125421085355157,0.5604079607184511,0.1126586343625543,-0.7057446220677438,-0.1420305847124123,5.2,1.0875,1.2896399263242575,0.2601153203072626,0.4938514659518225,0.0994483093072595,0.5784175801310705,0.1163551055668763,-0.8146642362773008,-0.1620942742560037,3.4,0.66875,1.3055265882381275,0.2632249898767087,0.6000651385070427,0.120775108101417,0.3533965565259095,0.0721810091618682,-1.020028376985508,-0.2053795420781125,3.15,0.63125,1.0939497726342984,0.2205726501510267,0.6371118954287562,0.1284555697280185,0.6835918511886186,0.1372818917215236,-0.534942353447987,-0.1074864308773451,3.15,0.63125,1.4259215520141046,0.2877658315488484,0.6036376202971042,0.1198716224151505,0.6370765829790285,0.1284936862216654,-0.7367718119510683,-0.1496335693142076,3.75,0.7499999999999999,1.3226871688827444,0.2679232212751574,0.6460123078216422,0.1293999940721995,0.5302215601050321,0.1070036150826544,-0.910171503405214,-0.1827317569701011,4.4,0.8937499999999999,1.2507002722477505,0.2525500936549311,0.539120896555579,0.1076040022853348,0.4115657731043575,0.0817562323435222,-0.5032787710220173,-0.1007166403876903,3.5,0.71875,1.1065464668516385,0.2216170842658636,0.6191074845794855,0.1238422662927512,0.5364303437420139,0.1076948495761973,-0.6759350874890099,-0.1355621594989371,5.45,1.13125,1.2516728312403358,0.2514913361110542,0.6362559133681606,0.1270341542231496,0.5586021356539905,0.1120751803880518,-0.7137834282151722,-0.1433039172783384,4.55,0.94375,1.267910866729071,0.2544126975907383,0.5995031952714684,0.1188223020824214,0.5294151239157638,0.1060967662401789,-0.6350530660173621,-0.1274804636874794,4.9,1.00625,1.185897122361601,0.2375900772049141,0.5746137179156157,0.1141230118419505,0.5278338622115177,0.1054904103024992,-0.6831156308374872,-0.1364618851895609,4.9,0.9875,1.228552170744718,0.2458925446354008,0.6260129399473514,0.1247491080913182,0.5296343581316247,0.1062083267147781,-0.7040229571174483,-0.1415666673824825,3.4,0.6749999999999998,1.22184621955704,0.2451178442388657,0.6513460614580862,0.1303456075193634,0.5891701816278276,0.1184169805812977,-0.7598300453023519,-0.1521822769375616,4.7,0.95,1.3038846531079118,0.2618425294252898,0.028895222257222502,0.06510446442580245,188.10169491525423,104.57894736842105,83.52274754683317,205.26785714285714,92.73333333333333,112.5345238095238
sub-019,0.2904374661993573,,0.2904374661993573,,0.0792169867726353,,0.2642641787708762,,0.2642641787708762,,0.0430850057502862,,-0.015268760894251,,0.1567536829675711,,0.1567536829675711,,0.0339720236138485,,0.0030205520254326,,0.2418653197338265,,0.2418653197338265,,0.0530531790015883,,-0.0294716938450361,,0.2456540871973095,,0.2456540871973095,,0.0496407645048144,,-0.0382042099255898,,0.2236079839121086,,0.2236079839121086,,0.0519402618464516,,-0.0420206187152636,,0.2452254657335935,,0.2452254657335935,,0.0605999767502984,,0.1168735098986464,,0.0182893129196837,,0.014202932950785,,0.0229354490313387,,0.0267518578210124,,0.1321422707928975,,0.0324922458704688,,0.0412247619510225,,0.0450411707406962,,0.1138529578732137,,0.0087325160805536,,0.0125489248702274,,0.1463452037436826,,0.0040447998621178,,0.1550777198242363,,0.15889412861391,,0.6597635442559259,0.1316083222780341,0.5381151380175343,0.1085075272619478,-0.6767693941229066,-0.1364484773532455,5.0,0.975,1.2999585804506828,0.2625905871611034,0.5460113728381324,0.1086314276437972,0.5576700501183963,0.1129776239936817,-0.7419862072521263,-0.148494228212885,3.75,0.73125,1.3354246669485084,0.2690840771854924,0.657778645864061,0.1301263910023117,0.346179079436217,0.0687527789521319,-0.8608689108075822,-0.1746544455705007,3.75,0.725,1.1596257895548017,0.2349952533603183,0.6638615349173644,0.1320029817415401,0.7228599055383539,0.1458596370204452,-0.6445657950846385,-0.1307708541815661,3.5,0.6875,1.521522963631424,0.3073664786848458,0.6580834246913723,0.1324185243655262,0.5502470789925588,0.1109435891300452,-0.5797088164423727,-0.11624020563309,4.25,0.84375,1.2900836168270424,0.2612113587595976,0.6468663815422707,0.1293549720659387,0.5169159855965181,0.1050341380404737,-0.8438471891678521,-0.1705186334569815,3.35,0.66875,1.2727463255131777,0.2584945253055324,0.6133005143396913,0.1211563865742206,0.3873231142376959,0.0775451827167356,-0.5439479076158786,-0.1089503263862277,3.55,0.7062499999999999,1.041163915067742,0.2088912324947582,0.6290068630348724,0.1263279406404388,0.5156113033903464,0.1040975516220936,-0.6458229973631826,-0.1302375739973335,4.8,0.9375,1.2286055972589125,0.2475476731072881,0.6612061010243738,0.1323247163876347,0.5313952992493539,0.1070055274492278,-0.6653020188177572,-0.1338541511686495,4.3,0.8624999999999999,1.269926657499859,0.2560819404300666,0.5701328600345356,0.1134251645311306,0.4352860928294212,0.0876654163418483,-0.5339150762964306,-0.10718456842516,4.55,0.9125,1.115254348287533,0.2233403451221371,0.6446641998423253,0.1285591988486088,0.4875201298003301,0.097771717402208,-0.6208350867291915,-0.1241217011366085,4.65,0.90625,1.1339206169603986,0.2273804982322818,0.6592429722212302,0.1310099235368214,0.494637338144585,0.0982675990357768,-0.6431022088976557,-0.1268915401786014,4.8,0.925,1.176519558662593,0.2325800500103439,0.6660853094658152,0.1324153155482081,0.5867021288665268,0.1173601311224555,-0.740413708452896,-0.147550912217398,5.1,0.99375,1.4037730729897144,0.2801226804179406,0.024297575687638268,0.07956125984317705,327.3392857142857,213.32142857142858,114.01785714285714,281.8545454545455,259.2105263157895,22.644019138755993
sub-020,0.2484866867343244,,0.2484866867343244,,0.0639513126903566,,0.1995112359526441,,0.1995112359526441,,0.0413761790357591,,0.0068732445096608,,0.1833738708937962,,0.1833738708937962,,0.0344949263389741,,0.0202806855494138,,0.2063299922564467,,0.2063299922564467,,0.0505323675761276,,-0.0110281989024751,,0.1615630750747342,,0.1615630750747342,,0.0352117752344654,,-0.0364964137686407,,0.1379912944755221,,0.1379912944755221,,0.032671625196374,,-0.0524442430424927,,0.1805890909761361,,0.1805890909761361,,0.0438484198887197,,0.0871117198271227,,0.0134074410397529,,0.017901443412136,,0.0433696582783015,,0.0593174875521535,,0.0802384753174619,,0.0313088844518889,,0.0567770993180545,,0.0727249285919065,,0.0668310342777089,,0.0254682148661654,,0.0414160441400174,,0.098139918729598,,0.0159478292738519,,0.1236081335957635,,0.1395559628696155,,0.6802626364921964,0.1368577811944499,0.5718340672366681,0.1153663837563286,-0.6926862774435707,-0.1397383858522032,5.25,1.05,1.399325840235864,0.2825620538178156,0.669610700670317,0.1335457309505974,0.6068078979766394,0.1210320450308822,-0.823854067146842,-0.1664717225692619,3.85,0.7625,1.4769549788066016,0.298560942384422,0.557386505105657,0.1108553213469424,0.4954975287427715,0.0998277698522399,-0.9716221341502298,-0.1947511443865998,3.5,0.7,1.2687901191091533,0.2554858915954434,0.5860440964736069,0.1167700579796102,0.7177416121267652,0.1444222389016189,-0.6023096812832149,-0.1223330595159764,3.65,0.7125,1.6232503927491715,0.3279952552498391,0.6170696580258839,0.1239441415018226,0.6027275108959113,0.1214342607260945,-0.614303430552603,-0.1229309879499215,3.8,0.75625,1.4444986270034756,0.2916679520988251,0.665620670117256,0.1334154886941232,0.4661321824876103,0.0948983336263342,-0.8086002387684463,-0.1638170445171088,3.8,0.7687499999999999,1.1891103451964402,0.2409251445043226,0.6409035175714426,0.126596845419607,0.4962926437879842,0.1009280962690353,-0.5788244792660203,-0.1158114953583288,3.7,0.725,1.271399377169351,0.2568996971171175,0.6926206765748015,0.1400200807169329,0.5523591073041374,0.1117506821041961,-0.6772578064559849,-0.137111393741291,5.4,1.1,1.3422326232361563,0.2721959071479424,0.6895381082707385,0.1395162083196005,0.569348832947111,0.1142506393560031,-0.6973834726800411,-0.1396059772552784,5.2,1.0375,1.394462379664463,0.279852856552057,0.6657488996566776,0.132489081144875,0.4953454026886682,0.0988736030806294,-0.5872114016914033,-0.116559616713417,4.8,0.93125,1.1907376628303514,0.2374317888352838,0.6547211935136302,0.1310073211115289,0.4682709303774137,0.0941050211437283,-0.583069971154917,-0.1169919829075483,5.7,1.1625,1.128499890933509,0.2265849578922492,0.6613884597759101,0.1321379890452014,0.5211955367592978,0.1044014188489537,-0.6324115929856319,-0.1261621399473013,4.7,0.94375,1.2118534919233734,0.2425844469353382,0.6185683211890678,0.1239928015154237,0.5062281051340831,0.101594736142838,-0.5974934602638123,-0.1197160602993037,4.7,0.975,1.167404384189873,0.2340522619106518,0.04187165748750713,0.0697779814348077,278.54716981132077,257.6363636363636,20.910806174957145,258.3137254901961,276.4736842105263,-18.159958720330224
sub-021,0.2176550594193906,,0.2176550594193906,,0.0571305233799378,,0.1924041302524063,,0.1924041302524063,,0.046826618040038,,-0.0182018257646677,,0.0627932977733103,,0.0627932977733103,,0.0162373786926864,,-0.046543677252062,,0.2025870789697899,,0.2025870789697899,,0.065822909244314,,0.0353314263469834,,0.150995320919712,,0.150995320919712,,0.0344628877270434,,-0.0057083711913148,,0.1764317901858844,,0.1764317901858844,,0.0476837570326124,,0.0410410284932715,,0.1274772603284368,,0.1274772603284368,,0.0265158429790962,,-0.0455072275680149,,0.0283418514873943,,0.0535332521116512,,0.0124934545733528,,0.0592428542579393,,0.0273054018033471,,0.0818751035990455,,0.0408353060607471,,0.0875847057453336,,0.001036449684047,,0.0410397975382983,,0.005709602146288,,0.0808386539149984,,0.0467493996845864,,0.0397988563767001,,0.0865482560612865,,0.6817429496742944,0.1357978529068248,0.5134110687482625,0.1032177810572831,-0.5769271992738588,-0.1158425184380702,4.4,0.8624999999999998,1.1826175446806082,0.2384161636695491,0.7065310455864802,0.1419010270701843,0.4874202839939037,0.0982574300963857,-0.7417323131550687,-0.1500847439265679,4.45,0.90625,1.1073229150061188,0.223227871654498,0.586072799137278,0.1155431003173657,0.3659507795122519,0.0725721360700169,-0.7313189798483217,-0.14686206527747,3.6,0.7187499999999999,0.9876029943470832,0.1974387687590656,0.602896975374315,0.1193154435630798,0.6041640278764524,0.1213153426870984,-0.3729837670526562,-0.0754554625400015,3.45,0.6812499999999999,1.3070399906918966,0.2640482643943577,0.6056309327013913,0.1208691056169988,0.6078675195380184,0.1231304709316954,-0.5633470032156457,-0.1128611096094429,3.75,0.7499999999999998,1.2954391757000792,0.2628990994359793,0.6440328107291216,0.1290663830812833,0.4475447562544324,0.0904581072186851,-0.8485157299673591,-0.1707019283634117,4.7,0.95,1.074066335259762,0.2169022135386404,0.7016011138581102,0.1393501893056426,0.4605921012861845,0.0918501040378803,-0.3652527177062822,-0.0712546004938042,4.6,0.93125,1.1359338846916656,0.2269061255817012,0.6662310978168192,0.1326528573149504,0.492661848802238,0.0983606446027572,-0.5693252574585104,-0.1133345368172162,4.4,0.8749999999999999,1.1308432008397438,0.2255832573444059,0.6941666051068502,0.1388879032399386,0.5284169355852126,0.1066953127837357,-0.5941346750893922,-0.1198584184857167,4.25,0.8312499999999999,1.2134638495834835,0.2464165711153935,0.6594252192229539,0.131170677789799,0.4981296467559892,0.0989193364465922,-0.5528379396755326,-0.1095114099102063,5.15,1.025,1.1293308274090137,0.2226232404587892,0.6364610125453816,0.1278350544571465,0.4479688873845053,0.0897626378637,-0.5095935639173919,-0.1017214926197302,5.0,1.0124999999999995,1.0477607062450234,0.2099427674527677,0.6600037486174872,0.1318056528450158,0.5183304822189486,0.1044777687205921,-0.6366556971274397,-0.1283954782491661,4.4,0.8875,1.2264517952344378,0.248241408565822,0.6698311537413304,0.1339213265742053,0.4842695537562335,0.0969626466322912,-0.5444654472942159,-0.1086622859285683,5.1,1.04375,1.1081876150341954,0.2220343887823064,0.031456186057466064,0.04327412803064325,298.0344827586207,81.23636363636363,216.79811912225705,211.73214285714286,173.6315789473684,38.10056390977445
sub-022,0.2703550666352708,,0.2703550666352708,,0.0744390585671048,,0.1943925915483049,,0.1943925915483049,,0.0478507690684928,,-0.0018517476592089,,0.1643293342041391,,0.1643293342041391,,0.0370905040080444,,0.0232066263858459,,0.2542435339751117,,0.2542435339751117,,0.0715935280493405,,-0.0164476061596825,,0.2080575281354143,,0.2080575281354143,,0.0498320257519603,,-0.0294578251275048,,0.2022340554053514,,0.2022340554053514,,0.0498521430653547,,-0.0563602961582906,,0.1628296090431863,,0.1628296090431863,,0.0435914537917756,,0.0946574402196875,,0.025058374045055,,0.0145958585004735,,0.0276060774682958,,0.0545085484990816,,0.0965091878788965,,0.0396542325455286,,0.0526644515133509,,0.0795669225441366,,0.0714508138338414,,0.0130102189678222,,0.039912689998608,,0.1111050463793701,,0.0269024710307856,,0.1241152653471924,,0.1510177363779781,,0.5840707641716596,0.1167072137547542,0.55095544518814,0.1104060895630609,-0.6319362460860065,-0.126566730867437,5.25,1.05625,1.2361716118074042,0.2481720913554,0.6564734604742568,0.1311969095077783,0.5707920062874345,0.113980661058321,-0.9027609673400718,-0.1808511995101054,3.85,0.76875,1.270128234404433,0.2548241520259634,0.5951074009905399,0.1193756207696022,0.4356368673508021,0.0863961620178445,-1.0497062830557649,-0.2096850926095521,3.4,0.66875,1.162961241086058,0.2325329215160274,0.5164803856203297,0.102993682695242,0.718269894956609,0.1443661676504271,-0.4244999862403579,-0.0846462656401672,2.8,0.5625,1.3948837793248192,0.2801676480752051,0.5854861002114718,0.1163063642162711,0.5015199653661361,0.1000608472243048,-0.7479134582472217,-0.1495165664119592,3.85,0.75,1.1362997452527193,0.2285959185914368,0.4767171981446417,0.0953385480933433,0.4492513377101558,0.0903775418574056,-0.5956836726328943,-0.1189218763932297,3.3,0.6499999999999999,1.1146385860337995,0.223387172724149,0.5308654144933284,0.1051939261642512,0.517076525768225,0.1038710646960096,-0.5238445922064676,-0.1052623496091414,3.25,0.6375,1.225858546892703,0.246333700916996,0.5091660800680867,0.10154551685304,0.4787679966754783,0.096404874834089,-0.5525574908792663,-0.1116699699557572,4.65,0.9875,1.0541670939022143,0.2129516262557923,0.5534160811794945,0.1106995408312597,0.5416448157153024,0.1088485794261678,-0.6419032079210418,-0.1289168888118926,5.2,1.0875,1.2145936157724146,0.2436279836348088,0.535731836899455,0.1075501380477476,0.5253797173639086,0.1056450373778298,-0.55226912419586,-0.1106400030495659,4.2,0.8187499999999999,1.1886808861991545,0.2394253572570601,0.6293457623679586,0.1255994534412137,0.548949764524661,0.1105158766369223,-0.672990982012087,-0.1356292794254271,4.0,0.8374999999999999,1.2422540828230608,0.2494650241158113,0.62923885693558,0.1258334803123171,0.5669628025284912,0.1138678469234446,-0.6618939268508941,-0.1328353874380288,5.3,1.125,1.2584902347309468,0.252614755622729,0.663451245418371,0.1344078438335295,0.6080543724838747,0.1231909582243665,-0.7521591993660885,-0.1534554264868666,3.8,0.7749999999999999,1.501755952531663,0.3078732036653181,0.031093582649822968,0.075508868188989,220.3,111.98305084745763,108.31694915254238,203.05084745762713,130.75,72.30084745762713
sub-023,0.2581987488029799,,0.2581987488029799,,0.0757995556665307,,0.221549619351943,,0.221549619351943,,0.0520709741704536,,0.0039907731382123,,0.1943393303952529,,0.1943393303952529,,0.0432351631050736,,0.0121761533819852,,0.2384603849676892,,0.2384603849676892,,0.061687327559098,,0.0122927813088153,,0.1647170292029712,,0.1647170292029712,,0.0345668839486787,,-0.0641979397984042,,0.1473476257187425,,0.1473476257187425,,0.0265494184797697,,-0.0625300301639887,,0.1631176922574331,,0.1631176922574331,,0.0402683798605857,,0.103485024971724,,0.0081853802437727,,0.0083020081706029,,0.0681887129366166,,0.0665208033022011,,0.0994942518335116,,0.0004148062417418,,0.0763740931803894,,0.074706183545974,,0.0913088715897388,,0.0764907211072196,,0.0748228114728041,,0.0911922436629086,,0.0016679096344154,,0.1676829647701283,,0.1660150551357128,,0.6456723520427359,0.1289094711721598,0.4771643278449444,0.0964814318849415,-0.5972671207556274,-0.1209790138016971,4.65,0.9375,1.135945956777686,0.2311314675547356,0.5584162203878617,0.1109454516048638,0.4397731964166241,0.0912343435734276,-0.8856342436040755,-0.1781398138678537,3.2,0.65,1.1177337179568485,0.2298964963261589,0.7314837534181903,0.1460649847810121,0.3531710053815509,0.0693727337584166,-1.023197022010348,-0.2052926635451813,4.8,0.9499999999999998,1.0036404097830487,0.198070605135568,0.6699983237911009,0.1337229765699978,0.655744755764039,0.1334686543249186,-0.4935536839908537,-0.1008976638836538,3.8,0.75,1.4110199223548752,0.2894173757501624,0.6224569197744209,0.1245958967631808,0.5458209874344186,0.1105717828470128,-0.5054435881426977,-0.1030325022995381,3.7,0.7562499999999999,1.2216865656753717,0.2495749032914361,0.6436082442356337,0.1283334372924099,0.4814523095790607,0.0966702194778739,-0.7008884753024969,-0.1424490199885334,3.4,0.6749999999999999,1.1101915568687128,0.2248027707040694,0.5827386920852604,0.1163986468819034,0.2780589752957167,0.0552752943730428,-0.3844809573839147,-0.0770619333026463,3.95,0.7937499999999998,0.770329879920366,0.1547216204203198,0.6050148021801196,0.1209822447019556,0.402581709400348,0.08208124450963,-0.514341957839041,-0.1050906351262742,4.15,0.84375,0.9590363723496138,0.1957038114437831,0.6429961362668176,0.1289767290021753,0.4570455729911641,0.0929802540740684,-0.586498497661285,-0.119337229043814,4.2,0.8499999999999999,1.1025434170651702,0.2243112184050915,0.6125194681577056,0.122395942505497,0.4224094810253403,0.0854998091639347,-0.5024523106780874,-0.1011564100555323,4.65,0.93125,1.0521884681926286,0.2130414185282525,0.6231391605166465,0.1241714891146969,0.4188947900582428,0.0833408009591033,-0.5389963621555948,-0.1072158974326217,5.65,1.15,1.0128607946302437,0.2003519238088302,0.6066134584052132,0.121161793800512,0.4357444202314954,0.0876781971011419,-0.5531553772457257,-0.1107339504839092,4.1,0.8124999999999999,0.990099234533536,0.1984828938488304,0.6656263817010802,0.1332949731559542,0.5035238545619706,0.1014743584943315,-0.6199619367344213,-0.1244178468320475,4.9,1.00625,1.2215963785672324,0.2466960990439595,0.07368450907474187,0.08467543720227186,204.625,264.57142857142856,-59.946428571428555,302.9117647058824,155.7058823529412,147.2058823529412
sub-024,0.2508450128527004,,0.2508450128527004,,0.0691517840608507,,0.23626897201634,,0.23626897201634,,0.0590734347746455,,0.0433653400530789,,0.1989441043125086,,0.1989441043125086,,0.0475408294752293,,0.0343873486850583,,0.2437194972311378,,0.2437194972311378,,0.0780871445322367,,0.0287410805684604,,0.1986691411955677,,0.1986691411955677,,0.0453865434378355,,-0.0457794170865406,,0.1961620165733088,,0.1961620165733088,,0.0400094131768605,,-0.0640131940914722,,0.1435416937751748,,0.1435416937751748,,0.0282260577084936,,0.0389607773172964,,0.0089779913680205,,0.0146242594846184,,0.0891447571396196,,0.1073785341445511,,0.0044045627357824,,0.0056462681165978,,0.080166765771599,,0.0984005427765305,,0.0045734286322381,,0.0745204976550011,,0.0927542746599326,,0.010219696748836,,0.0182337770049315,,0.0847401944038372,,0.1029739714087687,,0.6626045396680407,0.1323668199760896,0.49761977484431,0.1001744553410941,-0.6017906732522268,-0.1208921584904679,5.7,1.13125,1.2292005693039203,0.2467289130024275,0.5723180069899128,0.1170658257555051,0.4147374120534284,0.0841388756051509,-0.6643859465922819,-0.1319651433525467,3.75,0.7625,1.0501814506911766,0.2107715980537857,0.6151409562114064,0.1229850255772982,0.3492536625745862,0.0683445553759997,-0.8918705256570713,-0.1773944706540559,4.15,0.8312499999999999,1.092691226261516,0.2190578674239977,0.4849117489948902,0.0968479005408907,0.5730622169007482,0.1148774799991507,-0.3768397301021628,-0.0762301413916506,3.7,0.7499999999999999,1.3197664374428717,0.2644039460980007,0.6534501957449284,0.1308905786919875,0.6113038923269333,0.1233821914966394,-0.6060706237142302,-0.1220455145407442,4.4,0.90625,1.3644094553298431,0.2726834327337649,0.6682691137981905,0.1356020556809558,0.4962470813163414,0.1003039213180854,-0.728498604354719,-0.1472571723171738,3.85,0.78125,1.21720902982343,0.2456097323793149,0.5562698927588647,0.111836271609837,0.4106845693610115,0.0826948424060126,-0.5820165217803858,-0.1168206687508653,4.0,0.7812499999999999,1.1217156697857305,0.2261923617793673,0.6995052626875473,0.1404682601522099,0.4991173820656278,0.1002589194952035,-0.6228220096146901,-0.1247785095471731,5.1,1.0,1.2433053780633112,0.2491160449324337,0.6822797136440595,0.1367408478279043,0.4954431903880657,0.09988064928174,-0.6137440909044314,-0.1231325800571973,5.05,1.0125,1.2203392898356502,0.2445919784715834,0.6830310491705113,0.1372651144249289,0.510540496994044,0.1028435752606486,-0.6146574950826801,-0.123477237788881,5.1,1.0187499999999998,1.2545203206163864,0.2523266958237168,0.5972835403658325,0.1194011566018679,0.3723148343445551,0.0750638600026914,-0.4619153169804709,-0.0928016444320047,6.3,1.28125,0.9299741741225748,0.1866854989329847,0.6202062238952426,0.1245933497739883,0.4258160289556981,0.0857896049312584,-0.5108889530608851,-0.1025478765644749,5.2,1.05,1.0236764925762092,0.2060298297497958,0.6319775975704639,0.1266903318388477,0.4505085268987089,0.0908480921951153,-0.5330779028272525,-0.1070394526947493,3.8,0.7749999999999999,1.0619208208867204,0.2128057137514555,0.0812773401887399,0.051486985704384355,347.52941176470586,281.5576923076923,65.97171945701353,357.56756756756755,269.9387755102041,87.62879205736346
sub-025,0.3036537685638089,,0.3036537685638089,,0.0800024761615435,,0.1699598196385065,,0.1699598196385065,,0.0327828146275193,,-0.0038724836740544,,0.1910504580805843,,0.1910504580805843,,0.0345303011747192,,0.0027677291794337,,0.1658526288527068,,0.1658526288527068,,0.0364317152783914,,-0.0231410126016444,,0.1456384101777951,,0.1456384101777951,,0.0289316947743429,,-0.0515359021527292,,0.1952517218991598,,0.1952517218991598,,0.0311667226481035,,-0.0492155614250178,,0.2688694799955817,,0.2688694799955817,,0.0829256882917912,,0.1226189500510532,,0.0066402128534882,,0.0192685289275899,,0.0476634184786746,,0.0453430777509633,,0.1264914337251077,,0.0259087417810782,,0.0543036313321629,,0.0519832906044515,,0.1198512208716194,,0.0283948895510847,,0.0260745488233733,,0.1457599626526977,,0.0023356684660942,,0.1741548522037825,,0.171834511476071,,0.6717857848749529,0.1350828860590367,0.5292629885650759,0.1069567159552682,-0.6914888942448217,-0.1394389402857236,4.6,0.9375,1.2902235155801227,0.260691148333855,0.5812047955729336,0.1174791961169481,0.5273376649454439,0.1078155023940464,-0.8142244072008671,-0.1627283305882371,3.1,0.625,1.2769613719015247,0.2605304080911123,0.5920902061069442,0.120047996441427,0.4237586143930432,0.0857719088819118,-0.9976074533683332,-0.1976601393808903,3.3,0.66875,1.221786576877113,0.2469501883140718,0.5050247329650016,0.0995844946738861,0.6758353991745673,0.1363796644776468,-0.6265358760424827,-0.1281546113683301,3.65,0.6874999999999999,1.474945199715587,0.2979735319287812,0.6369922964886768,0.1289233335327956,0.7036462288836317,0.1426435685289631,-0.7139573173648179,-0.143637401323272,3.7,0.74375,1.4723421362756963,0.2979948832922315,0.602057501861853,0.1205583696600443,0.4335345494607223,0.0871732693915787,-0.7915341248463442,-0.1594396151220176,3.7,0.7249999999999999,1.1243752537813374,0.2267663777528262,0.5492805866361403,0.1079846587515436,0.3023805850723899,0.0607723317512419,-0.4705398294621166,-0.0948174102152469,3.95,0.7749999999999999,0.9587413499969646,0.1930694260829994,0.6108703379120887,0.1221287660565054,0.5038745539871444,0.1016151320369853,-0.644480562852238,-0.1295969279121961,4.75,0.96875,1.1870123014515743,0.2391317257056978,0.6614602844112507,0.1325489166633961,0.518658285321212,0.1046797444924907,-0.6875624072820161,-0.1385357263796527,4.4,0.88125,1.2752216998370474,0.2563587001366321,0.643472712628372,0.129052139526107,0.4884023372064031,0.0980541830128607,-0.5995328954013306,-0.1206375850130964,3.8,0.7625,1.127299959375146,0.2255354472840122,0.6521140439276778,0.1304664739398697,0.4434887225829627,0.0894529598766096,-0.5716530517325948,-0.1146329548932634,3.5,0.7,1.0253755284922976,0.2056223376636151,0.632218731528192,0.1269763331766094,0.4551105372311695,0.0913285279476806,-0.6006063912165549,-0.1201650237810519,4.05,0.8062499999999999,1.0511794692867886,0.2096774748532331,0.6201065567467511,0.1243533953261125,0.5225357414853045,0.1048815028953764,-0.6736917244101297,-0.1348436887228331,3.85,0.7749999999999999,1.209207448184184,0.2417195934714263,0.0434539797873074,0.08824526033493835,378.7758620689655,135.47368421052633,243.3021778584392,289.1186440677966,225.58928571428572,63.52935835351087
sub-026,0.2757249155574397,,0.2757249155574397,,0.0756189611662621,,0.1880810291883722,,0.1880810291883722,,0.0456508740613185,,-0.016290030429116,,0.155458399685037,,0.155458399685037,,0.0356869719811558,,-0.0190281139351435,,0.2342428333089667,,0.2342428333089667,,0.0547893545794519,,-0.0155958181653682,,0.2031031374784288,,0.2031031374784288,,0.0484431305308595,,0.0822045885367619,,0.1920292605856762,,0.1920292605856762,,0.0476300318782671,,0.0474429693634908,,0.2223141821619011,,0.2223141821619011,,0.0421999318914346,,-0.0905085203409428,,0.0027380835060274,,0.0012210424861114,,0.0984946189658779,,0.0637329997926068,,0.0742184899118268,,0.0034322957697752,,0.1012327024719054,,0.0664710832986343,,0.0714804064057993,,0.0978004067021302,,0.0630387875288591,,0.0749127021755746,,0.034761619173271,,0.1727131088777048,,0.1379514897044337,,0.6354356830463865,0.1271796244953746,0.5004397285681279,0.100716118110448,-0.602392462869217,-0.1209351832623543,4.15,0.8437499999999999,1.1374825955609027,0.2283061427774586,0.5579068368345468,0.1117438536645154,0.4343370334260171,0.088549535819255,-0.6102376990653565,-0.1222943932713626,3.45,0.7,1.0894469640783426,0.2204353624961804,0.5196625403384852,0.1040727397192767,0.4641215621454345,0.0935651577146787,-1.0285241256278723,-0.2036008357584113,3.4,0.66875,1.073924970365479,0.2165748080499384,0.6500514048206582,0.1291647618251407,0.6339527382369137,0.1281845991612751,-0.4323378125251729,-0.0871656410648191,3.6,0.7249999999999999,1.2755404319019985,0.2566446616612484,0.6310941553670986,0.1276693343017358,0.4163360959039101,0.0829131283964184,-0.5019746286059602,-0.1006009989736278,4.0,0.8,0.9864884397425964,0.1980921604630783,0.6586260951066639,0.1324451084171661,0.5521429189391667,0.110517606070129,-0.6770319219699574,-0.1353219803833895,3.95,0.825,1.1888252824918464,0.2373750004737003,0.5768930341016888,0.1140757325887484,0.4240632851068647,0.0854095131771952,-0.7097567940435494,-0.1436725979624408,3.65,0.7062499999999999,1.0934014058304624,0.2183652126034866,0.6256829131236625,0.1251098116551889,0.5193787575122734,0.1036536059443106,-0.6334597060263378,-0.1251534339837918,3.95,0.7687499999999999,1.1983215926603,0.2367024157734269,0.6364748645580967,0.1273231217445992,0.4964952498619975,0.09912498778122,-0.6136779877351846,-0.1214836862198331,4.1,0.7875,1.1592500361344964,0.2289495341807758,0.6281748672273565,0.1258328689845972,0.4790696454916147,0.0962283262807039,-0.5781385991205201,-0.1158070244190383,4.8,0.9625,1.1244984830572569,0.2262306966781846,0.6651393791753962,0.132362751287888,0.5358684687304205,0.1065251175343335,-0.6718697616394553,-0.1328974568232338,4.35,0.8375,1.2307880084432252,0.2433077431328919,0.6425843878152115,0.1283796429480777,0.4749116212036889,0.0955672871350721,-0.6015453710040075,-0.1208440163047548,4.65,0.9125,1.10774687487699,0.2217080867554962,0.5492431562283284,0.1086326851834991,0.4837319605781754,0.0975410336063425,-0.5952986188256488,-0.120111289331759,4.15,0.8062499999999999,1.1468756178523225,0.2323185020121646,0.09917590937997116,0.1037373640254879,147.60344827586206,173.49056603773585,-25.88711776187378,214.78181818181818,106.125,108.65681818181818
sub-027,0.2470956304835979,,0.2470956304835979,,0.0618015589198231,,0.1938898599501949,,0.1938898599501949,,0.0369441745892965,,-0.0225574027822355,,0.1567440898184237,,0.1567440898184237,,0.0342374319177287,,0.0075803308023514,,0.1630416501203903,,0.1630416501203903,,0.0327298826534174,,-0.0373545785566792,,0.19001927964127,,0.19001927964127,,0.0431654720151604,,-0.0296049942907743,,0.1908585357371512,,0.1908585357371512,,0.0437950909137663,,-0.0052004387153966,,0.1962453369691354,,0.1962453369691354,,0.0596949484716293,,0.0817256882780489,,0.030137733584587,,0.0147971757744435,,0.0070475915085386,,0.0173569640668388,,0.1042830910602846,,0.0449349093590306,,0.0371853250931257,,0.0127807695177481,,0.0741453574756975,,0.0077495842659048,,0.0321541398412825,,0.1190802668347282,,0.0244045555753776,,0.1113306825688233,,0.0869261269934457,,0.6826658364481925,0.1359453174358089,0.5566351716802505,0.1115382813485411,-0.6461432396002551,-0.1291463579184192,5.05,1.04375,1.2918459033917942,0.2585052238318516,0.6552249048449574,0.1301461975886142,0.5282046331258082,0.1051446107741002,-0.7634572065182583,-0.1530297791090963,3.4,0.675,1.2702579302888797,0.2541347436032675,0.6126683485159926,0.1238391655341699,0.4560892640697787,0.0917900613469168,-0.8485676010151361,-0.1695563345832165,3.85,0.80625,1.2132857737150116,0.2433121616205581,0.697995923184654,0.1394653119173384,0.7090932539925883,0.1420657968369731,-0.5620944251389867,-0.1113093016000751,4.1,0.8187499999999999,1.5075620031220889,0.3020394205182027,0.6468872880388757,0.1283256365586667,0.5681897584708048,0.1143739247301503,-0.4975628645838144,-0.098624255936007,4.25,0.84375,1.2626590363546335,0.2522615316700985,0.6621079057088415,0.1327705095690297,0.5321759206470948,0.1064526014174363,-0.7826804308015769,-0.1558894612269924,3.95,0.7874999999999999,1.2514247083863903,0.2499489767259562,0.604757372420744,0.1217315743638557,0.4439217153269415,0.0891650922340876,-0.5933255312756266,-0.1206432976346764,3.5,0.7,1.1030693942478016,0.2217375329665515,0.6642802695759102,0.132509056371558,0.5345883092930043,0.1064552144406136,-0.6318455313910964,-0.1251303142719315,4.65,0.925,1.2252448647338676,0.2421099745201526,0.6824649995496631,0.1359200401674344,0.5466579272798634,0.1094208260923978,-0.6390273950656976,-0.1272165537766074,4.2,0.8374999999999999,1.2601758919688684,0.2513075134389942,0.5887542576998487,0.1177609022356071,0.4975911736988279,0.0999742020176373,-0.5547977993488111,-0.1111708752236926,6.25,1.225,1.12228111564067,0.2254439926962338,0.6458046258122165,0.1294951752927091,0.5288433088792729,0.1056608829675048,-0.6269437787274008,-0.1242277715056098,5.0,1.0187499999999998,1.2565094368414425,0.2497302126272917,0.6895860086181563,0.1374540203041814,0.5369380511535761,0.107668791322432,-0.6542639426972321,-0.1310339706404401,4.95,1.03125,1.2642202152864883,0.2539742655424986,0.6917812776296688,0.1386871912150376,0.5938670624294118,0.1192095429038889,-0.7221937061782484,-0.144248177879771,5.0,1.00625,1.4680747051771106,0.294346014193712,0.0173275002891897,0.06786761907210045,284.29411764705884,23.275862068965516,261.0182555780933,157.54545454545453,133.03703703703704,24.508417508417494
sub-028,0.2404259792686202,,0.2404259792686202,,0.0656503397248582,,0.2120486705651766,,0.2120486705651766,,0.065283581443351,,0.031562799543966,,0.1832157192635089,,0.1832157192635089,,0.0429577844335188,,-0.0356049452746381,,0.2323892876241492,,0.2323892876241492,,0.0641588702950453,,0.0634881844012381,,0.2092115734420307,,0.2092115734420307,,0.052715655426563,,-0.0416134120375794,,0.1941525689878337,,0.1941525689878337,,0.0442493677446787,,-0.0216678693709618,,0.1870841748762051,,0.1870841748762051,,0.0429431263736489,,-0.0120153471213849,,0.0671677448186042,,0.0319253848572719,,0.0731762115815455,,0.0532306689149279,,0.043578146665351,,0.0990931296758763,,0.0060084667629412,,0.0139370759036761,,0.0235895981532532,,0.1051015964388176,,0.0851560537722,,0.0755035315226231,,0.0199455426666175,,0.0295980649161944,,0.0096525222495769,,0.5884411522231214,0.1182047121035243,0.5912473101715824,0.1210728958115112,-0.7055511958585287,-0.1441496593288715,5.1,1.0375,1.3958944862578704,0.2877417337207468,0.6203451457194316,0.125137816552772,0.552185396068958,0.1123287350901285,-0.8878328646696774,-0.1804082588723492,4.0,0.8124999999999999,1.34594672059849,0.2772942407173492,0.687072714602069,0.1366730808686628,0.4668008932389426,0.0967563155802899,-0.9307378362821624,-0.1876666912018925,4.5,0.8875,1.2699164088830162,0.2612770071125406,0.5990060893725568,0.1208233102407531,0.7044188086307414,0.143420002191196,-0.5846963926452726,-0.1220195347460351,3.7,0.7249999999999999,1.5323944015504334,0.3159107620620948,0.5869028656514816,0.1183417777781662,0.5292236282190331,0.1087600244590012,-0.5694596730596329,-0.1133938035513962,3.55,0.7,1.2916015862482857,0.2665682596084668,0.6427063106480221,0.1289667060595672,0.5878454492087177,0.1210066332070595,-0.7310431166630184,-0.1504048816505695,3.8,0.7749999999999999,1.4177382853243208,0.2937141059935635,0.662119563822666,0.1336068982070198,0.5786421776190862,0.1187358886088978,-0.7843097010348574,-0.1598200706650193,4.6,0.93125,1.3473390350769383,0.2767663238314983,0.637299371678664,0.1266101377412645,0.5876082935642052,0.118863116474878,-0.7126079681675971,-0.1438754673354224,4.6,0.9125,1.3926092566173849,0.282026532592818,0.5844404027514509,0.1179735795402303,0.5792521488943781,0.1178048877205083,-0.7041389264553699,-0.1428636976924788,4.4,0.8875,1.385779553876209,0.2837218577760056,0.6360775805751214,0.1273643668766015,0.5633385780997202,0.1129197383589573,-0.6141342086119015,-0.1224851410524663,3.95,0.7749999999999999,1.2247067378748464,0.2439090256704506,0.6553050755531289,0.1308079744792192,0.5560281811352048,0.1117287719141282,-0.6689089824516753,-0.1336201388726338,4.95,1.00625,1.2575413549977703,0.2524134856434574,0.6208764213371273,0.1244085259219482,0.5120778795436253,0.1033535490209692,-0.6152197794169892,-0.1233645973993566,4.2,0.8499999999999999,1.1439846993088716,0.2298388929103594,0.5716145211320824,0.1137201413465586,0.5484571960121897,0.1099019653125035,-0.6659906413537293,-0.1330883275370242,4.35,0.8624999999999998,1.297669597982238,0.2579420920044375,0.061428758261101425,0.02477180379140595,354.6734693877551,513.8181818181819,-159.14471243042675,518.030303030303,304.94736842105266,213.08293460925034
sub-029,0.2310202036544871,,0.2310202036544871,,0.0598454805190127,,0.1443617013005367,,0.1443617013005367,,0.0359287009747285,,0.0179050201909108,,0.1336171753054191,,0.1336171753054191,,0.0249916684129934,,0.0330138517052946,,0.1706400226008673,,0.1706400226008673,,0.0509064675821717,,-0.01476650548556,,0.1499484988984011,,0.1499484988984011,,0.0378224016092465,,-0.0311416791472284,,0.1709527644613876,,0.1709527644613876,,0.0348479717649079,,-0.050330351045926,,0.1955765002245423,,0.1955765002245423,,0.0430566864264801,,0.0724485315615666,,0.0151088315143836,,0.0326715256764709,,0.0490466993381393,,0.0682353712368369,,0.0545435113706558,,0.0477803571908547,,0.0641555308525231,,0.0833442027512206,,0.039434679856272,,0.0163751736616683,,0.0355638455603658,,0.0872150370471269,,0.0191886718986975,,0.1035902107087952,,0.1227788826074927,,0.6755118400461062,0.1365428371486148,0.49957598851405,0.1018690113531864,-0.6233127875888412,-0.1275003718157146,3.95,0.8062499999999999,1.2056683944903337,0.2462162166014198,0.6471325234728144,0.129396974351777,0.4221346240059949,0.0862411108232834,-0.6886781101944165,-0.1415915272414669,3.8,0.75625,1.1359969898979565,0.2329652371931068,0.5855624268258305,0.1189749897734206,0.3362829474882792,0.0709688338533558,-0.9587356891548836,-0.192087090974068,3.5,0.7,0.9619212100599658,0.1989287945411011,0.6114216900602412,0.1221952293426354,0.6695622775395804,0.135799355353407,-0.3731375024368747,-0.0798679077359404,3.25,0.63125,1.435515952518719,0.2939085706017445,0.7020193281704733,0.1418242748042751,0.6031213235242351,0.1234965734107647,-0.6392975691058704,-0.1287613402156923,4.45,0.9125,1.287822922142969,0.2647020791233333,0.6444194173065363,0.1279344458118532,0.4328979359221596,0.0882911144060576,-0.8613334642716458,-0.1762838815951718,3.75,0.75,1.0635466464286514,0.2162107216293064,0.5936907840899287,0.1179441402130669,0.3779581648657989,0.0766455895540604,-0.4829181108317026,-0.0967348624284748,3.55,0.6874999999999999,1.0427294632916049,0.2117767720923317,0.7110504931032221,0.1425065255185935,0.5155781614634816,0.1036636086918009,-0.682989637647141,-0.1368722242891871,4.45,0.8999999999999999,1.270295538128591,0.2551756512924458,0.7027393689188844,0.141585174112018,0.5127208195227829,0.102892634021308,-0.6647247082898546,-0.133002751889461,4.3,0.8624999999999999,1.249256503099217,0.2501238519663281,0.6729074442192386,0.1341641586338191,0.4871090974437334,0.0990957466138477,-0.5917289157916381,-0.1204963291886813,4.1,0.81875,1.138930398569022,0.2315339809128339,0.640256596961955,0.1283215693044386,0.4100753641583562,0.0817355892038971,-0.5202827095584737,-0.1034160840488827,3.75,0.7374999999999999,1.0250586579137535,0.2035414377725621,0.7076802382598574,0.1405824696235877,0.5018989342278262,0.0999801963024966,-0.6769024533390221,-0.1344274348153824,4.4,0.875,1.2611145094433949,0.2504227699482545,0.6565862441574255,0.1312929658911346,0.4828896704963602,0.0961824964569154,-0.6082307007930876,-0.1209913202333241,3.65,0.7312499999999998,1.1516022639510628,0.2295663182250925,0.04319246795077689,0.06138944130374635,314.4655172413793,173.28333333333333,141.18218390804597,317.32758620689657,170.51666666666668,146.8109195402299
sub-030,0.2656276487815897,,0.2656276487815897,,0.0657153900265858,,0.1748045795100199,,0.1748045795100199,,0.0491039517859608,,-0.0242160984326199,,0.2044861929200142,,0.2044861929200142,,0.044336544253489,,0.0081252616465834,,0.1488051834195457,,0.1488051834195457,,0.0348875156385967,,-0.0394121494770851,,0.1643804530677379,,0.1643804530677379,,0.0392820892256211,,-0.0242092925499123,,0.1609256075746428,,0.1609256075746428,,0.0396316022057042,,-0.0082006768142589,,0.2417697976408355,,0.2417697976408355,,0.0726608616100121,,0.0830255584439782,,0.0323413600792034,,0.0151960510444651,,0.0092596559405587,,0.017335202620877,,0.1072416568765981,,0.0475374111236686,,0.0323345541964958,,0.0163259384608424,,0.0749002967973946,,0.0158798564223268,,0.0312114726628261,,0.1224377079210633,,0.0160086157356533,,0.1072348509938905,,0.0912262352582372,,0.6739463269084771,0.1347286289132384,0.608344790476526,0.1226562947448287,-0.7699128529282369,-0.155770459589236,5.1,1.03125,1.4674524187269666,0.2972716453367812,0.556037997459029,0.1132510239913498,0.5331674100717008,0.1059606214331313,-0.8558902308461874,-0.1720570332225952,3.75,0.7437499999999999,1.3344957681946847,0.2694986494769809,0.6175981902354339,0.1255785796066302,0.4307584514354616,0.0866587047108369,-0.9679728116595616,-0.1932938929526767,3.95,0.8124999999999999,1.327104263118208,0.2673122168783136,0.6160805046818427,0.1234657295851973,0.7437761815271922,0.1494999985256465,-0.6892101154766874,-0.1403151802685162,3.95,0.7749999999999999,1.6256997294227244,0.32923164993087,0.5785592644734625,0.1139476899580727,0.6109762253947333,0.1234235001380143,-0.6227811133963612,-0.1253087501349962,3.95,0.78125,1.4322190449969725,0.2887121810821688,0.637262631423183,0.1275433029947599,0.6239119558025326,0.1264481513262008,-0.8804389329277941,-0.1799872800364544,3.2,0.625,1.5075366312382306,0.3065042821423994,0.5801874804093663,0.1148412824709897,0.5219730450013025,0.1062085703223029,-0.788259300861111,-0.1582656005990916,3.25,0.6437499999999999,1.352978701847087,0.2757798428618836,0.6612689428695283,0.1325889162416341,0.6098977788400637,0.1230004272162968,-0.7922634149649668,-0.1603169400088284,4.4,0.9,1.5033512050412394,0.3045778207203876,0.6751362339906671,0.1348798673039251,0.6035746149528007,0.1215494251605672,-0.774131783742479,-0.1561486720403112,5.05,0.99375,1.460526619251025,0.2951954521108595,0.6695608788729707,0.1338896300128247,0.6046947489108835,0.121480685639174,-0.7223082519094669,-0.1451180215532132,5.25,1.0499999999999998,1.458685696488763,0.2944840420670736,0.6325792531271816,0.1266209139607852,0.5511188927470723,0.1108752281662995,-0.7073765665641941,-0.1423243849284375,5.0,0.98125,1.2372603736357894,0.2494360751409612,0.6377901129999689,0.1274877829979094,0.5468405402953564,0.1092648702330188,-0.6939832605339682,-0.1383852147179275,4.95,0.99375,1.2348216163597363,0.2451699142275162,0.6036371945603968,0.1206346866206082,0.566651327231318,0.113847366340913,-0.728815957846827,-0.1462525124636889,5.85,1.19375,1.2792207065832435,0.2567476374108582,0.01915802218646043,0.061621733364771905,281.5,155.32075471698113,126.17924528301887,256.83673469387753,187.0344827586207,69.80225193525683
sub-031,0.3262481117297791,,0.3262481117297791,,0.0873213738248905,,0.2005890632948438,,0.2005890632948438,,0.0513762723430187,,-0.0303994613988366,,0.1596425369292143,,0.1596425369292143,,0.0343002077499031,,0.0278596631523344,,0.1908900728883861,,0.1908900728883861,,0.054319683085741,,-0.0614456527909177,,0.1671031617363544,,0.1671031617363544,,0.0365379265311901,,-0.0367983690193188,,0.2351166996567564,,0.2351166996567564,,0.052277946112916,,-0.0140546522893137,,0.3160268746119183,,0.3160268746119183,,0.0898512930082783,,0.1197296365287787,,0.0582591245511711,,0.031046191392081,,0.0063989076204821,,0.0163448091095229,,0.1501290979276154,,0.0893053159432522,,0.0646580321716532,,0.0419143154416482,,0.0918699733764442,,0.0246472837715989,,0.047391000501604,,0.1811752893196965,,0.0227437167300049,,0.1565280055480976,,0.1337842888180925,,0.6251926006761909,0.126133512103412,0.4682705717244627,0.0949940457419797,-0.5289092988849419,-0.1074690596745174,4.55,0.8999999999999999,1.1556778535197985,0.2349770481510328,0.5548450110404841,0.112348798212517,0.5087703635475957,0.1022407082303827,-0.6809676397735488,-0.1377318808283754,3.65,0.725,1.1861393121235575,0.2397802337067527,0.4945676652420201,0.0971580171257869,0.2661644867145634,0.0542034921562823,-0.6740862085397387,-0.1347016054425613,2.9,0.575,0.9741233703335316,0.2011138008808782,0.6320870063000427,0.1271243822907325,0.5321946728826226,0.1080179739901468,-0.3380179191203806,-0.0694973934376524,3.95,0.78125,1.2293521704037211,0.2508612749203002,0.5984660696172744,0.1217026757323325,0.58709147656988,0.1196117666299614,-0.5693498384577883,-0.1171905171443331,4.55,0.925,1.2140333426809646,0.2463829936508944,0.5962793021700494,0.1192919357232425,0.5361306522191316,0.1097821285979891,-0.7446392398407149,-0.149921086775944,4.4,0.8999999999999999,1.2166684476447156,0.2480023632095029,0.6529858635768393,0.131121251485746,0.2579029490505027,0.051658476528575,-0.3378833742521463,-0.0688018803011828,4.2,0.8312499999999998,0.8899896025801943,0.1802418510126356,0.5928129556574079,0.1194863827892316,0.4197789354919406,0.0855835108733142,-0.477139069058188,-0.0972440993704517,4.15,0.8624999999999999,1.0168820194576962,0.2077953327414955,0.6072747025441942,0.1227879424687635,0.4908940134505006,0.0991777175516775,-0.5558096903932876,-0.1123828396591788,4.6,0.925,1.1505862666588873,0.2320629075165791,0.5232217602439256,0.1053318788279583,0.364655175507259,0.0731701416510946,-0.3858569246939779,-0.0771365126646861,4.65,0.9249999999999998,0.8888484118916405,0.1773694570548535,0.591006387787803,0.1177056253943508,0.3858925754605266,0.0771856766563009,-0.4379925118590146,-0.0875790621250482,4.85,0.94375,0.971890641026878,0.1951577612864025,0.5725150592865591,0.1143301130922744,0.3597283584809294,0.0722407588233447,-0.4209537752731722,-0.0846472932168433,4.1,0.8062499999999999,0.9315753298543988,0.1870660892342715,0.6655410924613686,0.1326294731972417,0.5650176616424765,0.1125866989835215,-0.6953745229825308,-0.1385590674060411,4.35,0.8499999999999999,1.394497657434,0.2758982316536933,0.03190140785457807,0.08963586113905125,539.1272727272727,82.85185185185185,456.2754208754209,303.2641509433962,322.375,-19.110849056603797
sub-032,0.2301604518095719,,0.2301604518095719,,0.0608165958918446,,0.1815829832044267,,0.1815829832044267,,0.0459055098799032,,-0.0092379242737956,,0.1413330000152414,,0.1413330000152414,,0.0351507593830212,,0.0116348697499063,,0.1750108830063879,,0.1750108830063879,,0.0435161525699398,,0.004870948906663,,0.1671697723126304,,0.1671697723126304,,0.0314928993131393,,-0.0610008138853627,,0.1771470158997494,,0.1771470158997494,,0.0375584283872612,,-0.0293453388583099,,0.1223153991489733,,0.1223153991489733,,0.0325639631555055,,0.0823336477892548,,0.0208727940237019,,0.0141088731804587,,0.051762889611567,,0.0201074145845142,,0.0915715720630505,,0.0067639208432431,,0.072635683635269,,0.0409802086082162,,0.0706987780393485,,0.0658717627920258,,0.034216287764973,,0.0774626988825917,,0.0316554750270526,,0.1433344616746175,,0.1116789866475648,,0.6171917349406059,0.1234404220671683,0.5236562593643443,0.1049359029542165,-0.6080190114693641,-0.1216264790798577,4.85,0.9875,1.2349140369962224,0.246409812858496,0.6883167635660752,0.1377953414436722,0.4763120780453359,0.0948213400539402,-0.7328517062771175,-0.147833192657301,4.0,0.7999999999999999,1.2019420750859386,0.2385253041438872,0.6809014941067681,0.1351942782099044,0.3647828486983432,0.0720219731633982,-0.9512255907924242,-0.1904333255729043,4.55,0.9125,1.0955371044996831,0.2188114518061063,0.6327059666961045,0.1250537376700541,0.6914917544432188,0.1389227356426097,-0.5091434444488834,-0.1011517339198036,3.6,0.71875,1.4373284701711369,0.288076792205771,0.5815584998623244,0.1164830130827368,0.5106617516328209,0.1016277226430442,-0.5098048657555274,-0.1016739876473676,4.1,0.8187499999999999,1.1921008197674232,0.2359930298130718,0.6281008147196563,0.1249651706769828,0.61287217074001,0.1231881633585612,-0.7526428121544342,-0.1506499096398963,3.85,0.78125,1.3608098345552082,0.2727433740029026,0.685557386878105,0.1379599338785472,0.3415618430278822,0.0692196178801874,-0.4878213912699286,-0.0973033654389285,4.9,0.9812499999999998,0.9261506516911744,0.1858600336430792,0.6093643991343832,0.1215696516352565,0.4911834436459482,0.0977289195871891,-0.5793716181885119,-0.1148071414429272,5.15,0.9999999999999998,1.158642809232998,0.2286976304520028,0.6277160389136417,0.1250752876221052,0.5177091396378927,0.1041270643132113,-0.6097176480886095,-0.1220700257920913,4.2,0.825,1.215702158508684,0.2428613327373509,0.5048845257288955,0.0991953507524119,0.3761517747697927,0.0735416079089583,-0.4136221426490666,-0.0804814949134674,4.8,0.99375,0.8738395300662768,0.1703022746240124,0.6121108557364936,0.1217724705270822,0.5512088658699251,0.1103197959781997,-0.6359458837896167,-0.1271127170603058,4.95,0.9625,1.2600772225053738,0.2515832784795029,0.5966172830609102,0.1191550163003561,0.4720107148676377,0.0944537250895384,-0.5774648454503994,-0.1151876537896962,5.05,1.00625,1.1040056039621735,0.2199838815971572,0.6525932793692404,0.1312942837675638,0.6092360169725491,0.1226670579685303,-0.7333829402034744,-0.1474206460835864,4.7,0.9375,1.5262472367302762,0.3059001793175112,0.06342344534628726,0.08749496835083505,364.4237288135593,123.08474576271186,241.33898305084745,271.37931034482756,217.05,54.32931034482755
sub-033,0.2494286630519873,,0.2494286630519873,,0.0647156676986513,,0.2160856961698036,,0.2160856961698036,,0.0530584878816753,,0.0331711272466094,,0.2020683035172014,,0.2020683035172014,,0.0471682841726478,,0.0176774438556725,,0.2154391677915529,,0.2154391677915529,,0.0652272899766495,,0.0607932657324086,,0.1552821254463144,,0.1552821254463144,,0.031811795220126,,-0.015050123896771,,0.2045738636195244,,0.2045738636195244,,0.0372270581483937,,-0.0423815834371854,,0.2485298463641236,,0.2485298463641236,,0.0617249274148994,,-0.0315074556517561,,0.0154936833909368,,0.0276221384857991,,0.0482212511433805,,0.0755527106837949,,0.0646785828983656,,0.043115821876736,,0.0327275677524436,,0.060059027292858,,0.0491848995074287,,0.0758433896291797,,0.1031748491695941,,0.0923007213841648,,0.0273314595404143,,0.016457331754985,,0.0108741277854292,,0.6877266348267295,0.1383781483451798,0.5152835880118001,0.1045365333669409,-0.6298918009004068,-0.1276812363716616,5.95,1.18125,1.2199578945643392,0.2494414800668264,0.6777282762352677,0.1349907912999973,0.4668622118396589,0.0946577562746634,-0.7466297604706459,-0.1494373822486281,4.8,0.975,1.1301753904667944,0.2301867717612933,0.6762690531500575,0.1337101945667926,0.4103067046690666,0.0826268208124837,-0.8641853837290018,-0.1717761660513997,4.15,0.8374999999999999,1.1691855456869955,0.2372451320625334,0.5869924500271947,0.1179759113191536,0.5664633292141663,0.1146564233410991,-0.475402954297064,-0.0968922577912274,3.25,0.63125,1.2656418140143897,0.2586295810617618,0.6172120055370105,0.1232171302635173,0.5635055497500866,0.1150416828499075,-0.6039750127317818,-0.123370402241029,4.1,0.8187499999999999,1.3154424690320812,0.2704760367439471,0.6203258095702611,0.1226756678493859,0.5250892012864149,0.1068945776797699,-0.7113018741920597,-0.1459878132878335,4.4,0.8687499999999999,1.2020152074190218,0.2462269640195883,0.6037232637265827,0.1220045878601428,0.4703395715810617,0.0949030967036042,-0.5898990205540833,-0.1181767923688919,4.6,0.8999999999999999,1.1642835542742538,0.2370953337322628,0.6732602797090419,0.1353840310708478,0.5073942078449631,0.1028908963175941,-0.6339832549286104,-0.1285010827742421,6.0,1.2,1.2236273969066895,0.2490701674094086,0.6759671250667885,0.1361867544630786,0.5138018489116958,0.104011539199995,-0.6363802852827707,-0.1288498623414369,6.15,1.2312499999999995,1.2166839580872055,0.2469958639801573,0.636629235905434,0.1273923712649171,0.5251495448662251,0.1063803176427479,-0.6399126287263155,-0.1294141080974704,6.0,1.2249999999999996,1.2547349089051436,0.2542979600410963,0.6474041349890126,0.1303740956201899,0.4739648363611795,0.0956985781023226,-0.5831339730721529,-0.1170749837113639,5.75,1.1625,1.1132658203600896,0.2240284409901249,0.6990191037739034,0.1398984709185464,0.4889403937355087,0.0992022261772118,-0.6207301874333887,-0.1257646637187814,5.35,1.0875,1.197615273922779,0.2439361631072691,0.6609428327791652,0.1321090195353577,0.467159419101309,0.0930565813817435,-0.5899031322475744,-0.1169475471725961,5.0,0.9874999999999998,1.141632617548512,0.2267908507553978,0.0522640695083346,0.021894395647699648,317.1764705882353,121.29166666666667,195.88480392156862,247.33962264150944,193.2391304347826,54.10049220672684
sub-034,0.2455372387140421,,0.2455372387140421,,0.0614854975083624,,0.1862304773359085,,0.1862304773359085,,0.0347065659146057,,-0.0028204214564728,,0.1252904445899647,,0.1252904445899647,,0.0299391354799683,,0.0112294171720238,,0.2114701575124985,,0.2114701575124985,,0.05413474264486,,-0.0075873542268893,,0.1379354080801576,,0.1379354080801576,,0.0326975027013039,,-0.035356384164859,,0.1614471020146174,,0.1614471020146174,,0.0393843354463084,,-0.0441153335467666,,0.151633285432267,,0.151633285432267,,0.0432827619167182,,0.0831449838544033,,0.0140498386284968,,0.0047669327704164,,0.0325359627083861,,0.0412949120902937,,0.0859654053108762,,0.0188167713989132,,0.0465858013368829,,0.0553447507187905,,0.0719155666823793,,0.0277690299379696,,0.0365279793198772,,0.0907323380812927,,0.0087589493819076,,0.1185013680192623,,0.12726031740117,,0.6938664897646206,0.1391152443397909,0.5649263909156544,0.1137950347005091,-0.6843120694268607,-0.1377244346278273,5.5,1.09375,1.4260642789989115,0.287985610124468,0.6183664048016642,0.123524124325482,0.6272828461460475,0.1263622334201045,-0.7438439545392567,-0.1484620545914005,3.75,0.75625,1.5202287760866322,0.3066755734970594,0.6379561947236754,0.1290149476081087,0.473946036043637,0.0955051788569853,-0.9118195464098602,-0.1831794771706988,3.7,0.7374999999999998,1.3581920397243952,0.2746636231287641,0.6545889857949014,0.1305010537635373,0.7246246786523949,0.146028536386875,-0.5270094807534831,-0.1065916381626806,3.35,0.65625,1.643652295634077,0.3318292654288564,0.6274367429187919,0.1256918920423537,0.5962430702037492,0.1193633147449912,-0.6379569106109984,-0.1269590021510974,3.35,0.66875,1.4304570564744117,0.2879456668930168,0.6156532254783221,0.1226906522937094,0.4409095721017261,0.0889991818249681,-0.7351607542520564,-0.1482336579468944,3.85,0.7562499999999999,1.228904157711696,0.2492883073525088,0.5760675901650604,0.1146802608338101,0.4692244133304687,0.0951983297490163,-0.7446876166233215,-0.1512714571578976,4.05,0.825,1.278612473853644,0.2587751027541741,0.6672238816668534,0.133032631738713,0.5501408746047735,0.1101460188751248,-0.678449428307787,-0.1357460796292283,5.25,1.06875,1.4117070722673242,0.2828755123483896,0.6886530710703481,0.1378616339791641,0.5679210288024746,0.1138586106659173,-0.6956647681180765,-0.1390211980004002,4.45,0.8812499999999999,1.4218929755698355,0.2856032434632873,0.6572792374521302,0.1314868805323433,0.4817312474496383,0.0969383348976191,-0.5457816468699487,-0.1092174088022306,4.05,0.7874999999999999,1.1249520398653652,0.2261429737527655,0.6473219621952907,0.1293596535505202,0.4874348135474177,0.0979520707991309,-0.592863607813943,-0.1188681566144595,4.9,0.98125,1.1408528116824588,0.2291378285182618,0.702093904153253,0.1409285943159329,0.5764529775570442,0.1157612176810045,-0.7148586509145015,-0.1430663006634001,4.45,0.8687499999999999,1.457772751231532,0.2928150684084923,0.6401354570316123,0.1278106062818513,0.516726407514308,0.1026502345902377,-0.6187754899720377,-0.1226311203198174,4.45,0.88125,1.2186910530609911,0.2425336869179299,0.035630264661079526,0.06363015870058494,334.95652173913044,220.4561403508772,114.50038138825323,236.44,304.75471698113205,-68.31471698113205
sub-035,0.2861053654996889,,0.2861053654996889,,0.0802241064735216,,0.2366882182472885,,0.2366882182472885,,0.0474898234069784,,-0.0057209487572944,,0.1901232350994584,,0.1901232350994584,,0.0421028721746508,,0.0100333048304951,,0.2300724054238523,,0.2300724054238523,,0.0598304882998614,,-0.0046448295182998,,0.2013687560693646,,0.2013687560693646,,0.037852446022565,,-0.0605786020393891,,0.1852351705339766,,0.1852351705339766,,0.0380877444566231,,-0.0582910421747597,,0.1918314012519381,,0.1918314012519381,,0.0446664427535405,,0.1199391398996447,,0.0157542535877895,,0.0013726630447666,,0.0548576532820946,,0.0525700934174652,,0.1256600886569392,,0.0146781343487949,,0.0706119068698842,,0.0683243470052548,,0.1099058350691496,,0.0559337725210892,,0.0536462126564598,,0.1245839694179446,,0.0022875598646293,,0.1805177419390339,,0.1782301820744045,,0.6571175011113339,0.1306927200880167,0.5623561236739733,0.1116660580184283,-0.6938013212687523,-0.1372687803220479,4.55,0.8937499999999998,1.37370605982588,0.272530391223609,0.5800530035611994,0.1151816109978479,0.5949584010217329,0.118375215025866,-0.8231195889742423,-0.1638463108708244,3.8,0.7624999999999998,1.4923370469405255,0.2952936036484489,0.5294575837604848,0.1080382931175134,0.5036355377938907,0.0978330873857091,-0.854251136385775,-0.1701535305890058,3.35,0.6812499999999999,1.452576368858877,0.2888912731087156,0.6478249077197276,0.1285655336884513,0.6962006704350636,0.1377949895734259,-0.6754699869608342,-0.13254485871841,3.55,0.6937499999999999,1.485754682335125,0.2929865516089145,0.6438920029082787,0.1293668053707989,0.5371982100987186,0.1076855410343745,-0.637757665013603,-0.1268110487296715,4.5,0.9,1.3409109273775122,0.2675651554022006,0.633310093146233,0.1259800173443051,0.621971483629318,0.1242126489871044,-0.8402234854283608,-0.1666571381874384,3.45,0.6749999999999999,1.3897215981264204,0.2764659589532776,0.5373194426290837,0.1084202874685385,0.3663691152104826,0.0721442864104125,-0.4946460467413249,-0.0972410232245206,3.4,0.6812499999999999,1.1158670811884317,0.2214915683263849,0.6568697919080954,0.1310507207116288,0.5237669563931203,0.104634198083486,-0.6711205855449544,-0.133447076072395,4.3,0.8374999999999999,1.2571895759573628,0.2514763008458521,0.6551838669933949,0.1303929065432386,0.5504787822976885,0.1095229705518125,-0.6865894000222773,-0.1363566405044071,4.0,0.78125,1.3310421522393618,0.2655365224229928,0.6343312338194493,0.1272780407072367,0.5339410767151785,0.1075981454564729,-0.6476536391596843,-0.1301613457323515,4.0,0.8,1.3428287671401942,0.2711187360432781,0.6095223865833159,0.1224786152977494,0.54625945296911,0.1094405761317462,-0.6941544282848435,-0.1386802665176827,4.35,0.85625,1.3961235420301543,0.2807994493571156,0.6223154129141005,0.124465888353481,0.5261646142563408,0.1050597475149478,-0.6396221769798418,-0.1272144136259861,3.7,0.7437499999999999,1.2724038193229543,0.2534594757464424,0.6209390090657234,0.1239605266087583,0.5873663631441727,0.1180297880946193,-0.7201676168579639,-0.1447562531659424,3.8,0.7749999999999999,1.3876804628178696,0.2800431286537244,0.06046777755768933,0.0914026509018316,161.47058823529412,94.24489795918367,67.22569027611044,145.89795918367346,111.84313725490196,34.0548219287715
sub-036,0.2795022755905809,,0.2795022755905809,,0.0722711713608708,,0.2070237780491608,,0.2070237780491608,,0.0397918610423316,,-0.0141542167337244,,0.1335693910936043,,0.1335693910936043,,0.0276073491734903,,0.0069352405055233,,0.2274303083393367,,0.2274303083393367,,0.044887584704305,,-0.0355634775911136,,0.2000150188715073,,0.2000150188715073,,0.0373763535364588,,-0.0364328282234508,,0.1869051576269811,,0.1869051576269811,,0.0393164277671682,,-0.0287698460712052,,0.2307525610483679,,0.2307525610483679,,0.0707435158567034,,0.1054463598681588,,0.0210894572392478,,0.021409260857389,,0.0222786114897263,,0.0146156293374807,,0.1196005766018834,,0.0424987180966369,,0.0433680687289742,,0.0357050865767286,,0.0985111193626355,,0.000979789002376,,0.0067936315199083,,0.1410098374592725,,0.0076629821522455,,0.1418791880916098,,0.1342162059393642,,0.6734138152304927,0.1353067681824868,0.5692889815891543,0.1156296895747213,-0.7086343548618557,-0.1436408851153602,5.15,1.0625,1.407259150480598,0.2874800420407549,0.5369886117847326,0.1086527579459354,0.5846638535158756,0.1206927113907144,-0.7870155475405424,-0.1604782378526456,3.25,0.6624999999999999,1.4352620613162217,0.2934681716810404,0.6330942865231035,0.1266278753726049,0.4089529366287735,0.0833163861206045,-0.8344046491464413,-0.1656227444917351,3.6,0.7124999999999999,1.3671619163303588,0.2775525081205132,0.6244748006493699,0.1244825224302838,0.7743441001059896,0.1569641837315802,-0.6462370845867641,-0.133057562825918,3.75,0.7374999999999999,1.6812556009790576,0.3449419477998848,0.635965568208972,0.127116614170495,0.5743728800504165,0.1157118040270852,-0.5820992842384645,-0.1191629411324193,4.05,0.8187499999999999,1.3826432283150305,0.281333402558644,0.6555098323887087,0.1312400805192962,0.5340633761411564,0.1088404434035114,-0.8918515296724958,-0.1792975741899128,4.15,0.8312499999999999,1.299415257103676,0.2642424626991548,0.6306547802771604,0.1256850352985813,0.39097315310434,0.0793489104169674,-0.6243149107440416,-0.1247324250396249,3.45,0.66875,1.129314884407175,0.2320406288834048,0.6687302485653885,0.1339723069241252,0.5581373596065792,0.1127285753808697,-0.7207236608573314,-0.1457746710123592,5.7,1.1625,1.3899776668086834,0.2810852974155216,0.6682794019988487,0.1335958052026399,0.5541020933468057,0.1119328462854345,-0.6986741393919584,-0.1412092757289191,4.7,0.9499999999999998,1.3385537246460073,0.2710604280466936,0.6350371080284499,0.126164991720772,0.482110696491984,0.0967033139420641,-0.5706329828483114,-0.1145645602314429,4.4,0.8812499999999999,1.1669597244715233,0.2335294255903054,0.6275046704695398,0.1248007960815167,0.4927274532840867,0.0990452163689823,-0.6290048731503304,-0.1264474635839854,4.6,0.94375,1.2116418306879475,0.2448831508855877,0.660730478991624,0.132620347536466,0.5113025919991723,0.1029182040645103,-0.6797024969103023,-0.1366049024046038,4.65,0.9375,1.2301975126389413,0.2466903794003293,0.6452072037184227,0.1296119324305654,0.5439266386576773,0.1097224875479618,-0.6601692153936931,-0.1325326928453226,3.9,0.7812499999999999,1.2664558694664114,0.2546225407645252,0.022208823073692166,0.07477108512192765,345.63793103448273,204.31578947368422,141.3221415607985,343.0892857142857,211.52542372881356,131.56386198547216
sub-037,0.2353255643936248,,0.2353255643936248,,0.0613815955495837,,0.119534282158443,,0.119534282158443,,0.027807086135401,,0.0030184810545265,,0.1640967765451766,,0.1640967765451766,,0.0334518595718997,,-0.0002608395451064,,0.216071626508684,,0.216071626508684,,0.0656274452312648,,0.0024219795147587,,0.1938960485309828,,0.1938960485309828,,0.0472787914798507,,0.0020639633984508,,0.1718154008305031,,0.1718154008305031,,0.04108917744352,,0.0009761855400422,,0.1834466928963604,,0.1834466928963604,,0.0341604255891329,,-0.0071602726076199,,0.0190637693030743,,0.0354389428850705,,0.0534411399363302,,0.0884774576304898,,0.0435262412518479,,0.0165484280677455,,0.0345506251190051,,0.0695869428131648,,0.0412228077540752,,0.0180021970512596,,0.0530385147454192,,0.0577712358218208,,0.0350363176941596,,0.0757734328730804,,0.1108097505672401,,0.6835100141219514,0.1366092379546929,0.5289145589925898,0.1062959231180045,-0.6326972483105255,-0.1267796281806648,4.8,0.9875,1.263190340634773,0.2541087084261875,0.5483692872204426,0.108147000778255,0.3840789071845462,0.0769142973067111,-0.7147797154092729,-0.1437938123254972,3.05,0.59375,1.1373580628986644,0.2289151369127129,0.4344537804979212,0.0849070714248237,0.4622274826618721,0.0944689887811788,-0.9199459007265542,-0.184567667812783,3.0,0.6,1.271973806284949,0.2582474319144148,0.5959568266766081,0.1198627745459706,0.6423410725591544,0.1292548539227075,-0.471434393722132,-0.0944261152154527,3.75,0.75,1.3954821556840973,0.2809249750852944,0.5419284185676747,0.1077443030706656,0.5431672942707739,0.109072771609835,-0.6829392475265308,-0.1377034046616816,3.65,0.7374999999999999,1.2651143532405509,0.2545703866231844,0.6127096975585925,0.1205568472248638,0.4951745416274199,0.0992376382437869,-0.6727992797851818,-0.1343354807192062,3.7,0.7437499999999999,1.1921116640594902,0.2393021004096771,0.6401340316560428,0.1295414779295488,0.5333116058661544,0.1072349450684762,-0.5849276716384275,-0.1164494991737372,3.5,0.7,1.2330692411051618,0.2477693128848785,0.6424511015423207,0.1282024155600658,0.510049070913106,0.1022040438006016,-0.6023717539766078,-0.1202469520189797,4.65,0.94375,1.1536171668304616,0.2297293365459681,0.681662290507362,0.1362755111212108,0.5304657382666698,0.1065255514452712,-0.6393401584166705,-0.1280012755497628,4.75,0.96875,1.2861306234366237,0.2582645196113903,0.6447030546090338,0.1291521195783913,0.4909500853310357,0.0983631584808275,-0.5826802942619462,-0.1159713713085322,4.6,0.93125,1.1442036038722214,0.2288125173495995,0.6699629697400044,0.1335817376712639,0.4906488592727205,0.0978798780753097,-0.60203240756825,-0.1197243123242954,5.05,1.00625,1.1633551030358995,0.2309121255802647,0.6988419738518795,0.1398686398877905,0.5376735084854063,0.1078891026984647,-0.6662185735971455,-0.1330491168273496,4.5,0.8999999999999999,1.312330821277795,0.2627439840312857,0.6197916728334698,0.1234711046846892,0.4712690624908233,0.0936136079647162,-0.5509673176897419,-0.1093538232775801,4.05,0.81875,1.1152993704099494,0.2222283438354774,0.0353313207021983,0.05540487528362,414.225,72.9047619047619,341.3202380952381,300.7826086956522,160.97222222222223,139.81038647342996
sub-038,0.2305511865812656,,0.2305511865812656,,0.0618151486797609,,0.1769786877350619,,0.1769786877350619,,0.0328494499139763,,-0.0210292379707851,,0.1085460549688852,,0.1085460549688852,,0.0269736555217215,,-0.0074220638502714,,0.2012555973243313,,0.2012555973243313,,0.0523733454753954,,-0.0094153811426955,,0.1429695589674544,,0.1429695589674544,,0.0409535608251913,,0.0563809403701789,,0.1377780887561871,,0.1377780887561871,,0.0352994731906203,,0.0482791680683558,,0.1295854988272302,,0.1295854988272302,,0.0308930361433624,,-0.0755494617855462,,0.0136071741205136,,0.0116138568280895,,0.0774101783409642,,0.0693084060391411,,0.0545202238147609,,0.0021154106852104,,0.0638030042204504,,0.0557012319186273,,0.0681273979352747,,0.0657963215128746,,0.0576945492110514,,0.0661340806428505,,0.008101772301823,,0.1319304021557252,,0.1238286298539021,,0.6978600932285304,0.1395644946724866,0.5183991948344718,0.1043361502737414,-0.6232734603747286,-0.1248732096920632,4.3,0.8437499999999999,1.258997334024886,0.2525541806151385,0.6985113021826258,0.1394243581041951,0.5191901772804031,0.1042410613501672,-0.6874455080807765,-0.1380054192215836,4.55,0.9125,1.259655910270205,0.2510754603255608,0.6095371985903704,0.1226208831995882,0.404788546950859,0.0798899871407881,-0.9493311424075734,-0.1898925145567537,4.35,0.8812499999999999,1.1287099830081224,0.2269205407571275,0.6562437733009328,0.1299974700671409,0.6966788851698904,0.1405848593533177,-0.4249564757883597,-0.0844113492722511,3.85,0.7374999999999998,1.5202677892165837,0.3057022697056411,0.633402996581569,0.1253695704814352,0.5260603782371437,0.1055492245598384,-0.600665200737136,-0.1204886160719186,3.85,0.7749999999999999,1.2602149793013528,0.2519814608196011,0.6489096402480208,0.1298278014397703,0.4795876239117673,0.095992757762691,-0.8516940638629296,-0.170725413653227,3.5,0.7,1.169152619912689,0.2341371183828388,0.6358582089752921,0.1273217094802365,0.3887371510778595,0.0795884957288554,-0.4918922181026413,-0.0983250776392828,3.35,0.6624999999999999,1.0410388874291412,0.2103957138480205,0.6622768348159213,0.1314402550085645,0.477514794982415,0.095321917770543,-0.5930020675806406,-0.118349224686786,4.9,0.975,1.1908098030102947,0.237783275575664,0.680348231055,0.1363958397934353,0.5091501997752427,0.1025350383222483,-0.6179982803171948,-0.1238464611347898,4.3,0.8625,1.233686217705848,0.2472305694973064,0.7019714503647473,0.1404279713967821,0.4851166987694933,0.0972332485284161,-0.5916382560591023,-0.1181374068790026,4.55,0.9375,1.2177159550464127,0.2439450245955525,0.6644723583240784,0.1324390386951925,0.4647197315079218,0.0930243626014537,-0.5457424493319472,-0.1090029195081909,4.55,0.9375,1.108113686642986,0.221083186090354,0.6656378353659839,0.1332859489590696,0.4994682857107094,0.1002891840737603,-0.5905199507210719,-0.118341078432324,5.0,1.025,1.1777742224547043,0.2363346192151183,0.6397418763401673,0.1281669841692039,0.472252700800179,0.0952697265746858,-0.5699083943399161,-0.1146964233279266,5.05,1.0375,1.1374519072184277,0.2292312915802034,0.06900316802476307,0.0700160872287741,224.24561403508773,122.95,101.29561403508772,188.5,156.3728813559322,32.12711864406779
sub-039,0.2547524985694905,,0.2547524985694905,,0.0664730107992491,,0.1618763032276756,,0.1618763032276756,,0.0344672255119458,,-0.0083875688435167,,0.1023159671486211,,0.1023159671486211,,0.0245106696736535,,0.0054643152378271,,0.1563759522726017,,0.1563759522726017,,0.0403367630525885,,-0.004541823781911,,0.1328738561906781,,0.1328738561906781,,0.0324287103854562,,-0.0528371675401661,,0.151370277430979,,0.151370277430979,,0.0263118413017036,,-0.0450294437063316,,0.1979998828276289,,0.1979998828276289,,0.0485253132923837,,0.1023898808264478,,0.013851884081344,,0.0038457450616056,,0.0444495986966492,,0.0366418748628147,,0.1107774496699646,,0.0100061390197383,,0.0583014827779933,,0.0504937589441588,,0.0969255655886206,,0.0482953437582549,,0.0404876199244205,,0.1069317046083589,,0.0078077238338344,,0.155227048366614,,0.1474193245327795,,0.7193063698363398,0.1442555713647799,0.4961182709880251,0.0999729781697833,-0.6186284144421782,-0.1240397247006952,4.3,0.8624999999999999,1.2069605538970136,0.242067247239856,0.6220978520914064,0.1235491209678389,0.425624895590778,0.0854524022480898,-0.6515594170992554,-0.1292939148105342,3.75,0.7374999999999998,1.139654054403876,0.2286225382584372,0.672312492083276,0.1370523483905512,0.3184794069734439,0.0646121683805542,-1.0144000793368506,-0.2035049437845559,4.4,0.8999999999999999,1.013450969687688,0.198027736666471,0.5971195173200232,0.1195892272792732,0.6986954113671859,0.1410623078991944,-0.3952440393268611,-0.079420549046834,4.0,0.7999999999999999,1.5633566980723688,0.3145507008477691,0.5686558925630696,0.1128632848806972,0.5677326750021979,0.1149318386982167,-0.5204154786752189,-0.1045506033336284,4.5,0.95,1.262839728284031,0.253940912959591,0.6016673920575913,0.1208373165676188,0.4953918604401013,0.0994791695579149,-0.8954066816657058,-0.1788867010104052,3.85,0.7374999999999999,1.1428687606032004,0.2287471826084862,0.6760478187619844,0.135195231594731,0.3173170705194307,0.0639214961840993,-0.5130824839005784,-0.1033170705799527,3.9,0.76875,0.8766718293236198,0.175526066829661,0.6867559834237569,0.1382507907478063,0.4867476847094837,0.0978412007219937,-0.6146289504060032,-0.1225235193360801,4.75,0.925,1.1860358524866594,0.236938094325415,0.7262247434946261,0.1455671124531194,0.4937177426876853,0.0993905111040996,-0.6232647593011863,-0.1247590931463402,4.3,0.85625,1.187181447015328,0.2379239181425158,0.7316349683496706,0.1464013401042524,0.4574484166936859,0.0915229934144639,-0.5856008017500068,-0.1169277653606323,4.4,0.875,1.125782276642704,0.2245871613191628,0.6519561192950218,0.1293918488216418,0.3999498203994093,0.0786928154040968,-0.4858950687477367,-0.0954263733365249,3.9,0.7625,0.9755183264776518,0.1922404002931611,0.6611693925214577,0.1319352097387989,0.4403595577983855,0.0877851027473964,-0.5423556209234991,-0.1070453846234334,4.3,0.84375,1.0505036303736,0.2077095189062739,0.6670009227122751,0.1333190429259923,0.5234657472669193,0.1047927621745061,-0.6479968125681693,-0.1290631424579323,5.0,0.99375,1.327808729203554,0.2649620014483846,0.050348808410965805,0.0815173861002242,134.76470588235293,167.78181818181818,-33.01711229946525,163.98039215686273,140.6909090909091,23.289483065953647
sub-040,0.3011100039515788,,0.3011100039515788,,0.0879837828393642,,0.2561682215692435,,0.2561682215692435,,0.0477305287604851,,-0.0081998081975687,,0.1836475228695092,,0.1836475228695092,,0.0368899658276355,,0.0194819283861892,,0.278187237010607,,0.278187237010607,,0.0720077600007926,,-0.0213591477803214,,0.2233912644669415,,0.2233912644669415,,0.0427422605326935,,-0.0482222496631452,,0.1888756855314856,,0.1888756855314856,,0.0433246349599108,,-0.062609897773147,,0.2756547910266446,,0.2756547910266446,,0.0641694597067842,,0.128543826929742,,0.0276817365837581,,0.0131593395827526,,0.0400224414655763,,0.0544100895755782,,0.1367436351273108,,0.0408410761665108,,0.0677041780493345,,0.0820918261593364,,0.1090618985435526,,0.0268631018828236,,0.0412507499928255,,0.1499029747100635,,0.0143876481100018,,0.1767660765928872,,0.1911537247028891,,0.6255532794231332,0.124471085076008,0.4434437741350511,0.0880843447724645,-0.5426391312503123,-0.1073091731205629,4.15,0.8124999999999999,1.0543351406883616,0.209152238004747,0.6515722641541251,0.1307876853917653,0.5470821964917342,0.1084455915388322,-0.7491226514340805,-0.1484515126050331,3.85,0.7687499999999999,1.1971438573226574,0.2381530436803651,0.6238661233855277,0.1254899516958175,0.2477839546119342,0.0496618852983226,-1.0503700483443312,-0.2091733997124867,3.65,0.7437499999999999,0.8898343408970689,0.1790278823950276,0.6317966710362414,0.1268564434537269,0.6329883229334927,0.1261037907642629,-0.3282292953971936,-0.0631805351573607,3.45,0.6812499999999999,1.3206385992382437,0.2619895602021289,0.6209747897674591,0.1245756205993774,0.5230615747506726,0.1042329528940492,-0.5935745588986899,-0.1179648401126938,4.65,0.9125,1.1304209367177769,0.2241848927781919,0.6432468584859341,0.1285663976635019,0.3411737080534583,0.0664178286366771,-0.7086660110921855,-0.1393271002848409,3.4,0.6749999999999999,0.8570003362252748,0.1687038085619592,0.5674706382995498,0.1121555735226519,0.2550609686062252,0.0512487822440866,-0.2895898011293473,-0.0584566141457686,3.85,0.7749999999999999,0.7397517886946445,0.1482630936703174,0.5859264195430277,0.1166338031036792,0.4170674398273672,0.0834075258514384,-0.5159706112212034,-0.1024644278642012,4.15,0.8125,1.006278523793156,0.2006908476324699,0.6285140012984286,0.1245412321068262,0.4447518304738446,0.0881611742333469,-0.5566641018482071,-0.109620674259703,4.25,0.8374999999999999,1.0504275676545296,0.2081465359105209,0.5808291594606138,0.1172337793471937,0.3703814626724536,0.0748688236211247,-0.4288462161038948,-0.0863261101755493,3.9,0.7875,0.8812028947072642,0.1775758740709148,0.5935563784209551,0.1182788614800431,0.385119077940389,0.0766437789276612,-0.4899562401394239,-0.0974353512282721,4.35,0.8749999999999999,0.9563343405570496,0.191006082472969,0.5794418253924329,0.1154528764710361,0.4104746900996385,0.0819028970975286,-0.5067676958414326,-0.1006076460523481,4.0,0.7874999999999999,0.9914751267265473,0.1978814226472285,0.6032353885224896,0.1196057463591803,0.5030867247328036,0.1006291892834905,-0.6536354607801174,-0.130260454313944,4.05,0.81875,1.191590180848039,0.2378456952080669,0.04486324046591147,0.0955768623514445,258.8181818181818,126.15789473684211,132.6602870813397,236.23636363636365,147.94736842105263,88.28899521531102
sub-041,0.2697408390028517,,0.2697408390028517,,0.0686495645842057,,0.1495181488607513,,0.1495181488607513,,0.0319855570842847,,-0.0096151981972148,,0.1226450182232162,,0.1226450182232162,,0.0311646840589841,,0.0181005227792901,,0.2239514123215143,,0.2239514123215143,,0.0481077273031777,,-0.0293584126771774,,0.1462232076653495,,0.1462232076653495,,0.0366157204659139,,-0.0265071935722232,,0.1539534048782433,,0.1539534048782433,,0.0393684867023945,,-0.0456687924063251,,0.258789426995305,,0.258789426995305,,0.0555331713087379,,0.1009294106818427,,0.0277157209765049,,0.0197432144799625,,0.0168919953750083,,0.0360535942091102,,0.1105446088790576,,0.0474589354564676,,0.0446077163515133,,0.0637693151856152,,0.0828288879025526,,0.0028512191049542,,0.0163103797291475,,0.1302878233590202,,0.0191615988341018,,0.127436604254066,,0.1465982030881679,,0.709468039713925,0.1430436374058868,0.5156831730957985,0.1048892894744554,-0.6185306855190184,-0.1259026748281123,4.2,0.8312499999999999,1.237763249436983,0.2514793279526878,0.6352751911174622,0.1296691669734913,0.5028303914249808,0.1013494528563129,-0.8230085661251568,-0.164804392614515,4.1,0.8312499999999999,1.2490467386942667,0.2502871339236579,0.658210354745562,0.134446915252841,0.3632320474012572,0.0748005631081857,-0.8630106623910038,-0.1727845494821033,4.15,0.825,1.1004130109707424,0.2225630643185555,0.634148152574985,0.127761647960477,0.6471514182052316,0.1311462286149857,-0.5420843185587454,-0.1118081135597663,4.0,0.7999999999999999,1.379287894233175,0.2806405859186996,0.6727785048776298,0.136527843521793,0.6084765924692093,0.1247787422482156,-0.5998627192110251,-0.12103428086145,5.25,1.03125,1.3425274218219827,0.27442331996456,0.5482693025986555,0.1087383102598052,0.5323212871717857,0.1085143020335696,-0.7942647308267491,-0.1637259460262898,3.75,0.7624999999999998,1.231363532154985,0.2517092472974092,0.5604674846758579,0.1104152348897137,0.3196516145537413,0.0648446171938283,-0.3176082201896434,-0.0645522379741592,3.6,0.71875,0.9368942728434516,0.1897953985768581,0.7010276973293851,0.1405074850080464,0.5070903622998452,0.1022290434430484,-0.6304653376688514,-0.126530769489886,4.35,0.85625,1.250920150364857,0.2512859124198322,0.7172539141288679,0.1451599794078149,0.5214981837892227,0.1054935790353362,-0.6367448745826267,-0.1286216597693236,4.75,0.9249999999999998,1.2543074850431242,0.2531886655278237,0.6272998971108609,0.1253129927093371,0.501857334442969,0.1028684390255399,-0.5908853897907826,-0.1210688593031376,5.1,1.0187499999999998,1.2084035425104072,0.2462512737785215,0.6420668443143286,0.1291460953754571,0.4272800434611882,0.0864583104641156,-0.5164163218633456,-0.1040010989614534,5.1,1.0125,0.9710465310014744,0.1961217363490321,0.671905049565868,0.1329933307537729,0.4480235718582456,0.0887210737872636,-0.5478781400757226,-0.1074163369900696,4.4,0.83125,1.0464967846135684,0.2048449429069924,0.7087624368060459,0.1411894525643141,0.5362128394721768,0.1067355761702991,-0.659785879813821,-0.1299852201840522,4.55,0.8687499999999999,1.29654433681107,0.2560304765331422,0.021450310277158602,0.0732991015440839,266.17543859649123,294.7755102040816,-28.600071607590394,338.6470588235294,224.45454545454547,114.19251336898392
sub-042,0.21429391806405,,0.21429391806405,,0.0641836255344015,,0.1685037467207736,,0.1685037467207736,,0.0460443307293383,,-0.0042418685559773,,0.1371095788422683,,0.1371095788422683,,0.0384702112829157,,-0.006111419953469,,0.1978040121992878,,0.1978040121992878,,0.0652764952208761,,-0.0097171006475681,,0.1640505208865696,,0.1640505208865696,,0.0387225361794523,,0.0281081012120301,,0.1533609560785762,,0.1533609560785762,,0.038269705887424,,0.0229229247531505,,0.1302052467630094,,0.1302052467630094,,0.0300826219368587,,-0.034367496059744,,0.0081118322217148,,0.0054752320915908,,0.0580823099315542,,0.0531547133279933,,0.0671392316108568,,0.0060147211325563,,0.0661941421532691,,0.0612665455497083,,0.0590273993891418,,0.0625771990515731,,0.0576496024480123,,0.0626443424908378,,0.0051851764588795,,0.125221541542411,,0.1202939449388502,,0.6284582909831081,0.1245539317711566,0.5318460632478546,0.1069672379890526,-0.6359700038480606,-0.1274218216803381,4.65,0.8999999999999999,1.228139463099139,0.2465091708720185,0.5357505126128943,0.1079798365037481,0.6072395987703949,0.122178033154409,-0.8868105201432922,-0.1786875409898797,4.05,0.83125,1.31926366228476,0.2653645558022672,0.6009926490592006,0.1197008344626525,0.5244827323507224,0.1051611970118889,-0.9844694261164314,-0.1974423386561022,3.75,0.7624999999999998,1.231819280127742,0.246445708818436,0.5737768382398503,0.1137315660908047,0.6874310912225956,0.1385022873731768,-0.4891502906984435,-0.0982875901990664,3.55,0.7062499999999998,1.419824288342115,0.2851858558539522,0.5130536043503815,0.1020258180131366,0.5769216174405201,0.1163393820823962,-0.5833858541235241,-0.1163451619572417,3.25,0.6437499999999999,1.2543077048759748,0.2516678784090111,0.5926361365037133,0.1194453285896592,0.4460017084397886,0.0902988492531601,-0.7400869145576519,-0.1486852903818329,4.4,0.8875,1.115280880691208,0.2258026750506778,0.5684596897148866,0.1134779045656975,0.354403397275943,0.0701784757186953,-0.471458588420589,-0.0930916174916287,3.1,0.61875,0.971086046913474,0.1927721780389853,0.6036831329785123,0.1203079617105605,0.5196232384111832,0.1053223543291599,-0.642511024293847,-0.1303375499360214,4.4,0.88125,1.236790642916347,0.2506859892241381,0.6407676891818836,0.1278580383107709,0.5303087901193714,0.1068605789373002,-0.6612564701909698,-0.1332402497405365,4.45,0.8875,1.2381065763057606,0.2491063843812815,0.5485848303678236,0.1095488274767627,0.4669839438957576,0.0936381876170166,-0.5257573662160188,-0.1052801874150113,4.45,0.8624999999999998,1.0966406382009817,0.2197814648408873,0.6598808961111313,0.1319471151214896,0.4740436811795629,0.0953214424144149,-0.5854085790777707,-0.1170172375439373,5.7,1.10625,1.0933334785801443,0.2199978170511117,0.6257403951454211,0.1245499534711958,0.4850885442748227,0.0974338229903604,-0.6377932353393547,-0.128897770311707,4.95,1.03125,1.1263529699963093,0.2257919756957264,0.662535378132626,0.1321814159203702,0.5463568025712531,0.1094865678040594,-0.6546307660512617,-0.1303217269563011,4.75,0.8999999999999999,1.2584895109311975,0.2508218945754126,0.0622845503787988,0.06520335900064525,351.8490566037736,185.64705882352942,166.20199778024417,280.0377358490566,260.27450980392155,19.76322604513507
sub-043,0.2686711988887327,,0.2686711988887327,,0.069290359815869,,0.2429044721013538,,0.2429044721013538,,0.0375923305084912,,-0.0078200052857099,,0.1566618981845392,,0.1566618981845392,,0.0331110035161331,,0.0070579655359663,,0.2171915646036599,,0.2171915646036599,,0.0503625922254278,,-0.0179275714858949,,0.2321797936463543,,0.2321797936463543,,0.0332077479440485,,-0.0379673746398714,,0.1315398817488163,,0.1315398817488163,,0.0277169788792572,,-0.0452252743809633,,0.1922163199650169,,0.1922163199650169,,0.0620962525188873,,0.1019848035724616,,0.0148779708216762,,0.0101075662001849,,0.0301473693541615,,0.0374052690952533,,0.1098048088581716,,0.0249855370218612,,0.0450253401758378,,0.0522832399169296,,0.0949268380364953,,0.0200398031539765,,0.0272977028950683,,0.1199123750583566,,0.0072578997410917,,0.1399521782123332,,0.147210077953425,,0.64894361576716,0.1286191978387461,0.6012265712122831,0.1213121038312708,-0.7020495075522093,-0.1417696699205822,5.6,1.1124999999999998,1.4274727562108522,0.2895746547479081,0.5864908937207616,0.1174798136292077,0.5895731940214552,0.118758972871983,-0.8079300373862734,-0.1621975923308253,3.5,0.7124999999999999,1.43312413894964,0.291757408509336,0.6053727202633123,0.1245922820921058,0.5508264594868406,0.1111219430153307,-0.966281468828156,-0.1930675275099794,3.35,0.6875,1.482997264521965,0.2993961895055803,0.6087436884207904,0.1212468112415396,0.7388742857532355,0.1483193679612643,-0.5734008480498074,-0.1167712002778887,3.85,0.7499999999999999,1.6085333502739907,0.3252691471605841,0.6229297586106671,0.1246622315293451,0.6404230596223022,0.1292245023261709,-0.6322309574159555,-0.1270994830780907,3.9,0.7687499999999999,1.468837584840923,0.2979755704923713,0.6619485427604938,0.132325271798508,0.5883633475794795,0.1202478493423643,-0.7702897125340629,-0.156391769677263,4.35,0.875,1.3764707693046492,0.2806121023244937,0.625440084525177,0.127043573442783,0.447739715421657,0.0900317294885485,-0.6973535418202802,-0.1405743939951347,3.2,0.6375,1.1888988123072102,0.2412378175261809,0.6549384921640173,0.1310394148390168,0.5594262954658165,0.1117349504705453,-0.6585808000986453,-0.1312429063341104,5.05,0.99375,1.2865905457301503,0.2568365008361403,0.6632595312018228,0.1327904726655214,0.5807950302568361,0.1170449414468224,-0.684799877181001,-0.1378205031025949,4.45,0.85625,1.34993921774793,0.2724030831191328,0.6103853709714737,0.1215117610989111,0.586284905702825,0.1177887144143849,-0.6684726044712689,-0.133937453600034,5.0,1.025,1.3920412762888317,0.2789127730418627,0.6340621449735082,0.1271882993593103,0.5260186851448841,0.106030709669969,-0.6326701857499978,-0.1270061860151226,6.1,1.2187499999999998,1.211316855073153,0.2444177198986224,0.6594243785190553,0.1320465143489243,0.553193564122887,0.110863230834456,-0.6803716069255624,-0.1359089550330061,5.4,1.0625,1.305887803919957,0.2614828692661813,0.6701433616751837,0.1343195426156045,0.6200576508664862,0.1242027704350139,-0.7321799992350468,-0.1461163369196853,4.6,0.9125,1.5002398082035706,0.298910053636324,0.03173750422799193,0.07360503897671244,498.41379310344826,77.0,421.41379310344826,320.03225806451616,207.19444444444446,112.8378136200717
