split_id,seed,n_half1,n_half2,imm_half1,imm_half2,a1_half1,a1_half2,b1_half1,b1_half2,b3_half1,b3_half2,ind_high_half1,ind_high_half2,ind_low_half1,ind_low_half2,imm_same_sign,a1_same_sign,b1_same_sign,b3_same_sign,ind_high_same_sign,ind_low_same_sign,imm_same_sign_as_full
0,1042,21,22,0.023899479922781117,0.17356434815481686,0.3730396021373431,0.252521571983074,-0.394595345534765,-0.18108608791763128,0.06406687061064893,0.6873248364161558,-0.17109917062631727,-0.21929249174004226,-0.12330021078075505,0.12783620456959147,True,True,True,True,True,False,True
1,1043,21,22,0.20909510048889499,0.010388202862271672,0.39970126442023424,0.11423772676079814,-0.16375191361807975,-0.46676635125011035,0.5231284439197033,0.09093495780096782,-0.27454694741327446,-0.06371052975751651,0.14364325356451554,-0.04293412403297316,True,True,True,True,True,False,True
2,1044,21,22,0.010673034082120423,0.29508716189538253,0.2938332614476511,0.49095236481391125,-0.37941214515599697,-0.39774113253376764,0.036323437413234835,0.6010504950052156,-0.12215694212615663,-0.49035911149659905,-0.10081087396191578,0.09981521229416603,True,True,True,True,True,False,True
3,1045,21,22,0.023237730415356723,0.250659128407305,0.2479585136288685,0.3802314194326846,-0.3877251741960917,-0.24697400600471028,0.09371620306668622,0.6592278165263015,-0.11937748830551374,-0.3445664052734524,-0.0729020274748003,0.15675185154115762,True,True,True,True,True,False,True
4,1046,21,22,0.16674398424118658,0.07615552456035568,0.309629364517824,0.34675615498512863,-0.2755210736581329,-0.30174227423988464,0.5385276829310156,0.21962270450144358,-0.25205339918922287,-0.18078651537224633,0.08143456929315032,-0.028475466251534947,True,True,True,True,True,False,True
5,1047,21,22,0.11981588921643607,0.10433362055920828,0.262290378650018,0.3161117219116987,-0.2834572151897296,-0.3168562502615847,0.45680626881213227,0.3300529949609157,-0.19416398951962985,-0.20449559542788195,0.04546778891324226,0.004171645690534611,True,True,True,True,True,True,True
6,1048,21,22,0.056684190541121206,0.16827218554075854,0.301883808008203,0.3107980721437153,-0.35433984148517633,-0.5278280615945029,0.1877682374391572,0.5414196567569063,-0.1636536512176893,-0.3323201295076843,-0.050285270135446855,0.004224241573832817,True,True,True,True,True,False,True
7,1049,21,22,0.06375272864621392,0.20839586508515903,0.1529348895621136,0.4937492972908666,-0.4224315313739418,0.06771594776886519,0.4168619000461705,0.42206817554697906,-0.12835724824444225,-0.1749611634588968,-0.0008517909520143878,0.24183056671142125,True,True,False,True,True,False,True
8,1050,21,22,0.13047065228571686,0.07588538814563996,0.26502864467676657,0.5795360368111809,-0.027661519375181378,-0.5336293673576279,0.492288871057093,0.13094162109950763,-0.1378017472754213,-0.38514283683013745,0.12313955729601242,-0.23337206053885748,True,True,True,True,True,False,True
9,1051,21,22,0.22947876183999677,0.0470754497720008,0.5229237451481078,0.153069870843527,-0.38110436187957325,-0.25283585179652124,0.4388379069973222,0.3075422322667461,-0.42876728204634296,-0.08577700095110743,0.03019024163365055,0.008373898592894167,True,True,True,True,True,True,True
10,1052,21,22,0.18235781906655718,0.05610197164128889,0.40344838179980463,0.18556611836218617,-0.12691983917717312,-0.45956085791783113,0.4519978943850246,0.3023287447969871,-0.2335634228008791,-0.14138089619629698,0.13115221533223523,-0.029176952913719186,True,True,True,True,True,False,True
11,1053,21,22,0.5310383571675531,0.000922388313852761,0.7418331400564228,0.1801952409031598,-0.20358178545925598,-0.37907458173619807,0.7158460959659514,0.005118827274403263,-0.6820620723330859,-0.06922982389007151,0.38001464200202023,-0.067385047262366,True,True,True,True,True,False,True
12,1054,21,22,0.16116047922242757,0.07383259325798618,0.39469547179272624,0.2589092721031294,-0.800770673329051,0.019005734695760244,0.4083160075042887,0.28516782214186975,-0.47722103792981646,-0.0689118323221217,-0.1549000794849613,0.07875335419385064,True,True,False,True,True,False,True
13,1055,21,22,0.30366279839318794,0.0315557959243997,0.4682734632251288,0.2251846999610861,-0.36352836029941726,-0.3238434800010268,0.6484732154194224,0.14013294833020548,-0.47389348265114845,-0.10448039280278491,0.13343211413522738,-0.041368800953985506,True,True,True,True,True,False,True
14,1056,21,22,0.05771897338186273,0.18061233898234433,0.21995760731850414,0.4491435189433075,-0.2687986909294522,-0.3644401872945361,0.2624095346622143,0.40212611640766405,-0.11684329028905113,-0.34429828714817035,-0.001405343525325675,0.01692639081651833,True,True,True,True,True,False,True
15,1057,21,22,0.08077993567637129,0.1958188236578696,0.24897571365874221,0.41773335571238995,-0.6261228107768976,-0.1639815241034821,0.32444905765825843,0.4687651129125804,-0.236669309327567,-0.26431937599644934,-0.07510943797482439,0.12731827131928986,True,True,True,True,True,False,True
16,1058,21,22,0.059967134548804556,0.2104295504730552,0.42945608407380376,0.5089508935905735,-0.6166580988801446,-0.2297250639247279,0.13963507975008443,0.4134574732515071,-0.3247947069062679,-0.32734832703769706,-0.20486043780865879,0.09351077390841331,True,True,True,True,True,False,True
17,1059,21,22,0.25144895374348475,0.09972473607991458,0.4168864214382724,0.25680435789914713,-0.6252154019015095,-0.02426957285884307,0.6031593758222618,0.3883296097299047,-0.5120927652702963,-0.10595726815441633,-0.009194857783326795,0.09349220400541282,True,True,True,True,True,False,True
18,1060,21,22,0.11965110632475276,0.05051437113173091,0.30555538684948513,0.4546550415311229,-0.2980426886498263,-0.6102602177137383,0.39158565508678866,0.11110483007428174,-0.2107196553528111,-0.3279722557611627,0.028582557296694438,-0.22694351349770087,True,True,True,True,True,False,True
19,1061,21,22,0.16496782280745956,0.16976897422320625,0.3299409590530044,0.25009637166595605,-0.46610192351902874,-0.49971599606839967,0.49999194789561663,0.6788142230626202,-0.318753938469778,-0.2947461317033522,0.011181707145141107,0.044791816743060334,True,True,True,True,True,True,True
20,1062,21,22,0.07449484337806787,0.22724152522184102,0.24660916474990455,0.3727513072556113,-0.4301104567723735,-0.16555764097423106,0.3020765406412038,0.6096330738446262,-0.18056402387290282,-0.28895335232114083,-0.031574337116767076,0.16552969812254123,True,True,True,True,True,False,True
21,1063,21,22,0.1262392394821445,0.06582030935087188,0.21755314658001418,0.39191987037276366,-0.056897910380758754,-0.6103142962224088,0.5802685066460981,0.16794328210067208,-0.13861755891930622,-0.30501460921300283,0.11386092004498279,-0.17337399051125907,True,True,True,True,True,False,True
22,1064,21,22,0.11228410044244419,0.10759282729195904,0.3638329203840644,0.2651507154073797,-0.699893283509744,-0.18083574435613375,0.30861446051642705,0.4057798868339938,-0.3669283177389863,-0.15554155427921396,-0.1423601168540979,0.05964410030470414,True,True,True,True,True,False,True
23,1065,21,22,0.1844746720165116,0.05067279886990547,0.3600991367946208,0.291932788049474,-0.2102282992924668,-0.4508125461986138,0.5122885704714283,0.1735769360080168,-0.26017770112153005,-0.1822797623693491,0.10877164291149312,-0.08093416462953813,True,True,True,True,True,False,True
24,1066,21,22,0.025331684400114934,0.14208853494325474,0.036270136943502666,0.38885628602410466,-0.693370569678952,-0.13590872914639743,0.6984171148725917,0.36540115217385705,-0.05048032991496498,-0.19493749859737883,0.00018303888526488614,0.08923957128913065,True,True,True,True,True,True,True
25,1067,21,22,0.19500750140370834,0.06960838110126207,0.31921377464693784,0.3151564808958153,-0.5497563334708747,-0.21219556985415175,0.6108993937351037,0.22086926755687838,-0.3704972957470069,-0.1364831901581787,0.019517707060409735,0.002733572044345444,True,True,True,True,True,True,True
26,1068,21,22,0.15900018657846807,0.07696484259926879,0.30220008515817265,0.30963318222954445,-0.3099327755881615,-0.3938855907621469,0.526142097197778,0.2485678119027031,-0.2526618977545193,-0.19892489150131643,0.06533847540241686,-0.044995206302778805,True,True,True,True,True,False,True
27,1069,21,22,0.35444706754896876,0.061889023455144763,0.6027378252438171,0.27374776822902913,-0.1449807960887019,-0.4707159760939872,0.5880617620199782,0.22608046763459183,-0.44183247728559033,-0.19074647138062278,0.2670616578123473,-0.06696842447033326,True,True,True,True,True,False,True
28,1070,21,22,0.12680530041700677,0.10726938664923595,0.3433558184049664,0.2807282064828105,-0.26471753176098345,-0.36985431929406926,0.3693116400533745,0.382111181463357,-0.21769760518094194,-0.21109792636458072,0.03591299565307162,0.0034408469338911545,True,True,True,True,True,True,True
29,1071,21,22,0.1666772977745498,0.09858678902150575,0.34350770443998835,0.2220224048827253,-0.27999974338656813,-0.399249223590588,0.48522142478952385,0.4440398214476615,-0.26285936686905564,-0.187229061790649,0.07049522868004396,0.009944516252362503,True,True,True,True,True,True,True
30,1072,21,22,0.14011535389474766,0.1341987683630898,0.33775075196648374,0.3666717710103117,-0.6871357451342754,-0.14627535388206112,0.41484838473032276,0.3659915460449117,-0.37219596851689934,-0.18783381142618522,-0.09196526072740399,0.08056372529999438,True,True,True,True,True,False,True
31,1073,21,22,0.34449906494271615,0.00019321051862732753,0.4112520542432201,0.12903397091854507,-0.30999754603673646,-0.2971684072757435,0.8376835115794332,0.0014973616424568924,-0.47198619256068114,-0.03853803014095597,0.2170119373247511,-0.038151609103701314,True,True,True,True,True,False,True
32,1074,21,22,0.2393112343931757,0.10411148889379342,0.28758395654784885,0.35167237463573847,-0.21946034789128674,-0.26850280429533746,0.8321438972669485,0.29604682199343035,-0.3024245095451193,-0.1985365076766897,0.1761979592412321,0.009686470110897134,True,True,True,True,True,True,True
33,1075,21,22,0.24010529358895866,0.05966235080060871,0.5077458149901594,0.25995661135385056,-0.09177432113344068,-0.5399378785034069,0.4728848303626336,0.2295088803084791,-0.2867033210680261,-0.20002277203794147,0.19350726610989122,-0.08069807043672403,True,True,True,True,True,False,True
34,1076,21,22,0.08594738962916063,0.040769133197295505,0.433263089220344,0.07463746098594573,-0.5665421725274262,-0.29762022389969,0.1983722864179886,0.546228832797144,-0.3314092014719984,-0.06298275104723705,-0.15951442221367718,0.01855551534735396,True,True,True,True,True,False,True
35,1077,21,22,0.07052500785920574,0.1820408926341648,0.13744908536730027,0.43793130072551356,-0.40616479437759134,-0.21364629527053297,0.5130991426443056,0.41568367534492434,-0.12635198735480324,-0.2756032926171765,0.01469802836360822,0.08847849265115316,True,True,True,True,True,True,True
36,1078,21,22,0.03083503777002564,0.4121694416319449,0.21984847008837982,0.7255589906964323,-0.4265101839967118,-0.3264610102563517,0.14025586695067677,0.5680715791783126,-0.12460264919881613,-0.6490361627352811,-0.06293257365876483,0.17530272052860876,True,True,True,True,True,False,True
37,1079,21,22,0.18214759132586777,0.07845077302618994,0.4314127573185312,0.29937808814657585,-0.37398093162288804,-0.2794869144062501,0.4222118800056256,0.2620458080678916,-0.34348773622185097,-0.1621230311231188,0.020807446429884562,-0.005221485070738908,True,True,True,True,True,False,True
38,1080,21,22,0.047426225977129415,0.2040325506252186,0.29518078722468843,0.2681146523106196,-0.58481357222661,-0.10877802839719419,0.1606684040077076,0.7609899304900362,-0.22005195660666235,-0.23319753388796705,-0.1251995046524035,0.1748675673624702,True,True,True,True,True,False,True
39,1081,21,22,0.039504524766668755,0.21097010075816347,0.24575348139632242,0.4062985316297687,-0.3201773881965306,-0.2887559217563363,0.16074858651935225,0.5192489864826922,-0.11818923258034794,-0.3282912077671633,-0.03918018304701042,0.09364899374916366,True,True,True,True,True,False,True
40,1082,21,22,0.10762657385497822,0.1545739740271786,0.30185705985191286,0.3456905245160115,-0.14126027317978102,-0.47263449334561747,0.35654814205034135,0.44714553354793823,-0.15026698459090493,-0.3179592399361844,0.0649861631190515,-0.008811291881827265,True,True,True,True,True,False,True
41,1083,21,22,0.02586336886177933,0.10869657158834374,0.04790581205616697,0.4297039209518971,0.18974382244400698,-0.6335419804605635,0.5398795626604957,0.25295689959624945,-0.016773536964958015,-0.38093204467987807,0.034953200758600644,-0.1635389015031906,True,True,False,True,True,False,True
42,1084,21,22,0.2517892587708907,-3.475208522065864e-05,0.4212806131869012,0.0010976467346844182,-0.41814277385681276,-0.19203313484829757,0.5976758742021303,-0.03166053714964144,-0.4279447029409605,-0.00017603245819678776,0.07563381460082085,-0.00024553662863810503,False,True,True,False,True,False,False
43,1085,21,22,0.06325553152999609,0.18149541201061134,0.3112025982179194,0.3575635271408804,-0.5690838927837205,0.032273143936180665,0.20326157908778592,0.5075892764059852,-0.24035591756825778,-0.16995571283286526,-0.1138448545082656,0.1930351111883574,True,True,False,True,True,False,True
44,1086,21,22,0.1558039349307382,0.04026818072895638,0.3904458500387807,0.2341303809067359,-0.2262500697572447,-0.6014698861470054,0.3990410832008155,0.171990412235296,-0.24414233573843908,-0.18109055427648582,0.06746553412303738,-0.10055419281857306,True,True,True,True,True,False,True
45,1087,21,22,0.07829201557106588,0.17489356040302703,0.6195722656957648,0.23562513181010794,-0.2961355994608309,-0.31848276534204867,0.12636462266939244,0.7422534220329904,-0.2617694198821864,-0.24993610396599492,-0.10518538874005463,0.09985101684005915,True,True,True,True,True,False,True
46,1088,21,22,0.06161187127931763,0.16275804094622956,0.29329263293089913,0.3684200254259848,-0.364223951843287,-0.30839315719083066,0.2100696177180612,0.4417730571459598,-0.1684360730919323,-0.27637625575967506,-0.04521233053329702,0.049139826132784,True,True,True,True,True,False,True
47,1089,21,22,0.21932354445513005,0.13065640845496237,0.23907579991773445,0.4889026295519688,0.016453178473952616,-0.5936171602451212,0.917380782708241,0.26724423342679937,-0.21538998765028056,-0.42087739904597454,0.22325710125997952,-0.15956458213604982,True,True,False,True,True,False,True
48,1090,21,22,0.039568265998234514,0.16511759753448346,0.37411069066097963,0.27548785989769564,-0.41903490270080695,-0.3622056948151402,0.10576619964622025,0.5993643334984019,-0.19633370285868978,-0.26490086924186435,-0.11719717086222077,0.06533432582710262,True,True,True,True,True,False,True
49,1091,21,22,0.3242284724884271,0.01925644395771935,0.4770097309069663,0.19124258361915697,0.030021869063809572,-0.47457762191799296,0.6797103947375511,0.10069119331741977,-0.3099077488049751,-0.11001589450115178,0.33854919617187906,-0.07150300658571308,True,True,False,True,True,False,True
50,1092,21,22,0.060225322319822396,0.174959213899312,0.3386535915791087,0.3309538171749811,-0.5791206815313447,-0.19745587630806072,0.17783754201158058,0.5286514456692547,-0.2563466210781535,-0.2403079898870956,-0.13589597643850868,0.10961043791152837,True,True,True,True,True,False,True
51,1093,21,22,0.21730604878044807,0.00905679604262005,0.4994890499808765,0.05049790334410438,-0.4029646832075595,-0.29573070524403583,0.43505668200087244,0.17934994213333869,-0.41858249557163685,-0.023990576611917197,0.016029601989259307,-0.0058769845266770935,True,True,True,True,True,False,True
52,1094,21,22,0.12101041516505143,0.1356812528857361,0.3788857752869277,0.29705785113780975,-0.053728639553793346,-0.49221148900812023,0.31938495203049266,0.45675026721576684,-0.1413674324175023,-0.28189654011582993,0.10065339791260053,-0.01053403434435777,True,True,True,True,True,False,True
53,1095,21,22,0.011215439250242373,0.20645982093897952,0.15013561906699105,0.36763845641274534,-0.5377622193504996,-0.1857729138950914,0.07470205484841011,0.5615838532060107,-0.09195270296326866,-0.2747570882466688,-0.06952182446278393,0.13816255363129026,True,True,True,True,True,False,True
54,1096,21,22,0.18541824193646955,0.054236439214648435,0.5422432448157046,0.1517305789485115,-0.3919899724415805,-0.26918489385612066,0.3419466147512612,0.35745226565736044,-0.39797215652841084,-0.09508001900363124,-0.02713567265547169,0.01339285942566563,True,True,True,True,True,False,True
55,1097,21,22,0.20049929209193082,0.10613301774636023,0.37720348928392217,0.42850515473076556,-0.31167639417184656,-0.29471049644998715,0.5315414565028438,0.2476820093635624,-0.3180647155009824,-0.23241798462844274,0.08293386868287919,-0.02015194913572224,True,True,True,True,True,False,True
56,1098,21,22,0.06441657160355009,0.10723036532860332,0.10998428049914123,0.40665780000384244,-0.3258346783193903,-0.3794708683098598,0.585688894005658,0.26368697545599795,-0.10025326426017736,-0.26154515380103877,0.02857987894692282,-0.047084423143832085,True,True,True,True,True,False,True
57,1099,21,22,0.2226975016417541,0.07885236353492951,0.3654496764494186,0.33544885594770574,-0.3880408208535325,-0.2110796047406784,0.6093793920011237,0.2350652331550121,-0.36450689407184433,-0.14965877545908401,0.08088810921166383,0.008045951610775018,True,True,True,True,True,True,True
58,1100,21,22,0.13337065128546224,0.07230170338342662,0.3355423317971877,0.29695709068272225,-0.3712723505628487,-0.38216441167825865,0.39747786984467776,0.24347525501815986,-0.2579482415251434,-0.1857881352378765,0.008793061045781089,-0.04118472847102323,True,True,True,True,True,False,True
59,1101,21,22,0.09391676532337077,0.07589248157490555,0.38977073777364224,0.17698753337439183,-0.6130394351505271,-0.21984066622833387,0.24095386395556598,0.42880128406765156,-0.3328615982463286,-0.11480153882604133,-0.14502806759958708,0.036983424323769776,True,True,True,True,True,False,True
60,1102,21,22,0.020534249557119563,0.21301639590286994,0.33715598952915005,0.35452747951458896,-0.33992044202245153,-0.2524406504207517,0.06090430007130038,0.6008459377945179,-0.1351404625483853,-0.3025135434235625,-0.09407196343414616,0.12351924838217737,True,True,True,True,True,False,True
61,1103,21,22,0.08834071049933473,0.16923516024497146,0.35098554489872663,0.27385548992797676,-0.45239031768878313,-0.3136979331817542,0.25169330128630957,0.6179724945060617,-0.24712317266024036,-0.25514306142585447,-0.07044175166157086,0.08332725906408844,True,True,True,True,True,False,True
62,1104,21,22,0.12188603703419056,0.1391783604734065,0.24391500003723632,0.33495198045740626,-0.7715156155250685,0.11526076468818587,0.49970701685252367,0.4155173535124237,-0.31007026842371604,-0.10057153907206358,-0.06629819435533493,0.17778518187474945,True,True,False,True,True,False,True
63,1105,21,22,0.12487854539378176,0.027297726572132686,0.17659479664026972,0.5038626864959441,0.01838602115057832,-0.6198918373383465,0.70714736656802,0.05417691625861726,-0.1216316697276717,-0.3396380930703388,0.12812542105989183,-0.28504263992607337,True,True,False,True,True,False,True
64,1106,21,22,-0.0012720013387358048,0.136502828046141,0.4031804674538388,0.2570424400086753,-0.2892358709535955,-0.3596331638276774,-0.0031549180613057344,0.5310517128670812,-0.115342252316753,-0.22894381398444685,-0.11788625499422463,0.04406184210783512,False,True,True,False,True,False,False
65,1107,21,22,0.18269094066703484,0.028902874494883886,0.2944183318624312,0.34167386979331804,-0.1246610418339478,-0.5161196762697161,0.6205148283782761,0.08459199561373401,-0.2193934366520185,-0.2052474815624323,0.1459884446820512,-0.14744173257266457,True,True,True,True,True,False,True
66,1108,21,22,0.13928725094850192,0.08266154634914546,0.315430158916109,0.3360042832513492,-0.17449018148799503,-0.4236085846825997,0.4415787362474316,0.24601337086917494,-0.19432671662456089,-0.22499584522454083,0.08424778527244296,-0.0596727525262499,True,True,True,True,True,False,True
67,1109,21,22,0.15397804069978932,0.09892056657788896,0.34479256882995096,0.3155499631391082,-0.474063544496764,-0.2937120717272217,0.44658166857340276,0.3134862244755847,-0.3174316279954604,-0.19160139998492487,-0.009475546595881712,0.006239733170853049,True,True,True,True,True,False,True
68,1110,21,22,0.15252083464431218,0.06989491771581748,0.3300216738323517,0.3423723259675151,-0.08614277842750918,-0.5688001459604346,0.46215399392765794,0.20414885320622916,-0.18094981856952816,-0.2646363466989536,0.1240918507190962,-0.1248465112673186,True,True,True,True,True,False,True
69,1111,21,22,0.29245043759650313,0.022756783019908824,0.43246758327841733,0.23456183872661163,-0.4063929636401398,-0.20221727174398518,0.6762366681440425,0.09701826666882711,-0.46820222044330817,-0.07018923810245688,0.11669865474969816,-0.024675672062639226,True,True,True,True,True,False,True
70,1112,21,22,0.20220561438253684,0.045462938654590175,0.5384585308966188,0.11198855030174089,-0.639602320398939,-0.10359365508746156,0.37552680992133686,0.4059605962582359,-0.546604940182618,-0.05706424190829355,-0.14219371141754433,0.03386163540088679,True,True,True,True,True,False,True
71,1113,21,22,0.24858466976319835,0.034114839680005456,0.3876143217482081,0.2695810806124501,-0.33684256729821455,-0.2930241301711416,0.6413196206013189,0.1265476034241771,-0.3791496730224209,-0.11310860133706505,0.11801966650397579,-0.04487892197705415,True,True,True,True,True,False,True
72,1114,21,22,0.07895784743612101,0.1432596925757994,0.19555719788780201,0.4724456577961254,-0.6867690637281032,-0.0033635361696038313,0.4037583289643058,0.30322999103024945,-0.21326048113481821,-0.14484878063396894,-0.055344786262576176,0.14167060451762986,True,True,True,True,True,False,True
73,1115,21,22,0.039531731005548805,0.2027511620796419,0.27966497752198344,0.31006543111822693,-0.4249967318048993,-0.13208036569910922,0.14135388476535773,0.6538979896870011,-0.1583884324526824,-0.24370471761238927,-0.07932497044158478,0.16179760654689454,True,True,True,True,True,False,True
74,1116,21,22,-0.04364385493073611,0.2134010441149563,0.3021470350940734,0.34265482930786373,-0.33092472826286407,-0.28150460198289323,-0.14444574945819874,0.6227872070153219,-0.05634407055320019,-0.3098599554567827,-0.1436317804146724,0.11694213277312991,False,True,True,False,True,False,False
75,1117,21,22,0.1642395278413936,0.028235072159028204,0.38238870358566046,0.2991892221175967,-0.11724629570069432,-0.6211505480483257,0.4295093612894912,0.09437195617939197,-0.20907318685460308,-0.21407662144752565,0.11940586882818409,-0.15760647712946924,True,True,True,True,True,False,True
76,1118,21,22,-0.01304365662019976,0.23568010834553751,0.3030090906594615,0.3602677559835437,-0.2272341526423774,-0.33962023844276756,-0.043047080177732844,0.654180410073398,-0.05581035733874029,-0.3580343295359094,-0.08189767057913981,0.1133258871551656,False,True,True,False,True,False,False
77,1119,21,22,0.154469221350537,0.08057023453536112,0.3810891903861707,0.2707917505476197,-0.3528367896119657,-0.29346011152418283,0.4053361397997358,0.2975357793301482,-0.2889315078422166,-0.1600368118508943,0.020006934858857378,0.001103657219827935,True,True,True,True,True,True,True
78,1120,21,22,0.06844512457778085,0.1705456888691624,0.24148823062394648,0.3605410595987524,-0.27439468436743447,-0.38126358569363084,0.28343047775427976,0.47302709172420865,-0.13470821139828887,-0.3080068660415638,0.0021820377572728264,0.03308451169676103,True,True,True,True,True,True,True
79,1121,21,22,0.336538386002846,0.02763086312092904,0.5868178045579474,0.08146708316246995,-0.29608125697594007,-0.36739593863429976,0.5734972309784669,0.33916598027481554,-0.5102841391922247,-0.05756153860720324,0.16279263281346742,-0.0022998123653451647,True,True,True,True,True,False,True
80,1122,21,22,0.056578763033553484,0.13441617779327605,0.46779137123467274,0.20355076671136033,-0.19421085651973863,-0.5525658920245076,0.12094871028557326,0.6603570203392124,-0.14742892591358228,-0.2468913887734113,-0.034271399846475335,0.02194096681314079,True,True,True,True,True,False,True
81,1123,21,22,0.07442091260941669,0.17951121207724594,0.3335855586416431,0.38501379665001617,-0.21669205708271533,-0.5302529352212659,0.22309392802391648,0.46624618036850396,-0.1467062535245611,-0.38366590785160065,0.0021355716942722865,-0.024643483697108733,True,True,True,True,True,False,True
82,1124,21,22,0.22401380170434124,0.014197699708086991,0.3271377879718857,0.2983396095518871,-0.14351242800537128,-0.4756294927084601,0.6847689565095214,0.047589053727771044,-0.2709621399484929,-0.1560968168540911,0.1770654634601896,-0.12770141743791713,True,True,True,True,True,False,True
83,1125,21,22,0.05322812222398685,0.19255942831483258,0.3402851284601311,0.32448312500305315,-0.38304009386691074,-0.28769943623691546,0.15642212301447442,0.5934343374960431,-0.18357096977086926,-0.28591304044660354,-0.07711472532289554,0.09920581618306164,True,True,True,True,True,False,True
84,1126,21,22,0.15510151970746872,0.3032627118067556,0.3449410950047073,0.43879239847637974,-0.016694764165265975,-0.8741296322104566,0.44964639456876565,0.6911302767773,-0.1608602299394809,-0.6868241497036576,0.1493428094754565,-0.0802987260901463,True,True,True,True,True,False,True
85,1127,21,22,0.21119711301186156,0.04680243572898948,0.4230695262111131,0.12916529608157068,-0.16560659838616362,-0.6581477752889765,0.4992019040068452,0.3623452827409054,-0.2812602181285299,-0.1318122879896172,0.14113400789519326,-0.038207416531638214,True,True,True,True,True,False,True
86,1128,21,22,0.22321190039776076,0.0020315499875014353,0.40729686044586644,0.1367844440813872,-0.21577511797216753,-0.39678122598189614,0.5480324600425632,0.01485220049066878,-0.31109642851016106,-0.05630504940536637,0.13532737228536046,-0.0522419494303635,True,True,True,True,True,False,True
87,1129,21,22,0.04325789046345051,0.21089124197905174,0.20217801842817198,0.46344244869398477,-0.4909100235722373,-0.023991445379547657,0.21395941457809264,0.4550537883902498,-0.14250910625581265,-0.2220098961734573,-0.05599332532891163,0.19977258778464618,True,True,True,True,True,False,True
88,1130,21,22,0.17399959074159235,0.09891726835082745,0.4802092756202941,0.2731981879961952,-0.546257284991024,-0.2674596259766948,0.3623411699343672,0.3620714656870457,-0.4363174058694405,-0.17198675352980056,-0.08831822438625582,0.025847783171854325,True,True,True,True,True,False,True
89,1131,21,22,0.22326707774976007,0.07455004134445707,0.36190626103424045,0.3415167995152102,-0.4361091841870312,-0.19592950195614783,0.6169196330334734,0.21829099315255449,-0.38109772200158143,-0.1414632577831298,0.06543643349793869,0.007636824905784348,True,True,True,True,True,True,True
90,1132,21,22,0.15386261002474302,0.09797386277398999,0.3336876873053955,0.3283927788712121,-0.33090258903933323,-0.3842546200738368,0.46109765471785563,0.2983435357828408,-0.2642807296846459,-0.2241603052541391,0.043444490364840216,-0.028212579706159122,True,True,True,True,True,False,True
91,1133,21,22,-0.01744253827330896,0.2637154699402003,0.2919448540749779,0.35075256357238016,-0.38676501616326114,-0.185963233537717,-0.0597460034997888,0.7518561439844782,-0.09547151793178077,-0.3289425508337638,-0.1303565944783987,0.19848838904663682,False,True,True,False,True,False,False
92,1134,21,22,0.31713442347610504,0.05898724471384604,0.24964005909806464,0.1855562556110656,-0.17308101669768744,-0.557002751202751,1.270366721678779,0.3178941314567481,-0.36034237871326885,-0.1623425895920905,0.27392646823894123,-0.0443681001643984,True,True,True,True,True,False,True
93,1135,21,22,0.1603122668976242,0.1030062780109324,0.42585166420673326,0.24960500660350413,-0.08185598907841381,-0.39688314090499216,0.376450957861701,0.41267713101026526,-0.19517077607195488,-0.20207029701734244,0.1254537577232935,0.003942259004522372,True,True,True,True,True,True,True
94,1136,21,22,0.09137296145974096,0.12693467671566935,0.28142402662312904,0.3300177837697339,-0.16816731948946667,-0.4337531230913319,0.32468074085978343,0.38462980772041233,-0.13869928565688486,-0.2700809211014713,0.04404663726259704,-0.01621156767013258,True,True,True,True,True,False,True
95,1137,21,22,0.15529674501820198,0.09311385954557413,0.6774747475321851,0.2298104979646004,-0.5455909184973132,-0.19069903327683846,0.229228831899486,0.4051767015444056,-0.5249208147830222,-0.13693849934429225,-0.21432732474661825,0.04928921974685598,True,True,True,True,True,False,True
96,1138,21,22,0.09794836357849317,0.16724184671275055,0.22106833709443877,0.5496175740510498,-0.054621106560925205,-0.6025687552036041,0.44306826054719156,0.3042876622013122,-0.11002336077617504,-0.49842422414671633,0.08587336638081129,-0.16394053072121526,True,True,True,True,True,False,True
97,1139,21,22,0.20656126415078288,0.12491073956766163,0.28607147942788247,0.46616312601944904,-0.405315770061352,-0.2106423104892219,0.7220617188539279,0.26795499814468415,-0.32251054612768526,-0.2231044174972767,0.09061198217388049,0.026717061638046567,True,True,True,True,True,True,True
98,1140,21,22,0.030905380659276005,0.19206128037487358,0.36083554981899973,0.29846736763593096,-0.3583133409462492,-0.2776899817892978,0.08564948956603247,0.6434917220469777,-0.16019757204709856,-0.2749426782583949,-0.09838681072854655,0.10917988249135226,True,True,True,True,True,False,True
99,1141,21,22,0.19756594217964393,0.09876680829086244,0.48624592500689096,0.2199762885158833,-0.4627929397625804,-0.01584982095383,0.40630868459585356,0.44898842942216033,-0.42259712326115817,-0.10225339307792726,-0.027465238901870352,0.09528022350379764,True,True,True,True,True,False,True
100,1142,21,22,0.02068847606949544,0.26899244522353105,0.20446468435806725,0.40226942923978815,-0.5182536165234507,-0.24013392503417547,0.10118361581340327,0.6686872669689939,-0.1266530381893896,-0.3655909821881389,-0.08527608605039873,0.1723939082589232,True,True,True,True,True,False,True
101,1143,21,22,0.11977001125940952,0.13307285271241592,0.2898990397487133,0.37083310189678353,-0.2081988521497448,-0.42345414738408965,0.4131438702357451,0.3588483661025897,-0.18012665857440488,-0.2901036676979156,0.05941336394441417,-0.023957962273083788,True,True,True,True,True,False,True
102,1144,21,22,0.2302196338984109,0.010476759410298398,0.3784840414522896,0.30166273528963966,-0.4252446662453035,-0.23040154303898028,0.6082677436412642,0.034730041813879335,-0.39116795378496344,-0.07998031909839082,0.06927131401185842,-0.05902680027779403,True,True,True,True,True,False,True
103,1145,21,22,0.12267963016536779,0.16280324951641345,0.36895334824447923,0.2817210746681841,-0.013965179754012727,-0.6956917384305911,0.3325071604556267,0.5778880749626769,-0.1278321299944468,-0.35879427370485684,0.11752713033628877,-0.03318777467202987,True,True,True,True,True,False,True
104,1146,21,22,0.09211015367445137,0.14125467770499736,0.2554096770400896,0.3706266444516019,-0.2845998908312693,-0.3919469276185852,0.36063689810779403,0.38112391491444164,-0.16479971987731062,-0.28652065229138846,0.019420587471592126,-0.004011296881393779,True,True,True,True,True,False,True
105,1147,21,22,0.09297585467197868,0.13957021443492626,0.32541172308290073,0.3071639582011049,-0.528517920491049,-0.0975487313553527,0.2857175942868305,0.4543834349977594,-0.2649617818591624,-0.16953366887553264,-0.07901007251520509,0.10960675999431987,True,True,True,True,True,False,True
106,1148,21,22,0.19827444281328602,0.0831960342055571,0.47331103750779496,0.24280908301298693,-0.6494320408799152,-0.05045425637597492,0.4189094001637784,0.3426397117158392,-0.5056577958729634,-0.09544678593030971,-0.10910891024639137,0.07094528248080449,True,True,True,True,True,False,True
107,1149,21,22,0.14340040289713052,0.1369743818798668,0.2126505598074346,0.43302080595500714,-0.13095646796972682,-0.4180547234000844,0.6743476388070012,0.3163228648512078,-0.17124836912129732,-0.3180007751398689,0.11555243667296373,-0.044052011380135335,True,True,True,True,True,False,True
108,1150,21,22,0.15050254061048637,0.1558426153882726,0.3095487068395433,0.3409195282724527,-0.06305493584282917,-0.7057097993112041,0.48619986866396575,0.45712434303184835,-0.17002111446048448,-0.39643286726669563,0.13098396676048824,-0.0847476364901504,True,True,True,True,True,False,True
109,1151,21,22,0.2133342989754763,-0.018721793822237383,0.33935541832938865,0.32886501270836777,-0.15724672993687164,-0.6195790463791563,0.6286456247721012,-0.05692850591813964,-0.26669682879413176,-0.18503607713908224,0.15997176915682082,-0.22247966478355696,False,True,True,False,True,False,False
110,1152,21,22,0.08689827993333736,0.1387821585355732,0.3403955441655421,0.25850283495062715,-0.363456137541332,-0.2576885088988371,0.2552861852124502,0.536869000148799,-0.21061712965202517,-0.2053953686201225,-0.036820569785350456,0.07216894845102391,True,True,True,True,True,False,True
111,1153,21,22,0.09177710953279504,0.10457922571531436,0.3382525311076608,0.3346830459454035,-0.6862689052554826,-0.11716805461553183,0.27132719223787194,0.3124724331939248,-0.32390930375594545,-0.14379338712153794,-0.1403550846903554,0.06536506430909078,True,True,True,True,True,False,True
112,1154,21,22,0.2656951629542315,0.013030311658826198,0.45851296864863444,0.1927483703831825,-0.1162796981196786,-0.6937247396999471,0.5794714241939748,0.06760270726503173,-0.3190109125326524,-0.14674462473048847,0.21237941337581065,-0.12068400141283607,True,True,True,True,True,False,True
113,1155,21,22,0.05382523415475591,0.12943805430840577,0.24965487405056713,0.40595392484619996,-0.2594583531780417,-0.4418542711440073,0.21559857126544105,0.31884912643089924,-0.11860027663878749,-0.3088105298893726,-0.010949808329275664,-0.04993442127256103,True,True,True,True,True,True,True
114,1156,21,22,0.14798458318424212,0.0818545643918146,0.4269743626412644,0.19587622417336054,-0.546816108570271,-0.15373209454007836,0.3465889199267355,0.4178892294726342,-0.38146104262301006,-0.11196702660458725,-0.08549187625452577,0.05174210217904195,True,True,True,True,True,False,True
115,1157,21,22,0.24425165519936115,0.08480150074446541,0.4313200848626939,0.2336914898240054,-0.274364185079949,-0.3958475922272955,0.5662886189895748,0.3628780012842144,-0.36259043879132863,-0.17730771431530745,0.1259128716073937,-0.007704712826376659,True,True,True,True,True,False,True
116,1158,21,22,0.10805934704469394,0.10128489485082175,0.22323574590739637,0.36823984629995454,-0.13329021437892094,-0.4786156055773609,0.48405933648959426,0.2750514260434457,-0.13781448747372912,-0.2775302318853888,0.07830420661565876,-0.07496044218374529,True,True,True,True,True,False,True
117,1159,21,22,0.10385715303062412,0.12029280842261339,0.3197132049082211,0.3254472963013528,-0.16120791018281494,-0.4494581704687202,0.3248447403366965,0.36962300744150745,-0.15539745065172855,-0.2665677548022109,0.05231685540951971,-0.02598213795698412,True,True,True,True,True,False,True
118,1160,21,22,0.08192717855604445,0.15760132412756175,0.3560889532769396,0.28735246895466376,0.23913385371180823,-0.501716925588578,0.23007503547105984,0.5484599617357973,0.0032257451052741417,-0.30177092141178297,0.16708010221736305,0.01343172684334053,True,True,False,True,False,True,True
119,1161,21,22,0.09299021931966424,0.10917728626897684,0.19188398755572045,0.3800536714169287,-0.3839007930557459,-0.18508759836500305,0.4846168797313594,0.28726807416946787,-0.1666546343170042,-0.1795205075613382,0.01932580432232428,0.038834064976615505,True,True,True,True,True,True,True
120,1162,21,22,0.1479717266545009,0.11028685684448379,0.2951453934420872,0.41610525608743365,-0.4939059428209354,-0.27046884466076315,0.5013519775077757,0.2650455749621915,-0.2937457904717709,-0.22283036471572296,0.002197662837230908,-0.0022566510267553767,True,True,True,True,True,False,True
121,1163,21,22,0.07576751512848133,0.18928687963675234,0.28152075072292676,0.3012682568990158,-0.30393202942253916,-0.2646559829177965,0.26913651989743326,0.6283001122823262,-0.16133068822025723,-0.2690193262882926,-0.009795657963294563,0.10955443298521207,True,True,True,True,True,False,True
122,1164,21,22,0.04275060155676616,0.3522293064048613,0.18263266137332923,0.6222877790981066,-0.18392078952316435,-0.6026150569530491,0.23407971627472132,0.5660231780790455,-0.0763405448292656,-0.7272292918472533,0.00916065828426673,-0.022770679037530637,True,True,True,True,True,False,True
123,1165,21,22,-0.003657348047659102,0.3480262280205334,0.22068141908613387,0.45252030401867255,-0.3425113117465553,-0.37525433603787867,-0.016572976840572188,0.7690842265636165,-0.07192853428162392,-0.5178364342487194,-0.07924323037694211,0.1782160217923474,False,True,True,False,True,False,False
124,1166,21,22,0.17167301985344932,0.032395942858539334,0.5642828603361489,0.07053056195941715,-0.13401983231368053,-0.4121974864973985,0.30423220678930774,0.4593178043467137,-0.247298114173184,-0.06146846321946011,0.09604792553371463,0.0033234224976185552,True,True,True,True,True,True,True
125,1167,21,22,0.2007490492738923,0.0786099104005292,0.3703424562598228,0.3159139443226055,0.0249883610919592,-0.5185117542225501,0.5420632873187294,0.24883330354121438,-0.19149479824918875,-0.2424150038546084,0.2100033002985959,-0.08519518305355002,True,True,False,True,True,False,True
126,1168,21,22,0.05142775296800535,0.15291030972767122,0.3011329926222912,0.3175611712241836,-0.4983508583721599,-0.2679153767549338,0.17078086502634,0.4815145036095221,-0.20149763832550147,-0.2379898305589364,-0.09864213238949077,0.06783078889640601,True,True,True,True,True,False,True
127,1169,21,22,0.1646268887258079,0.12362405957240664,0.35371770989344054,0.3113257708167884,-0.5158040644722768,-0.23745092537744003,0.4654188470670657,0.3970890660547275,-0.34707592116467023,-0.19754865194669788,-0.017822143713054378,0.049699467198115424,True,True,True,True,True,False,True
128,1170,21,22,0.19066810857662078,0.072201885203108,0.24459411913916027,0.3839943023103336,-0.2919736771722748,-0.05868781281461162,0.7795285890260566,0.18802853263368585,-0.2620831529563949,-0.09473767093897423,0.11925306419684668,0.04966609946724175,True,True,True,True,True,True,True
129,1171,21,22,0.020090844423919802,0.2161217122058699,0.3097639502036831,0.3647888779832307,-0.5756763637947832,-0.270031921249032,0.0648585621751957,0.5924569668919704,-0.19841462891188436,-0.31462635377796044,-0.15823294006404476,0.11761707063377941,True,True,True,True,True,False,True
130,1172,21,22,0.2827327691407451,0.01933068757784765,0.3647591000557971,0.3178046304352921,-0.5846145837843899,-0.1983056572555293,0.7751219067529653,0.06082569518062309,-0.4959762586014336,-0.08235314369516884,0.06948927968005665,-0.04369176853947354,True,True,True,True,True,False,True
131,1173,21,22,0.006498049962516462,0.19317221623283076,0.34502867777537,0.35880609480328024,-0.5448281134093917,-0.25830067089700515,0.018833361923460173,0.5383749580361498,-0.19447937354700823,-0.2858520712424525,-0.1814832736219753,0.10049236122320905,True,True,True,True,True,False,True
132,1174,21,22,0.10095394004965347,0.13175827101371784,0.31666180957317774,0.33943302436320877,-0.32092818392599465,-0.3127538563785459,0.3188068058656246,0.38817163197629967,-0.20257963951469254,-0.2379172583655443,-0.0006717594153856178,0.02559928366189136,True,True,True,True,True,False,True
133,1175,21,22,0.1514450384166269,0.100053634676404,0.5617246265530224,0.20573869467184525,-0.47823064455766806,-0.255330062972001,0.2696072617395415,0.48631413179708516,-0.4200789686369942,-0.15258490854274354,-0.11718889180374034,0.04752236081006447,True,True,True,True,True,False,True
134,1176,21,22,0.4263212821743244,-0.001681256421858677,0.5390927139968553,0.22934663978017442,-0.34441539165692225,-0.40247319157512257,0.7908125469060063,-0.007330634638772725,-0.6119931104049445,-0.09062461766749809,0.2406494539437043,-0.09398713051121543,False,True,True,False,True,False,False
135,1177,21,22,0.2540463367927589,0.062109820591713445,0.32813932767548964,0.3085786302847816,-0.22679872834203235,-0.3775157000329161,0.7742026491990489,0.20127712840773654,-0.3284679190285694,-0.17860309821887121,0.17962475455694835,-0.054383457035444296,True,True,True,True,True,False,True
136,1178,21,22,0.20008501375250703,-0.03571234051604868,0.3030777284214739,0.33967384908364556,-0.2561790448069746,-0.5228504442393579,0.6601772251448961,-0.10513715027633588,-0.27772717672178787,-0.14188628237382803,0.1224428507832262,-0.21331096340592537,False,True,True,False,True,False,False
137,1179,21,22,0.0785624439580408,0.18634834661782543,0.2996057396712881,0.45322981523539996,-0.3350285116864614,-0.4160636575091701,0.2622194222454998,0.4111564163558817,-0.17893890901283385,-0.3749208012368713,-0.021814021096752272,-0.0022241080012204723,True,True,True,True,True,True,True
138,1180,21,22,0.11034148831219855,0.11747185057524755,0.0933574210905457,0.5136736909163918,-0.24161180571973806,-0.34724717656946763,1.1819251969822548,0.22868963829095126,-0.13289774339922325,-0.295843589423982,0.08778523322517384,-0.060899888273486906,True,True,True,True,True,False,True
139,1181,21,22,0.08818327523078508,0.21478121400982872,0.24917418168176816,0.4107467288716748,-0.5278839880474219,-0.07418972139622639,0.3539021363915143,0.5229042592739199,-0.2197183359754097,-0.2452543993892296,-0.04335178551383955,0.18430802863042783,True,True,True,True,True,False,True
140,1182,21,22,0.15090778286443982,0.09271493154248696,0.5427908751801837,0.18514894109352542,-0.3616943902289491,-0.22115174041767133,0.2780219597728956,0.5007586378560669,-0.347232197484574,-0.133660942101809,-0.045416631755694326,0.05176892098316491,True,True,True,True,True,False,True
141,1183,21,22,0.12640508954171978,0.07825996531114586,0.5230770616049861,0.15718346454951027,-0.1460495801982614,-0.4618580959973942,0.24165672483106806,0.49788930111344654,-0.2028002748004681,-0.1508564209702566,0.05000990428297143,0.005663509652035147,True,True,True,True,True,True,True
142,1184,21,22,0.24111209055002666,0.02994586585177997,0.514609868566704,0.22756423669175557,-0.34156300966206293,-0.19168733994930076,0.46853374814123605,0.13159302308272097,-0.4168837860594687,-0.07356704905081567,0.06534039504058463,-0.013675317347255722,True,True,True,True,True,False,True
143,1185,21,22,0.061503864223915655,0.1538323545425269,0.1844816038326633,0.3842260643553341,-0.24726256668325827,-0.4868046237522896,0.33338751911384956,0.4003693887884243,-0.107119259093424,-0.3408753792368483,0.015888469354407315,-0.033210670151794526,True,True,True,True,True,False,True
144,1186,21,22,0.12325101369476978,0.10954123648312582,0.23806122582667383,0.3667848482407129,-0.3716230086763656,-0.32675907090397366,0.517728215784731,0.2986525670527052,-0.211720042685662,-0.22939151271591612,0.034781984703877535,-0.01030903974966451,True,True,True,True,True,False,True
145,1187,21,22,0.07617367594911122,0.16279544608015137,0.2883751904799735,0.39062645145756003,-0.11006171286406752,-0.39135128518095297,0.26414781320933767,0.4167547934163348,-0.10791274336083884,-0.31566760988374265,0.04443460853738359,0.009923282276560112,True,True,True,True,True,True,True
146,1188,21,22,0.1633586731932086,0.05641070634362369,0.29126351485395,0.36158364988521974,-0.12965398068911113,-0.38320888183526997,0.5608621226559135,0.1560101137358688,-0.2011221473235253,-0.19497277250605446,0.12559519906289193,-0.08215135981880711,True,True,True,True,True,False,True
147,1189,21,22,0.16835605732315126,0.02423469278201853,0.40479913831712705,0.31666016604687686,-0.08801814085041847,-0.6562566254183475,0.4159002364062792,0.07653217985880466,-0.20398572489567615,-0.23204502475635552,0.13272638975062634,-0.18357563919231845,True,True,True,True,True,False,True
148,1190,21,22,0.09735037763431316,0.15843343123860984,0.3143019785291484,0.3607166134230162,-0.39704023416183626,-0.2447736449111591,0.3097351728101988,0.43921855923174036,-0.2221409087870547,-0.24672735148617103,-0.027440153518428337,0.07013951099104862,True,True,True,True,True,False,True
149,1191,21,22,0.07009854338511105,0.19705310796658806,0.16802957270953905,0.673159321675779,-0.31122346506634285,-0.3211428351953437,0.417179799095755,0.29272878146593784,-0.1223932892373908,-0.4132334010677221,0.017803797532831313,-0.01912718513454599,True,True,True,True,True,False,True
150,1192,21,22,0.04403394784039758,0.14813739895230787,0.3491829719447713,0.274805794336678,-0.2683647647972135,-0.33974777804940604,0.12610565628429965,0.5390621377175822,-0.13774235397754814,-0.2415020569732963,-0.049674458296752974,0.05477274093131948,True,True,True,True,True,False,True
151,1193,21,22,-0.01854354670191624,0.3329092541346928,0.29584925449484345,0.42268705005882684,-0.5940897394440591,-0.2816850683122856,-0.06267903812561221,0.7876022085094886,-0.15721745981564442,-0.4519738847052319,-0.19430455321947693,0.21384462356415362,False,True,True,False,True,False,False
152,1194,21,22,0.00010576430330064516,0.251657705106103,0.0005779365846598608,0.40232941175457015,-0.3585661563080764,-0.4240281563473399,0.18300330193301703,0.6255016356090312,-0.00031299280305194867,-0.42225670381670316,-0.00010146419645065833,0.08105870639550282,True,True,True,True,True,False,True
153,1195,21,22,0.043904987213641646,0.23480499623729223,0.24768301645043928,0.4339486890662352,-0.5151611220314106,0.12047519061552459,0.17726280890327786,0.5410893088363566,-0.17150164787637426,-0.18252494520468054,-0.083691673449091,0.2870850472699039,True,True,False,True,True,False,True
154,1196,21,22,0.0951572339636534,0.02574364506497531,0.3882273556085553,0.041340242858403424,-0.2592419156627842,-0.396814182345972,0.24510697813782917,0.6227260239653449,-0.1958020373443122,-0.042148039732816577,-0.005487569417005432,0.009339250397134048,True,True,True,True,True,False,True
155,1197,21,22,0.14262966579633063,0.13411240016400353,0.2598792516966433,0.4613449132344319,-0.10402135424571873,-0.604587273829535,0.5488305236572794,0.2906987729067134,-0.1696626574981795,-0.4130356635515321,0.11559667409448181,-0.14481086322352502,True,True,True,True,True,False,True
156,1198,21,22,0.15223761601637226,0.07567895410338886,0.3667525194514452,0.27780930435632367,-0.34783811697151346,-0.31343954317763534,0.415096305934245,0.27241331703678845,-0.27980812177692127,-0.1627553755513316,0.024667110255823185,-0.011397467344553895,True,True,True,True,True,False,True
157,1199,21,22,0.062280155182240046,0.1303949443618607,0.4335583524850104,0.26980892545942314,-0.44754548420438317,-0.39852228426410785,0.1436488417885878,0.48328625207571546,-0.25631723797599865,-0.23791981365079443,-0.13175692761151858,0.02287007507292698,True,True,True,True,True,False,True
158,1200,21,22,0.17090566755521644,0.09046080710249231,0.3543127966867953,0.31787615059551144,-0.24287185242717868,-0.4701287152123895,0.48235815684154726,0.2845787799211183,-0.25695827282519274,-0.23990351337862012,0.08485306228524013,-0.058981899173635534,True,True,True,True,True,False,True
159,1201,21,22,0.02542533031337456,0.2354296592492455,0.1501854448504925,0.44335021425537874,-0.48920778164434264,-0.12096543477940656,0.16929290543890665,0.5310241242234592,-0.09889721862395276,-0.28905971067619046,-0.04804655799720365,0.18179960782230056,True,True,True,True,True,False,True
160,1202,21,22,0.11202865377734737,0.07075730400498628,0.35982069439520437,0.22223018830988772,-0.6193657557542107,-0.3294198368441036,0.31134577727845236,0.3183964543391338,-0.334889270097438,-0.14396433637986392,-0.11083196254274327,-0.0024497283698913515,True,True,True,True,True,True,True
161,1203,21,22,-0.014681040531765992,0.2805853118188905,0.09834523984899174,0.533491882099052,-0.25257164393604226,-0.4172761463725203,-0.14928064189287252,0.5259411084474478,-0.010158178370178223,-0.5031987485022059,-0.0395202594337102,0.05797187513557517,False,True,True,False,True,False,False
162,1204,21,22,0.1596904335640265,0.027826325318915764,0.22557761168552928,0.5441000017442578,-0.11688001102433862,-0.4013196723035097,0.7079179195612992,0.05114193205240039,-0.18605594730467515,-0.24618435971926034,0.13332491982337788,-0.1905317090814288,True,True,True,True,True,False,True
163,1205,21,22,0.07291015931860673,0.1798824685501639,0.3109903643932303,0.42194953184991424,-0.5817377920822422,-0.24140222769285719,0.2344450750455272,0.42631275774029626,-0.25382500725957646,-0.2817420255126914,-0.10800468862236301,0.07802291158763641,True,True,True,True,True,False,True
164,1206,21,22,0.15681585370622286,0.09403475611351224,0.33105625527833205,0.3944964588898851,0.03147150884863799,-0.8433696348671773,0.47368340336714554,0.23836654041997357,-0.14639701383883388,-0.42674109060386906,0.16723469357361187,-0.2386715783768446,True,True,False,True,True,False,True
165,1207,21,22,0.18731988339790298,0.1063448588607466,0.28815350735968914,0.35022467277928737,-0.6622036157124935,-0.05186444774152661,0.6500697670290022,0.30364753578559395,-0.3781361778517257,-0.1245090680999012,-0.003496411055919771,0.08818064962159199,True,True,True,True,True,False,True
166,1208,21,22,-0.06335900105655765,0.13427612016035098,-0.08233470163677034,0.3731758504307098,-0.8684694191541313,-0.25976362798937647,0.769529734085558,0.3598199615687162,0.1348641715632723,-0.23121363294625308,0.008146169450157005,0.03733860737444889,False,False,True,True,False,True,False
167,1209,21,22,0.02973521724712902,0.25918630120108804,0.3176950697083632,0.4602005168666297,-0.2729759654925886,-0.4569632453527675,0.0935967223993286,0.5632029771844054,-0.1164583356330047,-0.46948102290148414,-0.056987901138746674,0.04889157950069188,True,True,True,True,True,False,True
168,1210,21,22,0.1651764866695688,0.08596193009844204,0.35274497568465724,0.3134700866824679,-0.2840711110874867,-0.44236628133790834,0.4682603525364775,0.274226899951439,-0.26538114384283784,-0.22463052665483715,0.06497182949629972,-0.05270666645795307,True,True,True,True,True,False,True
169,1211,21,22,-0.008933568988508145,0.1555746322912255,0.04976222947363596,0.3502618022570161,-0.23618390619411195,-0.2289987727704949,-0.1795250952982553,0.4441667098402797,-0.002819468749502964,-0.23578415515646398,-0.02068660672651925,0.07536510942598705,False,True,True,False,True,False,False
170,1212,21,22,0.03239865313015997,0.298269228171135,0.22870563692783696,0.37735019388766955,-0.42289025387424395,-0.22344586610982564,0.14166092959214055,0.790430833222056,-0.1291160379930436,-0.3825865690710759,-0.06431873173272366,0.21395188727119407,True,True,True,True,True,False,True
171,1213,21,22,0.2893271598643164,-0.005641867920325623,0.517682043109143,0.2099107135270509,-0.3032859077178843,-0.3000193497645306,0.5588896963214107,-0.0268774653066889,-0.4463328282179217,-0.05733540786066885,0.13232149151071104,-0.06861914370132009,False,True,True,False,True,False,False
172,1214,21,22,0.07644185981255039,0.15509962651415718,0.24431272565719667,0.3757358288302025,-0.16818008610843402,-0.4526749096129403,0.3128852973455362,0.41278902519633737,-0.11753039505096394,-0.3251858088682123,0.03535332457413684,-0.014986555839897971,True,True,True,True,True,False,True
173,1215,21,22,0.043992308232966584,0.33393418029152844,0.14985022649419857,0.5503450141947417,-0.32072200971820203,-0.32437358275591377,0.29357518678605227,0.6067724276200394,-0.09205257403091371,-0.512451564297731,-0.0040679575649805455,0.15541679628532584,True,True,True,True,True,False,True
174,1216,21,22,0.14537743691108923,0.12933121704557285,0.3393327081080394,0.32032530000125137,-0.3967571736165413,-0.31701887952267677,0.4284215268302483,0.40374961654626595,-0.28001012309568174,-0.23088038473473482,0.010744750726496707,0.027782049356410845,True,True,True,True,True,True,True
175,1217,21,22,0.045944241893851906,0.16548444841430016,0.2737814583369542,0.34005937958156773,-0.8135950060424727,-0.051656375595991115,0.16781356258723124,0.48663397733044006,-0.2686914691438232,-0.1830506834509053,-0.17680298535611935,0.14791821337769498,True,True,True,True,True,False,True
176,1218,21,22,0.0436991536855621,0.33043421922670424,0.3050074609530519,0.5961555254854294,-0.6183192625764564,-0.08987852570472883,0.14327240897326265,0.5542751934700979,-0.23229114202237047,-0.3840157989480626,-0.1448928346512463,0.276852639505346,True,True,True,True,True,False,True
177,1219,21,22,0.17765357849520194,0.23461948653000173,0.2677997129353247,0.3703216630584155,-0.5336191164522759,-0.4408988890491533,0.6633822588828032,0.6335559324083945,-0.32055662469792306,-0.39789389636329203,0.03475053229248087,0.07134507669671146,True,True,True,True,True,True,True
178,1220,21,22,0.06390411791228345,0.21718057018239528,0.4560931714368913,0.31548495974123025,-0.13776814870418694,-0.6407702652130174,0.1401119813106558,0.6884022945516419,-0.12673922977776533,-0.4193339515065015,0.00106900604680158,0.01502718885828906,True,True,True,True,True,True,True
179,1221,21,22,0.11074953272054351,0.16800683165761413,0.30927608271227763,0.3598966841242709,-0.19645836201579328,-0.462248545677571,0.3580927815345321,0.46681961537495587,-0.1715094053408586,-0.3343685504882385,0.049989660100228456,0.0016451128269897438,True,True,True,True,True,True,True
180,1222,21,22,0.07394803680235235,0.1697268356595133,0.2962881627083714,0.3723865441305676,-0.1362774185722077,-0.5239134247007584,0.24958147543389186,0.45578133349523775,-0.11432542276975145,-0.3648251453074391,0.03357065083495324,-0.025371473988412475,True,True,True,True,True,False,True
181,1223,21,22,0.16064488215741224,-0.002711512083996549,0.42532541581701433,-0.008097240517272977,-0.1414696922754981,-0.4475135067884542,0.37769876001608543,0.334868660281533,-0.22081553784999355,0.0063351365831909355,0.10047422646483095,0.0009121124151978376,False,False,True,True,False,True,False
182,1224,21,22,-0.03094550089851392,0.17693781210734888,-0.2531999548970812,0.43732310287790305,-0.3994031338145439,-0.3890995801665298,0.12221763985342105,0.40459287639498076,0.13207435636610934,-0.34710004783426507,0.07018335456908148,0.006775576380432691,False,False,True,True,False,True,False
183,1225,21,22,0.2190997183852463,0.0743051169508601,0.36138097495819554,0.29678909750171073,-0.13883128013181514,-0.528821717898953,0.6062845959464017,0.2503633643430308,-0.269270701753976,-0.23125363734539467,0.1689287350165166,-0.08264340344367445,True,True,True,True,True,False,True
184,1226,21,22,-0.030387349433426924,0.24527924455758782,0.29756835219127264,0.40465760765115527,-0.7241695272886767,-0.1784856578947147,-0.10211888868442022,0.6061402032728781,-0.18510258350899744,-0.3175048238813056,-0.2458772823758513,0.17305366523387003,False,True,True,False,True,False,False
185,1227,21,22,0.07433734832689771,0.21588711893727722,0.28738824302709925,0.44008633524872337,-0.11292688876846341,-0.3956853665411378,0.2586652381596838,0.49055628781399085,-0.10679120848058307,-0.3900228418099143,0.041883488173212344,0.04175139606464006,True,True,True,True,True,True,True
186,1228,21,22,0.17246847359348952,0.09723900493755096,0.4141287306194129,0.3019125191160337,-0.4244581495507803,-0.27327883578612594,0.41646102006863467,0.3220767566123325,-0.3482487882680191,-0.1797453066708371,-0.0033118410810400603,0.01473270320426478,True,True,True,True,True,False,True
187,1229,21,22,0.14908139458040065,0.1015503453393775,0.3732194200351433,0.2857453855510155,-0.33749238972450085,-0.23277999629740337,0.39944704529673924,0.3553875249588142,-0.27504010853965344,-0.168066155129943,0.023122680621147872,0.03503453554881202,True,True,True,True,True,True,True
188,1230,21,22,0.08335867489221513,0.19345572048950338,0.3679989433633917,0.29368176717992667,-0.3647872317085718,-0.25502682303419666,0.226518788696358,0.6587256755744767,-0.2175999907134263,-0.26835244855646867,-0.05088264092899602,0.11855899242253808,True,True,True,True,True,False,True
189,1231,21,22,0.3465577153660671,0.03224986736170323,0.41465705378320344,0.2755803988935672,-0.39570815757092365,-0.2546118194762047,0.8357694924135043,0.11702525829552396,-0.510640894142406,-0.10241589413597266,0.18247453658972826,-0.037916159412566194,True,True,True,True,True,False,True
190,1232,21,22,0.20279937477307292,0.10467764050224128,0.4229132239890035,0.2912451875942211,-0.7802608585403341,0.03667183534997631,0.47952951875145444,0.3594141464341858,-0.5327820100107934,-0.09399714493631305,-0.1271832604646476,0.11535813606816953,True,True,False,True,True,False,True
191,1233,21,22,-0.017525769312018286,0.1036756743796527,-0.021213696576957385,0.3345102972106702,-0.6578961189531085,-0.12969922809794165,0.8261534828896828,0.3099326844170633,0.03148217795864739,-0.14706140171868967,-0.0035693606653891797,0.06028994704061572,False,False,True,True,False,False,False
192,1234,21,22,0.24938316326726986,0.060736936827336316,0.39327092781668566,0.22240087179633983,-0.2007712668114076,-0.3270699524204388,0.6341256005160752,0.2730966670083705,-0.3283406656451235,-0.1334775793840293,0.17042566088941624,-0.012003705729356662,True,True,True,True,True,False,True
193,1235,21,22,0.15178996725175833,0.059103470435091066,0.33398864703745257,0.3235976392779442,-0.3087150207262604,-0.3355508450988866,0.4544764278611453,0.18264493698708958,-0.25489727934426115,-0.1676869317668099,0.04868265515925549,-0.04947999089662778,True,True,True,True,True,False,True
194,1236,21,22,0.03218342235529798,0.1812180117246638,0.13820624450017596,0.46901657039968525,-0.37458483973940737,-0.16371835870214604,0.23286518255155256,0.38637869781494916,-0.08395338630238174,-0.2580046348346098,-0.019586541591785783,0.10443138861471782,True,True,True,True,True,False,True
195,1237,21,22,0.09046591415308038,0.13839541611245051,0.17510664006710247,0.4256421969328274,-0.09768019629259202,-0.5171986040460347,0.5166332591294825,0.3251449623879546,-0.10757036512697121,-0.3585369661891963,0.07336146317918955,-0.08174613396429518,True,True,True,True,True,False,True
196,1238,21,22,0.017057231881131816,0.10810361849483566,0.04245333166904905,0.35942809154404115,-0.28031788329566804,-0.20054510787315522,0.4017878270215369,0.30076563584788585,-0.028957659953448598,-0.18018516388617772,0.0051568038088150355,0.03602207310349362,True,True,True,True,True,True,True
197,1239,21,22,0.04887587340050718,0.17622476862588107,0.11295815822393342,0.49313508742211465,-0.4399697332235935,-0.24153209090442118,0.43269007010200555,0.3573559722693913,-0.09857404413971962,-0.29533271738927896,-0.0008222973387052652,0.05711681986248318,True,True,True,True,True,False,True
198,1240,21,22,0.098760463502412,0.08819312422892964,0.3705556294908121,0.247462882263358,-0.2622728499463752,-0.3825441160832922,0.2665199382832767,0.35638930340701225,-0.19594714451264036,-0.18285859378778974,0.0015737824921836278,-0.006472345329930448,True,True,True,True,True,False,True
199,1241,21,22,-0.013746908835797458,0.16050147122638925,0.2712464062552956,0.3858122621478739,-0.4561138548584268,-0.3975846830375575,-0.05068051970008017,0.41600925365319863,-0.10997233513780033,-0.3138945171844547,-0.13746615280939523,0.007108425268323748,False,True,True,False,True,False,False
200,1242,21,22,0.11242853000440402,0.0870072618682675,0.35648748098770605,0.2899268156011774,-0.5080106656373189,-0.14926453168293247,0.31537862057007626,0.3001007743552582,-0.29352797251233964,-0.13028305222130115,-0.06867091250353159,0.043731471515233836,True,True,True,True,True,False,True
201,1243,21,22,0.08309442753225654,0.23368795543739135,0.3277240176623327,0.363025627280662,-0.36703732648037646,-0.1668864173590578,0.2535500087084618,0.6437230263546181,-0.2033813747984468,-0.2942720017837857,-0.037192519733933734,0.17310390909099704,True,True,True,True,True,False,True
202,1244,21,22,0.2192276294967314,0.11891556908788281,0.5444966608535274,0.2480899067358986,-0.2905640783807094,-0.3470632210292758,0.40262437817906993,0.4793244943030798,-0.3774387999390103,-0.2050184512244964,0.061016459054452514,0.03281268695126923,True,True,True,True,True,True,True
203,1245,21,22,0.327919418610927,0.04474830154272936,0.661882079997103,0.1775389804288344,-0.354076778850559,-0.17809052610376058,0.4954348040550702,0.25204775556693304,-0.5622764934752092,-0.07636631197122573,0.09356234374664478,0.01313029111423299,True,True,True,True,True,True,True
204,1246,21,22,0.09626025458584145,0.09943253775561185,0.4475116212644393,0.2165249667931727,-0.4972724912373211,0.022367780034552136,0.21510112813128549,0.4592197344641139,-0.3187954733496617,-0.09458935492639346,-0.1262749641779788,0.10427572058483024,True,True,False,True,True,False,True
205,1247,21,22,0.02695205887935571,0.28668144945680846,0.33933914645450125,0.2848221620689262,-0.4673609458780665,-0.2603888458482157,0.07942513901198091,1.0065278887512705,-0.18554592333978714,-0.36084596350992965,-0.13164180558107572,0.21251693540368732,True,True,True,True,True,False,True
206,1248,21,22,0.1810259861134991,0.09259884097766012,0.41781248098981305,0.2436587801116898,-0.22601840226300163,-0.3395806627088974,0.43327089148854986,0.38003490346300717,-0.2754592955123574,-0.17534065100282925,0.0865926767146408,0.009857030952490986,True,True,True,True,True,True,True
207,1249,21,22,0.1257102740351775,0.12441007699704307,0.2995108703141833,0.378202340643718,-0.2756025979532625,-0.38626839080205777,0.4197185694906798,0.32895110269622163,-0.20825624800900913,-0.27049768651506373,0.04316430006134593,-0.021677532520977566,True,True,True,True,True,False,True
208,1250,21,22,0.28547443845777454,-0.0009289525222290203,0.5349042292019011,0.21775482702070653,-0.0938903763967736,-0.7061576243752529,0.5336926179920358,-0.004266047898633656,-0.3356967978737671,-0.15284027882295723,0.235252079041782,-0.15469818386741527,False,True,True,False,True,False,False
209,1251,21,22,0.15182336435591556,0.09909131692069492,0.31942397494100916,0.3701013284324261,-0.26577991723712746,-0.3781851932279048,0.47530359730810473,0.2677410463247965,-0.23671984197929122,-0.2390581593278162,0.06692688673253987,-0.040875525486426395,True,True,True,True,True,False,True
210,1252,21,22,0.08319346793282575,0.08791470071977263,0.1975216245431229,0.3826529143352418,-0.4482324812722011,-0.27965146899471166,0.4211866327307518,0.2297505060754631,-0.17172907580670582,-0.1949241503287306,-0.005342139941054319,-0.019094748889185297,True,True,True,True,True,True,True
211,1253,21,22,0.036684985616241506,0.23928615546075704,0.12312588128714301,0.5398554791713912,-0.37719066930640077,-0.2193513012104208,0.2979469891524115,0.44324113525351366,-0.08312691918787941,-0.3577041572825769,-0.009756947955396411,0.12086815363893716,True,True,True,True,True,False,True
212,1254,21,22,0.0760192661979335,0.1981120550500446,0.3860420653378837,0.3121050699396103,-0.43151330080583994,-0.3526116585242497,0.19691964431751127,0.6347607717118392,-0.24260155206178743,-0.30816394139527753,-0.09056301966592042,0.08806016870481165,True,True,True,True,True,False,True
213,1255,21,22,0.15901490628302714,0.0724516971112627,0.7496108208986156,0.15701391016108973,-0.37634899445638054,-0.21741527782522924,0.21212995043535238,0.46143489476142774,-0.4411301849618431,-0.10658892001136161,-0.12310037239578882,0.0383144742111638,True,True,True,True,True,False,True
214,1256,21,22,0.15565969888881923,0.05719308808223951,0.3935801624457956,0.2654214879209502,-0.1628040958660197,-0.5880893744931238,0.3954968104121785,0.21548024815260314,-0.21973616138660812,-0.21328464489070534,0.09158323639103032,-0.09889846872622632,True,True,True,True,True,False,True
215,1257,21,22,0.2606461698261464,0.019997163826430613,0.3747404572509181,0.1816403531209153,-0.17400846236024975,-0.4289429579704867,0.6955378443476238,0.11009207746429998,-0.3258541805765556,-0.09791051418091976,0.19543815907573728,-0.05791618652805852,True,True,True,True,True,False,True
216,1258,21,22,0.050028080569626196,0.21317404160613493,0.23308006526190025,0.4377123390702475,-0.4555809549374207,-0.014261318768009845,0.21463903621878677,0.4870185795057587,-0.15621491927851905,-0.21941639680230693,-0.05615875813926666,0.20693168640996293,True,True,True,True,True,False,True
217,1259,21,22,0.22497249329003993,0.07617139286190251,0.5223886177979362,0.20327693104236141,-0.4290916021305052,-0.11808688156986812,0.43066116991289605,0.3747173497322672,-0.44912506223569654,-0.10017573174378809,0.0008199243443833376,0.05216705398001693,True,True,True,True,True,True,True
218,1260,21,22,0.38023699461157584,0.0265434672531651,0.5868356704949105,0.25563588657085234,-0.05369302208184948,-0.7499171090047054,0.6479445843687404,0.10383310265715875,-0.41174597522587597,-0.21824919226823347,0.3487280139972757,-0.1651622577619033,True,True,True,True,True,False,True
219,1261,21,22,0.2110396854425246,0.04120088236248672,0.34136407673155544,0.3191185705658035,-0.3361875979252598,-0.21663607079114117,0.6182246458477927,0.1291083821585085,-0.32580205441688026,-0.1103334756063479,0.0962773164681689,-0.02793171088137446,True,True,True,True,True,False,True
220,1262,21,22,0.05235264937995591,0.16212762443631584,0.25204728245815317,0.4151920110735056,-0.30554521677306257,-0.13226467325058158,0.20770963634034775,0.3904883044765829,-0.12936449093569366,-0.2170428601172049,-0.024659192175781833,0.10721238875542678,True,True,True,True,True,False,True
221,1263,21,22,0.044791799792282566,0.27145086223198867,0.2409253034409266,0.6336373932189413,-0.6026066856946691,-0.23633613898717087,0.18591571392693187,0.4284009516120745,-0.1899749983988018,-0.42120227726324905,-0.10039139881423668,0.12169944720072833,True,True,True,True,True,False,True
222,1264,21,22,0.12331322767358478,0.08927308128211449,0.391929550666067,0.26716878647878833,-0.33760860989889063,-0.2634910759453753,0.3146311051667816,0.3341448769473011,-0.2556320184522525,-0.1596696722904307,-0.009005563105082917,0.018876490273798317,True,True,True,True,True,False,True
223,1265,21,22,0.1274333902022256,0.10726923131538657,0.35497228198429326,0.30652203230180225,-0.2593470890562255,-0.3951368563446985,0.35899532631075753,0.3499560227689247,-0.21949441823049767,-0.22838738355950883,0.0353723621739535,-0.013848920928735686,True,True,True,True,True,False,True
224,1266,21,22,0.129090138786728,0.10648643908180952,0.34359164537796544,0.3323170714227762,-0.4528066496551754,-0.2944578579073227,0.3757080258593697,0.3204362587389821,-0.2846707205798337,-0.204339812078995,-0.02649044300637765,0.008633066084624073,True,True,True,True,True,False,True
225,1267,21,22,0.20523515597599673,0.10589692253529875,0.43602105182863926,0.24177785821827025,-0.00505075593989569,-0.47517753818274366,0.4707001075183321,0.43799264049935455,-0.2074373918934398,-0.22078432999055286,0.2030329200585537,-0.00899048491995534,True,True,True,True,True,False,True
226,1268,21,22,0.015826261137640477,0.2433845197307598,0.09416382296879398,0.42802147456048834,-0.35702241244943783,-0.19427014799051462,0.16807156547674706,0.5686268895285639,-0.049444856379421094,-0.3265363149367442,-0.017792334104140137,0.16023272452477547,True,True,True,True,True,False,True
227,1269,21,22,0.07950474894312468,0.17940994316118095,0.24414502308235272,0.3358394141265301,-0.729991997301537,0.1075907505896579,0.3256455853138848,0.5342134830356358,-0.2577286619742412,-0.1432767285177166,-0.09871916408799183,0.2155431578046453,True,True,False,True,True,False,True
228,1270,21,22,0.10071567350255856,0.20001279259515978,0.29325037593370923,0.3476209075449135,0.4253312867735638,-0.5476391081500114,0.3434460166739082,0.5753761878356457,0.024012886240157315,-0.3903835963773537,0.22544423324527443,0.009641988812965787,True,True,False,True,False,True,True
229,1271,21,22,0.17642922910807876,0.12557548914634936,0.4520325150691913,0.2972139207258511,-0.14844110359979373,-0.5111711169678304,0.39030207612625667,0.4225087736121878,-0.24352943450793993,-0.27750266098217086,0.10932902370821762,-0.026351682689472137,True,True,True,True,True,False,True
230,1272,21,22,0.0708365637371562,0.15265381717679413,0.2354060777091823,0.4543303692295885,-0.5032035593329541,-0.22757124067027562,0.300912212745275,0.3359973876182884,-0.18929373992902673,-0.25604634297655604,-0.047620612454714314,0.04926129137703227,True,True,True,True,True,False,True
231,1273,21,22,0.08318938970680365,0.1763015353929776,0.21471143062089768,0.5681011595525958,-0.2821983837989437,-0.4182798743668197,0.3874474193862825,0.310334757161599,-0.14378060841117998,-0.41392681703828194,0.02259817100242729,-0.06132374625232674,True,True,True,True,True,False,True
232,1274,21,22,0.17198849692524837,0.0704607510439195,0.5012509779956307,0.12588984092826164,-0.6724846432907529,0.15562522222519096,0.3431185263976633,0.5597016449013672,-0.5090720820617811,-0.05086911657356485,-0.16509508821128435,0.09005238551427415,True,True,False,True,True,False,True
233,1275,21,22,0.10437537137609747,0.12033944985506763,0.49596192005687123,0.20859209441841706,-0.6703023574533271,-0.021185568834502302,0.21045037361765373,0.5769128029065065,-0.4368198155972968,-0.124758592029702,-0.2280690728451019,0.11592030768043325,True,True,True,True,True,False,True
234,1276,21,22,0.10793768925079482,0.1525222937380947,0.3566774262071572,0.29698560790232026,-0.21287209047731154,-0.4362678136737002,0.3026199061672743,0.5135679631595478,-0.1838643585935794,-0.2820875555901947,0.03201101990801024,0.02295703188599467,True,True,True,True,True,True,True
235,1277,21,22,-0.013211797348547718,0.15175156569417544,0.37955209993250766,0.30098318143372826,-0.6098849761038115,-0.11067244411798634,-0.03480891648576586,0.5041861972862053,-0.2182713260489412,-0.1850621100218535,-0.24469492074603666,0.11844102136649741,False,True,True,False,True,False,False
236,1278,21,22,0.22273725747222725,0.0259768340940621,0.3442690933244301,0.30359805517439575,-0.3251007296803778,-0.3507824429185961,0.6469859240670365,0.08556324275246174,-0.3346593909184015,-0.13247370155347138,0.11081512402605292,-0.08052003336534717,True,True,True,True,True,False,True
237,1279,21,22,0.04671689594554443,0.2805953432499135,0.17924129002182002,0.6486402154212996,-0.07362863369120176,-0.7023754131810291,0.2606369098317543,0.43259011171187317,-0.05991418723089947,-0.7361842825622804,0.033519604660189384,-0.17499359606245357,True,True,True,True,True,False,True
238,1280,21,22,0.06931345037082465,0.17501071047071085,0.4885136447178498,0.22197674561364533,-0.35976101593143467,-0.25277353836671634,0.14188641631669865,0.7884191201510822,-0.24506161549088626,-0.23112055789460048,-0.10643471474923692,0.11890086304682124,True,True,True,True,True,False,True
239,1281,21,22,0.16405493636379376,0.06874958071143282,0.46797137004239425,0.1918499988840798,0.1926933376947226,-0.750316427510596,0.3505661817493916,0.3583506964364014,-0.0738799711247527,-0.2126977864920474,0.2542299016028349,-0.07519862506918176,True,True,False,True,True,False,True
240,1282,21,22,0.013291483338820024,0.17897770975929256,0.3829049025125795,0.23037576834401563,-0.400243097282562,-0.21315882630580055,0.034712230769579556,0.7768946840451928,-0.16654652748513232,-0.22808433814879991,-0.13996356080749225,0.12987108136978517,True,True,True,True,True,False,True
241,1283,21,22,-0.002557324227857857,0.15804779760033172,0.5078075928772853,0.224630444071835,-0.4325240687455694,-0.2805192670093857,-0.00503601022065822,0.7035902824898895,-0.21708168198331923,-0.22106096511935566,-0.22219633043903492,0.09503463008130776,False,True,True,False,True,False,False
242,1284,21,22,0.16468476020404726,0.04618350919795442,0.3548412236002835,0.32675499452855666,-0.41799724563464163,-0.3612487346434211,0.4641083088743912,0.1413398722935763,-0.31300741430659174,-0.1642233375098135,0.016362106101502787,-0.07185631911390467,True,True,True,True,True,False,True
243,1285,21,22,-0.0002495178699144562,0.2775928901510684,0.11230692561502649,0.47491142279938253,-0.48031500542905176,-0.1859855677005564,-0.002221749625395062,0.5845150839177274,-0.0536931837165871,-0.36591956072789056,-0.054192219456416016,0.1892662195742463,False,True,True,False,True,False,False
244,1286,21,22,0.11091789157542901,0.06695298153917081,0.39260209577917904,0.23040125041218137,0.13276982314359012,-0.48780628747754534,0.2825198662154247,0.2905929608428505,-0.05879218075302458,-0.1793441601329213,0.16304360239783344,-0.04543819705457964,True,True,False,True,True,False,True
245,1287,21,22,0.2930067441800748,0.006926947363953829,0.5113118162585238,0.21947074863830482,-0.2555214067935612,-0.48872891761751097,0.573049037521026,0.03156205283360869,-0.4236578587806237,-0.11418864879465736,0.16235562957952587,-0.1003347540667497,True,True,True,True,True,False,True
246,1288,21,22,0.004273667426023718,0.24959260327535607,0.19371693118717012,0.5024087422668979,-0.5405937810176387,0.0024785985737037497,0.02206140371847251,0.49679191916362664,-0.10899583570362975,-0.24834733368335704,-0.1004485008515823,0.2508378728673551,True,True,False,True,True,False,True
247,1289,21,22,0.002306186496572463,0.16837503204976906,0.006960319714239773,0.39187167475561085,-0.24462868945467606,-0.25433899629469836,0.33133341444852743,0.4296687994986508,-0.004008880386452483,-0.2680432804834336,0.0006034926066924417,0.0687067836161045,True,True,True,True,True,True,True
248,1290,21,22,0.15792092593203774,0.11514069059625709,0.3413484551878248,0.27666693710800067,-0.034196182266140546,-0.6436441278244668,0.46263846673963344,0.41617076402342346,-0.16959373992190613,-0.2932157400290028,0.14624811194216936,-0.06293435883648861,True,True,True,True,True,False,True
249,1291,21,22,0.1274828999431389,0.051795952810205846,0.17180970756605268,0.38738825988781656,-0.3639744677189287,-0.3554395337915087,0.7420005641656062,0.1337055305320956,-0.19001724680343773,-0.1894890553010352,0.06494855308284009,-0.0858971496806235,True,True,True,True,True,False,True
250,1292,21,22,0.08351066656653176,0.17156261874177567,0.42568027983498524,0.30807355783682977,-0.5522498178451257,-0.07986783822060435,0.1961816662000519,0.5568884910033184,-0.3185925235656645,-0.1961677878191336,-0.15157119043260098,0.14695744966441776,True,True,True,True,True,False,True
251,1293,21,22,0.1850060677214858,0.1276171900256318,0.3055700291248537,0.36182817074610174,-0.5592851791527299,0.1247573006003729,0.6054457246718188,0.3527010894770324,-0.35590685620428447,-0.08247648416217732,0.014105279238687124,0.17275789588908627,True,True,False,True,True,True,True
252,1294,21,22,0.1263452744480711,0.12082794145189875,0.4431874259311353,0.29600291334969486,0.12380594028853627,-0.470345595826409,0.28508316584709076,0.4081984872532448,-0.07147603845661088,-0.2600516080977139,0.18121451043953132,-0.0183957251939164,True,True,False,True,True,False,True
253,1295,21,22,0.07217036262281801,0.17154356234792512,0.17886912288331647,0.44688231253721816,-0.4384648452777198,-0.3004523408778286,0.4034813916424113,0.3838674244544827,-0.15059818491281282,-0.3058103992466297,-0.006257459667176795,0.03727672544922049,True,True,True,True,True,False,True
254,1296,21,22,-0.005816309943644842,0.19441147399707032,0.3250747492815523,0.3296838896809988,-0.3443576155625023,-0.24724323891130617,-0.01789222311637391,0.5896905492870225,-0.10612565559852875,-0.2759235866986782,-0.11775827548581842,0.11289936129546241,False,True,True,False,True,False,False
255,1297,21,22,0.2079417056046259,-0.00027271353493855504,0.3923745570362215,0.278913068363854,-0.6726899461692595,0.08143169163762451,0.5299571592391249,-0.0009777725243866617,-0.47188812525550883,0.022985076511647596,-0.05600471404625694,0.022439649441770487,False,True,False,False,False,False,False
256,1298,21,22,0.1593637440857421,0.07713193501494899,0.4248433129439598,0.22173808147668805,-0.11650131901521864,-0.7834054630554161,0.37511181000220534,0.34785154855350403,-0.20885855041850876,-0.2508427594112134,0.10986893775297549,-0.09657888938131541,True,True,True,True,True,False,True
257,1299,21,22,0.12426748933565519,0.11219282985388071,0.2588179977365411,0.376256070506221,-0.4397344538405724,-0.276463879468255,0.4801346522360123,0.2981821122591714,-0.23807868021444362,-0.21621404277951187,0.010456298456866776,0.008171616928249558,True,True,True,True,True,True,True
258,1300,21,22,0.028668145166848957,0.21657110129475377,0.08334860356419542,0.5149799152829753,-0.3279590447883457,-0.2549257773347351,0.3439547147873766,0.42054281121963866,-0.056003073576204994,-0.34785275651004227,0.001333216757492921,0.08528944607946529,True,True,True,True,True,True,True
259,1301,21,22,0.1946038426903422,0.07742637414042405,0.4497108896404522,0.21068144231692917,-0.15331850138935776,-0.404542445494238,0.4327309993447783,0.3675044811206065,-0.2635528423484912,-0.16265596003556781,0.1256548430321932,-0.007803211754719722,True,True,True,True,True,False,True
260,1302,21,22,0.11009057091649325,0.08929321885278971,0.6286336611667955,0.22545613017705138,-0.3984202616790227,-0.11967754894856009,0.17512675142491757,0.3960558481273828,-0.36055095869881004,-0.11627525590780671,-0.14036981686582353,0.06231118179777271,True,True,True,True,True,False,True
261,1303,21,22,0.03175278165185301,0.20172210870797938,0.3274799024583582,0.3285104927454465,-0.2849014324764768,-0.5344728414608247,0.09696100864049403,0.6140507325112691,-0.12505227496949617,-0.37730204521533384,-0.061546711665790135,0.026142172200624925,True,True,True,True,True,False,True
262,1304,21,22,0.12574540039696352,0.038950661960008806,0.32237338968735496,0.4264812287700635,-0.32044709294576135,-0.5027588605904579,0.3900613525170743,0.09133030795362151,-0.22904901596534752,-0.25336787859966436,0.02244178482857955,-0.17546655467964675,True,True,True,True,True,False,True
263,1305,21,22,0.20129933269296746,0.08675874374494384,0.3910174560913158,0.29538033363252747,-0.14676029364815227,-0.48848480545809475,0.5148090694088022,0.29371875465777425,-0.2586851693704824,-0.23104754855557613,0.14391349601545247,-0.05753006106568846,True,True,True,True,True,False,True
264,1306,21,22,0.04269909794587568,0.18420418910277833,0.13522680921636596,0.559853409520793,-0.47399790631055555,-0.0710295475883446,0.3157591175397488,0.32902217968172787,-0.10679632239149008,-0.22397032349683246,-0.02139812649973872,0.1444380547087242,True,True,True,True,True,False,True
265,1307,21,22,0.05070832500595367,0.2599700052665087,0.1970469872505642,0.5057602534368612,-0.44326525155756247,-0.11600240184314989,0.257341285515181,0.5140182596396204,-0.1380524073782348,-0.3186394094219848,-0.03663575736632747,0.20130060111103262,True,True,True,True,True,False,True
266,1308,21,22,0.1693581353458935,0.10508345911349938,0.2658943109626278,0.34761042547072984,-0.10429091522611546,-0.47104501795123255,0.6369377920601591,0.3023023805203674,-0.1970884963896033,-0.26882361821939493,0.1416277743021837,-0.05865669999239614,True,True,True,True,True,False,True
267,1309,21,22,-0.031038313329898017,0.16773005568570815,0.3843289202302433,0.3965370707911726,-0.6202801347670774,-0.1587119266889304,-0.08075976512853528,0.4229870749563272,-0.20735328110540266,-0.23066521819455993,-0.26942990776519865,0.10479489317685638,False,True,True,False,True,False,False
268,1310,21,22,0.09646923417344562,0.08105084681756922,0.13563864532872863,0.5425316516123893,-0.20756259796236776,-0.370988053798274,0.7112223359327018,0.14939376638522067,-0.12462274378197272,-0.28232360837321274,0.06831572456491854,-0.1202219147380743,True,True,True,True,True,False,True
269,1311,21,22,0.0809643066768954,0.16846173949063661,0.40343425610578454,0.3717049112576,-0.14867613967384494,-0.47786603192317745,0.20068773400260226,0.45321364982957885,-0.14094535448689274,-0.34608689047966273,0.02098325886689805,-0.009163411498389517,True,True,True,True,True,False,True
270,1312,21,22,0.19103148821878177,0.03279894285273208,0.5235302609178044,0.12132625433287766,-0.5071593863467166,-0.04300114047445029,0.3648910148648966,0.2703367299442297,-0.45654477407979194,-0.038016110158539035,-0.07448179764222837,0.02758177554692512,True,True,True,True,True,False,True
271,1313,21,22,0.17869832408751324,0.11409665679901079,0.37439367948430846,0.3194928429199609,-0.43310040957124063,-0.016294167244137535,0.47730058993958746,0.35711803668664405,-0.340848380013051,-0.11930252661485359,0.016548268161975466,0.108890786983168,True,True,True,True,True,True,True
272,1314,21,22,0.0027682384792128752,0.24825241671003442,0.2831693843938606,0.3792071486732251,-0.3590635329688951,-0.3789576160825556,0.009775910221150637,0.6546617530250239,-0.10444403806829956,-0.391955853772703,-0.09890756110987381,0.10454897964736579,True,True,True,True,True,False,True
273,1315,21,22,0.18804754703480472,-0.004596679098710155,0.4722543877907241,-0.03044682895068319,-0.4917386576613754,-0.3131124580661019,0.3981912119747981,0.15097398504638068,-0.42027328576171,0.014129960551776722,-0.04417819169210058,0.004936602354356413,False,False,True,True,False,False,False
274,1316,21,22,0.22632714897409997,0.003287679892130501,0.3727734962184412,0.3021712246967369,-0.16272071011281133,-0.3830684673850162,0.607143885684069,0.01088018852698519,-0.2869851169900001,-0.11903994782456287,0.16566918095819985,-0.11246458804030186,True,True,True,True,True,False,True
275,1317,21,22,0.20070034190567024,0.07859663334728062,0.2814712233775805,0.3125337595074144,-0.4259982220966894,-0.364898145191649,0.7130403580775293,0.25148205899790493,-0.32060658263589964,-0.192639622501309,0.08079410117544082,-0.035446355806747785,True,True,True,True,True,False,True
276,1318,21,22,0.17319423731643965,-0.0267227470143396,0.3402487193014651,0.2696472452345126,-0.3381165771066938,-0.29104875085883225,0.5090224517876499,-0.0991026145700053,-0.28823796965158727,-0.0517577468836905,0.05815050498129202,-0.10520324091236971,False,True,True,False,True,False,False
277,1319,21,22,0.11264762656119683,0.20620986106399652,0.3255681640934604,0.32421631622363045,-0.6600236961253645,0.0845708396647221,0.346003199897823,0.6360255506751297,-0.32753032956691175,-0.17879061496796103,-0.10223507644451808,0.23362910716003202,True,True,False,True,True,False,True
278,1320,21,22,0.19554800661645746,0.08493616422993322,0.4220579497421456,0.2794653817861005,-0.43678213387965426,-0.2722247228065947,0.4633202780232587,0.3039237407048232,-0.3798953785257037,-0.1610135503206936,0.011200634707211221,0.008858778139172857,True,True,True,True,True,True,True
279,1321,21,22,0.06925065022213776,0.12783496491718968,0.48067151792002155,0.23939104370170403,-0.5088334651034779,-0.30700823344036776,0.14407063377044177,0.5340006164828786,-0.31383240426193076,-0.2013299863454957,-0.1753311038176553,0.054339943488883644,True,True,True,True,True,False,True
280,1322,21,22,0.11594625788467583,0.11116596689323918,0.4146038082210597,0.23654358960886962,-0.35231797818660143,-0.35285039320354816,0.27965555449711466,0.46995975277560775,-0.26201863334558506,-0.19463046549650756,-0.03012611757623336,0.02770146828997081,True,True,True,True,True,False,True
281,1323,21,22,0.14913701514773747,0.07438389674681999,0.4725537445242153,0.21472183117852378,-0.05127260317359758,-0.4554208743071033,0.31559799679059614,0.34641981366569014,-0.17336607576892515,-0.17217270083496553,0.12490795452654979,-0.023404907341325554,True,True,True,True,True,False,True
282,1324,21,22,0.04842658930402072,0.08600456490017191,0.18035635183159124,0.32797221971693347,-0.7468585712497543,-0.18948860881371957,0.26850503911966084,0.2622312492637358,-0.18312727654878097,-0.1481515645438812,-0.08627409794073952,0.02385756525646262,True,True,True,True,True,False,True
283,1325,21,22,0.0998169858386979,0.1363082062215859,0.19898189129155677,0.4474302282418254,-0.6655226937712119,-0.06459067800049856,0.5016385420341682,0.3046468423852547,-0.23224395014274524,-0.16520802802164322,-0.03260997846534941,0.10740838442152859,True,True,True,True,True,False,True
284,1326,21,22,0.0626660273781021,0.19509086479889337,0.32119363092768155,0.39349904984210177,-0.6645515694517953,-0.06148602120008116,0.1951035803453142,0.4957848433869838,-0.2761157589090136,-0.21928555571969663,-0.15078370415280937,0.17089617387809009,True,True,True,True,True,False,True
285,1327,21,22,0.14266087163823374,0.05021470223607235,0.2862220863226265,0.3600981136103303,0.09161409419193411,-0.7172072203176985,0.4984271950188634,0.13944727933346168,-0.11643889446206072,-0.3084796693401841,0.16888284881440674,-0.2080502648680394,True,True,False,True,True,False,True
286,1328,21,22,0.24684723075940052,0.04236045199448116,0.5796514149407052,0.1075580248219491,-0.4498714059265576,-0.030407758807361435,0.42585461606205427,0.3938381358769315,-0.5076158277460939,-0.04563105047106318,-0.013921366227292948,0.039089853517899134,True,True,True,True,True,False,True
287,1329,21,22,0.13067500646872754,0.12169259693755362,0.41690540538150106,0.3714207892151524,-0.5215601679179882,-0.1947929340171669,0.3134404226521114,0.32764077959852944,-0.3481162597054202,-0.19404274222374487,-0.0867662467679651,0.04934245165136237,True,True,True,True,True,False,True
288,1330,21,22,0.3141013947445454,0.05128995318511198,0.7227551059390321,0.12599480400137886,-0.15403691016330134,-0.5054354195651358,0.43458896680702436,0.40707990771231073,-0.4254323580681434,-0.11497218980857596,0.20277043142094736,-0.012392283438351992,True,True,True,True,True,False,True
289,1331,21,22,0.13555584093454798,0.15478682764094015,0.3852816054106401,0.2993832658797047,-0.2750486028584034,-0.32705595718103875,0.351835745675089,0.5170189696011103,-0.2415270082097872,-0.2527019082272124,0.029584673659308745,0.056871747054667916,True,True,True,True,True,True,True
290,1332,21,22,0.1309975148637235,0.11923951523225848,0.265192042600581,0.42757188163045706,-0.2632729917991399,-0.3853420365115627,0.49397226847045866,0.278875951284643,-0.2008154173205034,-0.28400093485481964,0.06117961240694359,-0.04552190439030266,True,True,True,True,True,False,True
291,1333,21,22,0.0814728161333856,0.15762643439965837,0.31982790654103516,0.343764210929373,-0.6649182826741761,0.09188074612150174,0.2547395473225609,0.4585306712805046,-0.2941322385019276,-0.1260411222095983,-0.13118660623515638,0.18921174658971848,True,True,False,True,True,False,True
292,1334,21,22,0.20292781448709746,0.03395930757410024,0.27883165258278136,0.3108325597222728,-0.14924573723513043,-0.42049417549547324,0.7277789756198892,0.10925273595675658,-0.24454225004130445,-0.1646625884916648,0.1613133789328905,-0.0967439733434643,True,True,True,True,True,False,True
293,1335,21,22,0.13577038258432297,0.14874099130976798,0.26593716155879915,0.47985508556473605,-0.32380073125965697,-0.2749019247826737,0.5105355783618226,0.30997064693962006,-0.22188102996617967,-0.2806540779482685,0.04965973520246628,0.016827904671267442,True,True,True,True,True,True,True
294,1336,21,22,-0.016671988969454193,0.38544761339078404,0.17130219297106947,0.4449779597308778,-0.30654582128331487,-0.4102298876590158,-0.09732501773792153,0.8662173147270089,-0.03583998246249519,-0.5679908718219201,-0.06918396040140357,0.202904354959648,False,True,True,False,True,False,False
295,1337,21,22,0.05433615675920381,0.28429716959622325,0.2665955951044112,0.47455881246958775,-0.541728186693743,-0.035952848442177415,0.20381490826179346,0.5990767890638266,-0.19875850507565582,-0.30135891065784204,-0.09008619155724819,0.26723542853460447,True,True,True,True,True,False,True
296,1338,21,22,0.21050724631536294,0.025184929367965223,0.3024846782286558,0.24732029618536233,-0.16565487646910557,-0.5075837763249057,0.6959269723944007,0.10183122758792731,-0.26061530832112806,-0.1507206992675256,0.16039918430959782,-0.10035084053159517,True,True,True,True,True,False,True
297,1339,21,22,0.08947034977025436,0.007949146354830072,0.17522806435597718,0.4148440754673844,-0.39967083100617723,-0.4051437157793628,0.5105937230950326,0.019161769023395503,-0.15950389586701166,-0.1760206165587406,0.01943680367349706,-0.16012232384908046,True,True,True,True,True,False,True
298,1340,21,22,0.04465576869269707,0.11671572205595045,0.10995090967256581,0.39404016435455824,-0.22491915081624284,-0.3886808301348066,0.4061427852273538,0.29620260220714295,-0.06938583392772399,-0.26987158024373575,0.01992570345767015,-0.036440136131834874,True,True,True,True,True,False,True
299,1341,21,22,0.06791498652305762,0.16367363522899628,0.29075473537029656,0.3489055824241434,-0.5465885691871671,-0.23724511373568827,0.23358170396283698,0.4691058082012232,-0.2268382013135014,-0.24644977981422875,-0.09100822826738621,0.08089749064376382,True,True,True,True,True,False,True
300,1342,21,22,0.14338616413909652,0.02368473923215611,0.3663728127042632,0.24650688793420966,-0.25490970766811366,-0.559042131862046,0.3913668240848376,0.09608145001805118,-0.23677815072308483,-0.16149247538157513,0.04999417755510823,-0.11412299691726292,True,True,True,True,True,False,True
301,1343,21,22,0.08667984783404416,0.152605229393864,0.25637575860820855,0.3750654948993257,-0.3526817624942632,-0.319666423511724,0.33809689459176845,0.40687621620545494,-0.17709890224079095,-0.2725010747309862,-0.003739206572702602,0.03270938405674181,True,True,True,True,True,False,True
302,1344,21,22,0.159024435806673,0.08703728558759166,0.40097698964758716,0.26980076048557977,-0.4113024854846911,-0.23650345325493594,0.3965924227882434,0.32259837011187226,-0.3239472682708949,-0.15084609713323913,-0.005898396657548868,0.02322847404194418,True,True,True,True,True,False,True
303,1345,21,22,0.1485905517496385,0.08730465353140714,0.32797673763399127,0.3172729593736689,-0.2765270795707648,-0.3687208088945899,0.4530521061388797,0.2751720591119897,-0.23928500117471307,-0.2042897957520467,0.057896102324563964,-0.02968048868923243,True,True,True,True,True,False,True
304,1346,21,22,0.09685244486220443,0.16923609431822342,0.231794040456527,0.5538766374229834,-0.1971075852854295,-0.4311975633209026,0.4178383735468347,0.3055483529791518,-0.1425408084601436,-0.40806635075538894,0.05116408126426525,-0.0695941621189421,True,True,True,True,True,False,True
305,1347,21,22,0.18515012456971855,0.008722598150575555,0.3870838394677857,0.1502834409790602,-0.40042038500498484,-0.16553656237058137,0.4783204714107609,0.058040979723048274,-0.340146384598617,-0.03360000235147134,0.030153864540820054,-0.016154806050320228,True,True,True,True,True,False,True
306,1348,21,22,0.2726808488924558,0.006369242313785445,0.4777262117694867,0.2916910382999211,-0.1677983889457644,-0.4611939503548252,0.5707889627459467,0.02183557764032673,-0.3528425375845387,-0.14089538455042666,0.19251916020037285,-0.12815689992285578,True,True,True,True,True,False,True
307,1349,21,22,0.0761707864156207,0.15233997667031046,0.39920389527420475,0.3040001220822098,-0.36003883657732516,-0.2605379859425769,0.1908067213705432,0.5011181430680928,-0.21989969242728172,-0.23154355620390688,-0.06755811959604034,0.07313639713671405,True,True,True,True,True,False,True
308,1350,21,22,0.04325726564577312,0.17590046205913695,0.257709964216622,0.47075185009189924,-0.3678122204056685,-0.3591095292219614,0.16785251504444185,0.373658567724796,-0.13804613980495425,-0.3449519373260062,-0.05153160851340801,0.006848986792267674,True,True,True,True,True,False,True
309,1351,21,22,0.0958573076322565,0.13377560596620808,0.21035540278187814,0.48379373406655213,-0.43510990787165343,0.002439992113905033,0.45569215891094994,0.2765137217502811,-0.18738502755698402,-0.132595153070329,0.004329587707528946,0.13495605886208714,True,True,False,True,True,True,True
310,1352,21,22,0.10001045598539958,0.1452774072910074,0.307549049858138,0.36113347371961985,-0.2542241639402812,-0.4128814541335094,0.32518538435261307,0.40228175415220363,-0.17819685605621258,-0.29438272105664953,0.02182405591458658,-0.0038279064746347445,True,True,True,True,True,False,True
311,1353,21,22,0.11515426924222998,0.09572464320765564,0.2230371242927172,0.48167787317738375,-0.32366865587601074,-0.28188880695015583,0.5163009055438673,0.1987316597630049,-0.1873443954725045,-0.23150424421191682,0.04296414301195546,-0.04005495779660553,True,True,True,True,True,False,True
312,1354,21,22,-0.006703914499959956,0.3612013090832807,0.16300282958873233,0.5852673591183065,-0.43829270347574867,-0.10839673742884738,-0.0411275958636694,0.6171560799621957,-0.06473903635468228,-0.4246423813353027,-0.0781468653546022,0.2977602368312587,False,True,True,False,True,False,False
313,1355,21,22,-0.0010544249510188429,0.30153304625727667,0.20540909276919667,0.41821187859492925,-0.3035718175313877,-0.29094777840007113,-0.005133292478944075,0.721005456062942,-0.06130198667839962,-0.42321086323499163,-0.0634108365804373,0.17985522927956177,False,True,True,False,True,False,False
314,1356,21,22,0.08620535440657706,0.14496291496407387,0.574113765212546,0.22022014180592875,-0.3966444003845872,-0.2979463652803411,0.15015378419756661,0.6582636527944111,-0.313924364561845,-0.21057670577667162,-0.14151365574869093,0.0793491241514761,True,True,True,True,True,False,True
315,1357,21,22,0.09782824953513337,0.14270179333108748,0.2520469342865837,0.3787586467773506,-0.0034798288965715647,-0.5783840216066238,0.3881350503708178,0.3767618100477935,-0.09870532974035609,-0.36176974267245426,0.09695116932991064,-0.07636615601027927,True,True,True,True,True,False,True
316,1358,21,22,0.16945926314451326,0.09209168108710589,0.7832055408870353,0.16209590777242264,-0.5525457593879177,-0.050417297173311865,0.21636627206772407,0.5681308205287922,-0.602216163490765,-0.10026411863984588,-0.2632976372017385,0.0839192435343659,True,True,True,True,True,False,True
317,1359,21,22,0.15377797732149476,0.0673744444626962,0.29762210515769694,0.34741485908658143,-0.3427510211242521,-0.40406430295986473,0.5166886956868157,0.19393080837082272,-0.25578825777344494,-0.20775238733741533,0.051767696869544584,-0.07300349841202296,True,True,True,True,True,False,True
318,1360,21,22,0.045655530786954376,0.13045563554635486,0.3482309310742163,0.2920338770350292,-0.4422943645607544,-0.4469602456345889,0.1311070519959759,0.44671404862630654,-0.19967610916682474,-0.26098316895955287,-0.10836504759291599,-7.189786684312814e-05,True,True,True,True,True,True,True
319,1361,21,22,0.04612085686161959,0.14236001719856964,0.38526343694968174,0.3182185809270881,-0.44802595833920345,-0.3139129669312293,0.1197125198975041,0.4473655082736602,-0.21872887741405603,-0.24225295607003736,-0.12648716369081686,0.04246707832710192,True,True,True,True,True,False,True
320,1362,21,22,0.0937840401216773,0.12016420610997201,0.3788847300365799,0.26804782351831846,-0.17290727783072685,-0.497164159824348,0.24752657652004822,0.4482939071570561,-0.15929596740393218,-0.25342797708220194,0.02827211283942245,-0.01309956486225789,True,True,True,True,True,False,True
321,1363,21,22,0.1188434644329426,0.048441350806757565,0.2989031845151773,0.3428615041819477,-0.36663816229057844,-0.4715270042941815,0.397598522162644,0.1412854759601445,-0.22843277870638887,-0.21010980876146834,0.009254150159496308,-0.11322710714795323,True,True,True,True,True,False,True
322,1364,21,22,0.10204613032730502,0.15778520276185495,0.30196526299141924,0.3815168171968258,-0.3651343941129206,-0.333389514039125,0.3379399647376155,0.4135733882484479,-0.2123040336728256,-0.2849789090448584,-0.008211773018215577,0.030591496478851534,True,True,True,True,True,False,True
323,1365,21,22,0.16154930407912538,0.10558629071455397,0.5324718550501268,0.24298829937753705,-0.39420844469166516,-0.26741973535280683,0.3033950105473972,0.4345324074658504,-0.3714542059005217,-0.17056615742792353,-0.04835559774227089,0.04060642400118442,True,True,True,True,True,False,True
324,1366,21,22,0.0033763688250942965,0.17588961877705542,0.2325834347988396,0.37206190045175047,-0.567162079479936,-0.19535922927529764,0.014516806960110908,0.4727428918776515,-0.1352888733581903,-0.2485753448920119,-0.12853613570800168,0.10320389266209892,True,True,True,True,True,False,True
325,1367,21,22,0.07502948182742954,0.2491664940335848,0.18704522067176574,0.4844323800161251,-0.5562094453618316,0.009084881582704443,0.4011301735375222,0.514347315151169,-0.17906580027485375,-0.2447654832263106,-0.02900683661999469,0.253567504840859,True,True,False,True,True,False,True
326,1368,21,22,0.12701580256184744,0.13310629213927572,0.3430068975100703,0.3299469828180802,0.017377049540170393,-0.6345373937812413,0.3703010157634466,0.4034172126758477,-0.12105535471119482,-0.3424699907026444,0.13297625041250008,-0.0762574064240929,True,True,False,True,True,False,True
327,1369,21,22,0.20864412166382143,0.0775432556397697,0.31153797486617985,0.3395470664059143,-0.1435103245400245,-0.46399472229516353,0.6697229182203032,0.22837262727833432,-0.25335303754340893,-0.23509130242291937,0.16393520578423396,-0.08000479114337995,True,True,True,True,True,False,True
328,1370,21,22,0.05533920576985763,0.2107446232323459,0.13987021186371926,0.48316941167353455,-0.41144227379323967,-0.30479550296718344,0.3956468288171085,0.43617128514488984,-0.11288772377500844,-0.358012487081739,-0.0022093122352931866,0.06347675938295283,True,True,True,True,True,False,True
329,1371,21,22,0.1909650014613248,0.15004100385567617,0.36523444829354174,0.3802676454569433,-0.5910582912391579,0.14710091592975652,0.5228559418575018,0.39456684166590483,-0.4068398503713821,-0.09410328491050791,-0.02490984744873252,0.20597872280084445,True,True,False,True,True,False,True
330,1372,21,22,0.03164879498776281,0.11003942159039179,0.06472166627854828,0.4577972146401557,-0.41260816742282747,-0.29182321945648027,0.4889984576656777,0.24036717147107708,-0.05835348310350642,-0.24363527862489137,0.004944106872019194,-0.023556435444107772,True,True,True,True,True,False,True
331,1373,21,22,0.1982907220094122,0.12570283483855685,0.4982785969681174,0.2904561442683792,-0.4639012736408242,-0.17609834278854114,0.39795151390397754,0.43277733082626213,-0.42944279777088473,-0.17685168049696787,-0.03286135375206038,0.07455398918014586,True,True,True,True,True,False,True
332,1374,21,22,0.18354102380411066,0.003542284754688646,0.22920529567405867,0.4079803084351165,-0.22876949667049834,-0.4237141363097797,0.800771305324093,0.008682489525721794,-0.2359762039296778,-0.1764093087746716,0.13110584367854353,-0.1693247392652943,True,True,True,True,True,False,True
333,1375,21,22,0.054817731232283666,0.18510340498271216,0.1914661213427121,0.4723993838526372,-0.26021555367580984,-0.38227288056625763,0.28630512201249136,0.39183667741712025,-0.10464019400763729,-0.36568887822578505,0.004995268456930044,0.004517931739639292,True,True,True,True,True,True,True
334,1376,21,22,0.06007620751971147,0.2004393758143825,0.2818920307027886,0.4081902909197573,-0.3317994014873299,-0.4445761656126905,0.21311779325557628,0.49104395737277645,-0.15360781459094475,-0.3819110501918168,-0.03345539955152182,0.018967701436948193,True,True,True,True,True,False,True
335,1377,21,22,0.15063463812736944,0.02207970664542618,0.351692089129194,0.2752787189800594,-0.31997082258892784,-0.38536914440171144,0.4283139791410942,0.08020854909247666,-0.26316584518405617,-0.12816363105077083,0.03810343107068271,-0.08400421775991848,True,True,True,True,True,False,True
336,1378,21,22,0.1840999467797535,0.06238841847407739,0.3792307250649559,0.24081187526008757,-0.12813274586736592,-0.3644898889724706,0.48545630565197545,0.2590753400624247,-0.23269182089959844,-0.15016191215087915,0.13550807265990858,-0.025385075202724365,True,True,True,True,True,False,True
337,1379,21,22,-0.019292703249625925,0.18079320690415082,0.4845249147274245,0.2475120469114083,-0.3804657537309084,-0.13383294163707657,-0.039817773375966176,0.7304420498322731,-0.16505243363354777,-0.21391847223291868,-0.2036378401327996,0.14766794157538296,False,True,True,False,True,False,False
338,1380,21,22,-0.039683875415521215,0.19439392281451767,0.37665863378088227,0.29134259805739765,-0.305795615691891,-0.30908926497631195,-0.10535766834063054,0.6672348091583228,-0.07549668340717018,-0.2844447923043678,-0.1548644342382126,0.10434305332466753,False,True,True,False,True,False,False
339,1381,21,22,0.18710235246105403,0.051460848813699736,0.34961194090027464,0.3512963853891994,-0.042527652949886474,-0.41509580612981256,0.5351715161079815,0.14648840965638327,-0.20197052775079713,-0.1972825050973188,0.17223417717131093,-0.09436080746991929,True,True,True,True,True,False,True
340,1382,21,22,0.1232880751374339,0.13223437424797724,0.3027756197392002,0.3879625300949645,-0.2692988110502615,-0.41155364401506317,0.40719287518469854,0.34084315878548693,-0.20482518954820658,-0.2919017672498635,0.0417509607266612,-0.027433018753909015,True,True,True,True,True,False,True
341,1383,21,22,0.3028823163929726,0.05741936248919992,0.8351465415392942,0.12102808271326321,0.028994472708563142,-0.41976251714373203,0.36266966493654784,0.4744300760777685,-0.2786676827866606,-0.10822241513399908,0.3270969499992845,0.006616309844400756,True,True,False,True,True,True,True
342,1384,21,22,0.1394466997851688,0.07614045476581903,0.35937921265999984,0.30864960556614224,-0.10735450540785844,-0.5160765031131914,0.38802105094791894,0.24668897478795732,-0.17802767741414866,-0.23542726389365956,0.10086572215618893,-0.08314635436202147,True,True,True,True,True,False,True
343,1385,21,22,0.07237951421094745,0.16575504570865862,0.3004354833992064,0.3521234515617111,-0.6046469907408147,-0.11147004609195182,0.2409153319442381,0.47072992433055644,-0.25403692516003956,-0.20500626308429973,-0.10927789673814471,0.12650382833301752,True,True,True,True,True,False,True
344,1386,21,22,0.25208300561068037,0.01951114392694987,0.6284100714578037,0.1458922654034044,-0.8367513360670362,0.17744505592008386,0.40114412079025247,0.13373665747803637,-0.7779059725009793,0.006376717265864939,-0.2737399612796186,0.04539900511976468,True,True,False,True,False,False,True
345,1387,21,22,0.18047778420931299,0.20123165875584093,0.19991964395020967,0.5455396639527671,-0.22357909044371316,-0.2469539442668443,0.902751628820734,0.3688671457869718,-0.22517563636553184,-0.3359548305229856,0.13577993205309413,0.06650848698869631,True,True,True,True,True,True,True
346,1388,21,22,0.018325215582678304,0.0206543850946622,0.03996540749498446,0.4456983751929762,-0.19240968167527522,-0.3976590223918963,0.458526929444622,0.04634162080065777,-0.026014946916810923,-0.19789036525555775,0.010635484248545686,-0.15658159506623334,True,True,True,True,True,False,True
347,1389,21,22,0.09433572220830254,0.05632136001000053,0.37855741850809316,0.1271740365574392,-0.7010602863982975,0.12606879387496256,0.24919792241843422,0.44286838363082487,-0.3597272944457865,-0.04028868260899377,-0.17105585002918144,0.07235403741100728,True,True,False,True,True,False,True
348,1390,21,22,0.10102009328097507,0.10592397004970922,0.2881707161092146,0.34125524956339326,-0.20802571280216448,-0.41140801512900654,0.3505564154641209,0.3103951373209052,-0.16096701190830462,-0.24631911492493863,0.041073174653645524,-0.03447117482552018,True,True,True,True,True,False,True
349,1391,21,22,0.051105755803122474,0.18325879615540036,0.2787634515895247,0.3813437776869241,-0.30866365047788163,-0.3892295872921753,0.18333018733881581,0.4805606040485923,-0.1371499003905594,-0.3316890773609209,-0.034938388784314454,0.03482851494987982,True,True,True,True,True,False,True
350,1392,21,22,0.0741458875973463,0.23862233419535483,0.30345217032508326,0.36044392878151565,-0.625357243905462,-0.06015471941014115,0.24434126642730897,0.6620234525853163,-0.26391190048897123,-0.26030473759429584,-0.11562012529427858,0.21693993079641385,True,True,True,True,True,False,True
351,1393,21,22,0.07263222856563688,0.19852071503326243,0.17786196818906913,0.45415965880836584,-0.23624215259493458,-0.5120958985938722,0.40836289683035587,0.43711657603879983,-0.11465072279539433,-0.43109401361581895,0.030613734335879404,-0.03405258354929406,True,True,True,True,True,False,True
352,1394,21,22,0.3408538532570128,0.03333743780825536,0.4897589965034781,0.21932310190951165,-0.0968060414400979,-0.5848043670690561,0.6959624135349439,0.1520014878414848,-0.38826548296818925,-0.16159854560406944,0.2934422235458363,-0.09492366998755869,True,True,True,True,True,False,True
353,1395,21,22,0.005542771010521429,0.27943225346561706,0.1869607884961116,0.5473681603835447,-0.18823884140963712,-0.31559883146629625,0.029646703221069843,0.5105014754051769,-0.04073605322606169,-0.45218100526452004,-0.02965051120501883,0.10668350166671413,True,True,True,True,True,False,True
354,1396,21,22,0.12893334746606996,0.11055594571480276,0.33337624990401327,0.3144708494624617,-0.32441802739819803,-0.45352093969827123,0.3867502484150951,0.35156182489976645,-0.23708661284133864,-0.25317506087073194,0.02078008209080126,-0.03206316944112644,True,True,True,True,True,False,True
355,1397,21,22,0.025991946529552026,0.33830039798897266,0.27036722181617756,0.6411760857437189,-0.4437534915796186,-0.3740817184478753,0.09613571628599242,0.527624790616712,-0.14596834521916205,-0.5781526499716653,-0.09398445216005799,0.09844814600628003,True,True,True,True,True,False,True
356,1398,21,22,0.1951432135188269,0.10475823905049762,0.36316264660228814,0.30143441215344036,-0.05288684842761062,-0.4248865607924444,0.5373438467435087,0.34753244761308844,-0.21434974136425203,-0.2328336697348651,0.1759366856734018,-0.02331719163386986,True,True,True,True,True,False,True
357,1399,21,22,0.0841637435818142,0.1544700257875716,0.17465673587321218,0.4658474039115351,-0.2738275255850471,-0.32147380740999937,0.4818808914584939,0.33158932408026387,-0.131989565392737,-0.30422776439507665,0.036337921770891374,0.004712287180066574,True,True,True,True,True,True,True
358,1400,21,22,0.12934218147442506,0.12173341841092616,0.32651249566371504,0.3310381641710193,-0.42530526585176875,-0.23067211790681613,0.39613240899557617,0.36773227859020163,-0.26820966524660583,-0.1980946928482395,-0.009525302297755762,0.045372143973612854,True,True,True,True,True,False,True
359,1401,21,22,0.1457112084292229,0.09234679315507681,0.29980052220632997,0.3274313319885284,-0.48106896857381226,-0.24658655247011915,0.48602720020928086,0.2820340759518768,-0.28993593642491233,-0.1730869564808271,0.0014864804335334323,0.011606629829326543,True,True,True,True,True,True,True
360,1402,21,22,0.20302459439126996,0.11779678039454684,0.4092440355651187,0.26567028021682443,-0.5482628566111356,-0.0191169268609718,0.49609664832602013,0.4433946480517431,-0.42739789838127107,-0.12287557971058574,-0.021348709598731187,0.11271798107850793,True,True,True,True,True,False,True
361,1403,21,22,0.18050157732973687,0.09045201867783176,0.43863099272058526,0.20858768722029258,-0.3883019177389818,-0.18257989906827563,0.41151122543846136,0.4336402588437736,-0.35082283298289346,-0.1285359375573978,0.010180321676580234,0.052368099798265705,True,True,True,True,True,True,True
362,1404,21,22,0.17727657770555016,0.16825779956415857,0.31097076148953157,0.33929775855633026,-1.1551260871341928,0.10882587049388011,0.5700747454725513,0.49590012112097226,-0.5364870166380931,-0.13133342563264358,-0.18193386122699276,0.20518217349567358,True,True,False,True,True,False,True
363,1405,21,22,0.2140184677013715,-0.005584171622396938,0.3277360918108042,0.3291232516399109,-0.3472030680374412,-0.3272779336597951,0.6530207476353269,-0.01696680983361972,-0.3278094442846832,-0.10213060609370588,0.10022749111805977,-0.11329894933849974,False,True,True,False,True,False,False
364,1406,21,22,0.08695689049263584,0.18551752058884524,0.27713541696752525,0.36875432403926367,-0.488269889611011,-0.1924778602137236,0.31377039948245034,0.5030924615519681,-0.22227376994267087,-0.25649456382448077,-0.04835998895739921,0.11454047735320971,True,True,True,True,True,False,True
365,1407,21,22,0.2079857290782631,0.13730228676153297,0.4622572302601317,0.2573087615031564,-0.07013067587972736,-0.6123855173668872,0.4499350479844755,0.5336090615781409,-0.24040414106669686,-0.29487444579767635,0.17556731708982928,-0.020269872274610457,True,True,True,True,True,False,True
366,1408,21,22,0.09041373949486277,0.1585905329663878,0.11562054991784479,0.4848913756050959,-0.08620715884766926,-0.38508134035624086,0.781986762380105,0.32706404144326695,-0.10038105860768529,-0.34531315381157957,0.08044642038204024,-0.028132087878803953,True,True,True,True,True,False,True
367,1409,21,22,0.20773846510659427,0.09229081584475181,0.47865498692102126,0.16220975236320312,-0.4722962204393625,-0.24045822524307717,0.43400459784799317,0.5689597234456277,-0.43380540632384507,-0.13129548501512667,-0.01832847611065656,0.05328614667437694,True,True,True,True,True,False,True
368,1410,21,22,0.15301682174735418,0.06974659837853388,0.36002224798211035,0.48362968293791686,-0.16338036671233178,-0.5364280130335224,0.42502046083262507,0.1442148834927636,-0.2118373886472694,-0.32917910824095303,0.09419625484743893,-0.1896859114838853,True,True,True,True,True,False,True
369,1411,21,22,0.06553754334826463,0.11261670202492738,0.47661375200224054,0.20277919977457182,-0.34135934433486065,-0.2809248996262853,0.13750661426142932,0.5553661428298492,-0.22823410123272736,-0.16958242836789741,-0.09715901453619807,0.05565097568195733,True,True,True,True,True,False,True
370,1412,21,22,0.11275542644025374,0.03731992930415234,0.18725913635135866,0.5304171663644506,-0.3562969568438766,-0.3018126699196757,0.6021357816618791,0.07035958047879194,-0.17947528686345537,-0.19740655045583597,0.04603556601705211,-0.1227666918475313,True,True,True,True,True,False,True
371,1413,21,22,0.0820858870425743,0.22500151344515257,0.2429392264189797,0.4245597549675867,-0.30162391434965896,-0.27103647349904697,0.33788650870653025,0.5299643002251366,-0.15536216746414505,-0.3400726922211867,0.00880960662100357,0.10993033466911838,True,True,True,True,True,True,True
372,1414,21,22,0.07220819710832124,0.17563918918423216,0.2653691329376597,0.3975745247905538,-0.2181807188933656,-0.33602030554851103,0.27210473316534645,0.44177676946670724,-0.13010662530476894,-0.30923230248265815,0.014309768911873542,0.0420460758858062,True,True,True,True,True,True,True
373,1415,21,22,0.24122951445774415,-0.0005235935747116871,0.4530441988820591,0.04809500386285745,-0.30816918205421945,-0.19900340856474985,0.5324635323727948,-0.010886652098099636,-0.38084377466163744,-0.009047476128931756,0.10161525425385087,-0.01009466327835513,False,True,True,False,True,False,False
374,1416,21,22,0.1821031730482561,0.114548895246185,0.41658470084504523,0.21569835505173213,-0.020794180023657988,-0.6679920378036426,0.4371336073524986,0.5310605879155272,-0.19076571031272968,-0.25863367898808515,0.17344063578378255,-0.02953588849571517,True,True,True,True,True,False,True
375,1417,21,22,-0.003602482698081601,0.19391058606050102,-0.006524441154819439,0.4536923397262483,-0.634374668415225,-0.17455078161098692,0.5521519180873504,0.42740546639492305,0.007741422892264831,-0.27310293857063506,0.0005364574961016288,0.11471823355036698,False,False,True,True,False,True,False
376,1418,21,22,0.0397248000990385,0.1578508596921054,0.30278006755016773,0.28598596805673004,-0.5505079959264482,-0.06486385320390292,0.13120018243095372,0.5519531631733522,-0.20640764829255595,-0.1764010115425132,-0.12695804809447894,0.1393007078416976,True,True,True,True,True,False,True
377,1419,21,22,0.20756580786863368,0.04195140343790284,0.48749791411481896,0.13133219194333262,-0.35180618548867953,-0.32855391096726755,0.42577783793295637,0.31942970582569796,-0.379070589467056,-0.08510110873678864,0.03606102627021131,-0.0011983018609829593,True,True,True,True,True,False,True
378,1420,21,22,0.09639296861972958,0.11845709491798805,0.3439169115748676,0.3462925209660094,-0.417773943145501,-0.2543109497633333,0.28027981577970673,0.34207234562139244,-0.2400724928827846,-0.20652307482079288,-0.04728655564332544,0.030391115015183195,True,True,True,True,True,False,True
379,1421,21,22,0.043374438632074616,0.21530875543546935,0.3218029801871301,0.31939535026138083,-0.8023757695354157,0.05053330383752137,0.13478569591509734,0.6741136189342424,-0.30158135249851326,-0.1991686531564194,-0.21483247523436402,0.23144885771451928,True,True,False,True,True,False,True
380,1422,21,22,0.25084556199470687,0.038238739391999094,0.7166221912781257,0.07819593899661997,-0.47698305948542363,-0.20653053000581006,0.35003878619403805,0.4890118321061656,-0.5926622072856957,-0.054388588117273005,-0.09097108329628198,0.02208889066672518,True,True,True,True,True,False,True
381,1423,21,22,0.37379382389611426,0.008718151774337194,0.5691334875334183,0.10738557077906301,-0.06752797768980229,-0.3992950273810733,0.6567770691478876,0.08118550482237577,-0.41222625734479035,-0.051596676198895346,0.33536139044743823,-0.034160372650220955,True,True,True,True,True,False,True
382,1424,21,22,0.16368262796219776,0.11758327150382543,0.4017305190644109,0.3003320255417676,-0.1830310272199208,-0.5957229604482247,0.40744384654518606,0.3915109329140557,-0.23721177753214887,-0.29649795487697905,0.09015347839224667,-0.06133141186932819,True,True,True,True,True,False,True
383,1425,21,22,0.13286707806337683,0.09237167734074712,0.43172749635465474,0.17151398691288827,-0.06816624876148397,-0.733473249376043,0.30775681230696833,0.53856643999339,-0.1622963219770609,-0.2181725986351834,0.10343783414969278,-0.033429243953689146,True,True,True,True,True,False,True
384,1426,21,22,0.28141540489764577,0.017924060366002012,0.5149795734565964,0.15786968810225063,-0.6835656781851749,-0.04569157515574155,0.5464593537346663,0.11353706073323447,-0.6334377662790162,-0.025137375084739476,-0.07060695648372464,0.010710745647264552,True,True,True,True,True,False,True
385,1427,21,22,0.08811523253805939,0.01966445394919535,0.3939534404656924,0.15525211321926197,-0.7641898469344518,0.1260117820270047,0.22366915347635588,0.12666142535157196,-0.3891704519068375,-0.00010085849897785513,-0.21293998683071877,0.039228049399412844,True,True,False,True,True,False,True
386,1428,21,22,0.09902215640598461,0.22345412902098155,0.25909604689329796,0.6246591460699145,-0.49171577976339226,-0.021790430819818095,0.3821832003742007,0.35772169578698787,-0.22642377113773504,-0.23706572092938466,-0.02837945832576585,0.20984253711257847,True,True,True,True,True,False,True
387,1429,21,22,0.18306551694452136,0.05993109970223978,0.5845258878293373,0.1365632186329022,-0.40903589525631023,-0.2184085955705914,0.31318632887987774,0.4388524252884047,-0.42215758677328397,-0.08975768049045156,-0.0560265528842412,0.030104518914027996,True,True,True,True,True,False,True
388,1430,21,22,0.21306620258456194,0.09228441810330874,0.6119548646935292,0.22967327659742437,0.020943882435399328,-0.4912072093658941,0.34817306778215873,0.40180738251523535,-0.20024949184264992,-0.20510158736665068,0.22588291332647392,-0.0205327511600332,True,True,False,True,True,False,True
389,1431,21,22,0.23085813904213165,0.03344761266623204,0.5254984836733523,0.1732808216650958,-0.2169150754770097,-0.3592349429007531,0.43931266447884204,0.1930254735915154,-0.34484668229119103,-0.0956961387428883,0.11686959579307231,-0.02880091341042423,True,True,True,True,True,False,True
390,1432,21,22,0.0888749550632506,0.19082094200533956,0.3151498448796373,0.32131840411530377,-0.25475572214989406,-0.44826398907274423,0.28200856356820964,0.5938686970973012,-0.16916118138098968,-0.33485641159655366,0.008588728745511509,0.0467854724141254,True,True,True,True,True,True,True
391,1433,21,22,0.38061070001445574,-0.01002631467066509,0.4713255773779579,0.17673175776698571,-0.24783647124878472,-0.3661428470293421,0.8075324537485105,-0.056731822267531644,-0.49742236792110495,-0.0546827542786391,0.26379903210780664,-0.07473538361996927,False,True,True,False,True,False,False
392,1434,21,22,0.07133268360900062,0.20385924755322687,0.23468248778609624,0.3886663543253824,-0.5835489035863501,-0.0903989067961998,0.303954011575067,0.5245096347664833,-0.20828139204749407,-0.23899426109270588,-0.06561602482949284,0.1687242340137479,True,True,True,True,True,False,True
393,1435,21,22,-0.011670275931123446,0.31875613056463964,0.21728023336906804,0.5061137120368507,-0.36163361582518694,-0.45977521496357754,-0.05371071150913456,0.6298112913831322,-0.06690556050947308,-0.5514546713123968,-0.09024611237171995,0.08605758981688243,False,True,True,False,True,False,False
394,1436,21,22,0.0837024528449442,0.16961899060643637,0.39186289892745796,0.37970846436423633,-0.024447607391177087,-0.5395389109567219,0.21360137199525814,0.4467084790707455,-0.09328256314909118,-0.3744864819505657,0.07412234254079719,-0.03524850073769294,True,True,True,True,True,False,True
395,1437,21,22,0.2604634364274129,-0.007791599573058501,0.43820004964860215,0.16086480804215408,-0.27869329755541644,-0.39772849625859347,0.5943938998552867,-0.04843569993889986,-0.382586853252929,-0.05618891863047474,0.13834001960189674,-0.07177211777659173,False,True,True,False,True,False,False
396,1438,21,22,0.12871633900836346,0.07485560920977714,0.3291368842474094,0.33475905148509083,-0.14318168376394222,-0.40313844508814334,0.39107236280333896,0.22361041136212859,-0.17584271228372528,-0.20980985270465838,0.08158996573300163,-0.0600986342851041,True,True,True,True,True,False,True
397,1439,21,22,-0.01553146475121842,0.19113478468891462,0.2192726708478792,0.48226703207784144,-0.19592324239090045,-0.44984981610485464,-0.07083173972917675,0.39632562869871657,-0.027429147889010744,-0.40808252038256565,-0.058492077391447586,-0.025812951004736386,False,True,True,False,True,True,False
398,1440,21,22,0.2207279433684858,0.10987372726236315,0.22635248770650623,0.3751456945386322,-0.18194337343030495,-0.42303912070046745,0.9751513915530129,0.2928828155618042,-0.26191127856614915,-0.2685750320145523,0.1795446081708224,-0.04882757748982598,True,True,True,True,True,False,True
399,1441,21,22,0.11978115669575032,0.16283171818757183,0.5452222116103206,0.16555367818932543,-0.22951597251851405,-0.16323281811694262,0.21969236422334149,0.9835584444180046,-0.24491836283218812,-0.18985551162804087,-0.005356049440687477,0.13580792474710282,True,True,True,True,True,False,True
400,1442,21,22,0.32643565388375423,0.07954534291580478,0.34894811089160555,0.23108828062053255,-1.0997160900970235,-0.1482585824419878,0.9354848004468939,0.34422058402184963,-0.7101795060402133,-0.11380616381956123,-0.05730819827270484,0.04528452201204835,True,True,True,True,True,False,True
401,1443,21,22,0.15514890771059944,0.129745638935228,0.47767274280213534,0.3005083492021788,-0.4596436482847924,-0.27262186925112053,0.3248016765630402,0.43175385735434774,-0.3747081498983763,-0.21167078682029444,-0.06441033447717735,0.04782049105016156,True,True,True,True,True,False,True
402,1444,21,22,0.09825276929237854,0.1028405042249572,0.1627375929368541,0.5702081466998433,-0.05206098007799048,-0.4740531239268385,0.6037496777435,0.18035607667158127,-0.10672504787620422,-0.3731494574565509,0.08978049070855287,-0.16746844900663654,True,True,True,True,True,False,True
403,1445,21,22,0.08478572635518103,0.2902981662085176,0.22007048354172887,0.4726240476552171,-0.21623919315374704,-0.5997391774624692,0.38526623375689684,0.6142263975960284,-0.13237359015319947,-0.5737493237982404,0.03719786255716261,0.006847008618794897,True,True,True,True,True,True,True
404,1446,21,22,0.11010664416757454,0.0949709396013829,0.5918837116956037,0.21712054823324653,-0.42691593918213844,-0.36632177290128237,0.18602749491474538,0.437411108134078,-0.36279123483271325,-0.17450692376348415,-0.14257794649756417,0.015434955439281639,True,True,True,True,True,False,True
405,1447,21,22,0.0727718072543121,0.1795547553070509,0.2859424611397983,0.400229566600613,-0.3258336849880439,-0.26021941441525154,0.25449807966342464,0.44862941244475235,-0.16594149306204312,-0.2837022587595323,-0.02039787855341893,0.07540725185456945,True,True,True,True,True,False,True
406,1448,21,22,0.04089334735807256,0.1692547551986996,0.47808549492288616,0.2109951315901947,-0.25105113412159236,-0.5293598061149944,0.08553563701962667,0.8021737464892538,-0.1609172530655459,-0.2809470971484928,-0.07913055834940079,0.057562413248906374,True,True,True,True,True,False,True
407,1449,21,22,0.12352936043135876,0.11679424174822957,0.38343070526225875,0.25725157427958123,-0.24380901885040177,-0.42076571592704826,0.3221686702082641,0.45400787954478167,-0.21701322447846763,-0.2250368845733378,0.030045496384249873,0.008551598923121339,True,True,True,True,True,True,True
408,1450,21,22,0.11619931599480121,0.16757636734446574,0.4521611881468694,0.20564010786411555,-0.3482072346373512,-0.2930275427494175,0.25698648853748535,0.8149011838449245,-0.2736451129297617,-0.22783458284261268,-0.04124648094015925,0.10731815184631877,True,True,True,True,True,False,True
409,1451,21,22,0.030647958579426014,0.13934776445458827,0.0527819150541494,0.45772758026735644,-0.315157114475785,-0.44734247376304725,0.580652644906575,0.3044338389510982,-0.04728255462439774,-0.3441087525209613,0.014013362534454295,-0.06541322361178474,True,True,True,True,True,False,True
410,1452,21,22,0.1550375229647422,0.10478418910066775,0.35119597354335136,0.2857547753509426,-0.0749784281202405,-0.591826217573807,0.4414558669352298,0.36669269646318126,-0.18136964502318026,-0.27390135695026907,0.12870540090630414,-0.06433297874893357,True,True,True,True,True,False,True
411,1453,21,22,0.09521349784530911,0.10888260561581532,0.24293259532292272,0.37144657363015643,-0.3730973676721883,-0.35647606458896186,0.39193381077061634,0.29313126932819156,-0.18585100968206456,-0.24129441838854754,0.004575986008553676,-0.0235292071569169,True,True,True,True,True,False,True
412,1454,21,22,0.004368981025062501,0.27522378351193005,0.021669174882477132,0.5761668080845441,-0.23947709358636757,-0.4767292964914691,0.20162193755681465,0.4776807335134532,-0.009558252046332842,-0.5498993805918101,-0.0008202899962078408,0.000548186432050032,True,True,True,True,True,False,True
413,1455,21,22,0.08980652010346139,0.1708796906229085,0.33062255662826473,0.3035225661803975,-0.2009447514310073,-0.3071973304871366,0.27162853321116653,0.5629884221568777,-0.1562433875626122,-0.26412101269613186,0.023369652644310606,0.07763836854968513,True,True,True,True,True,True,True
414,1456,21,22,0.10709626781122676,0.18082008477552658,0.2508395813205935,0.3637286684147648,-0.030298925582991677,-0.46926559143074875,0.42695123013440606,0.4971290428208286,-0.11469643761892823,-0.3515054334794999,0.09949609800352531,0.010134736071553269,True,True,True,True,True,True,True
415,1457,21,22,0.2318916621038688,-0.017853199701726385,0.3624369366098004,0.37218332663771087,-0.34872569356142746,-0.1860438590644809,0.6398124437121687,-0.047968832626145486,-0.3582827341954006,-0.05138922266540955,0.10550059001233703,-0.08709562206886233,False,True,True,False,True,False,False
416,1458,21,22,0.19025452098136367,0.0773474724726009,0.4238037070155367,0.257600592683913,-0.4536109912457727,-0.23103252036102062,0.44892132332006457,0.30026123646194236,-0.3824965406143143,-0.13686158664685802,-0.001987498651586968,0.01783335829834379,True,True,True,True,True,False,True
417,1459,21,22,0.09372860739992717,0.12997804914085828,0.37699352135286135,0.2485057580794417,-0.24692310575590623,-0.4071209011352536,0.24862126824773292,0.5230383800576051,-0.18681701854223126,-0.23114993730745995,0.0006401962576230948,0.02880616097425665,True,True,True,True,True,True,True
418,1460,21,22,0.2708499083594434,0.05900576851833568,0.4721390972578136,0.17487843661791458,-0.08016435367780192,-0.43794335833291004,0.5736654937761797,0.3374102013918114,-0.30869863393713687,-0.13559261835079414,0.2330011827817499,-0.017581081314122782,True,True,True,True,True,False,True
419,1461,21,22,0.1160848072861815,0.13318183721613683,0.2549743660381318,0.4155094563923553,-0.510240882279835,-0.17732074765174133,0.4552803055849969,0.32052660936403937,-0.24618315277221944,-0.20686028467999787,-0.014013538199856469,0.059503389752275766,True,True,True,True,True,False,True
420,1462,21,22,-0.01979256285903517,0.22127289802992195,-0.03797437907617393,0.5668119105171964,-0.34490967325518057,-0.23174518033235086,0.5212083341595312,0.3903815250247971,0.03289029353826668,-0.35262882644725396,-0.006694832179803654,0.08991696961258996,False,False,True,True,False,False,False
421,1463,21,22,0.05749572534989421,0.2070546912578,0.20801183000416437,0.432288615434722,-0.31783120950903865,-0.23933259193947817,0.2764060358910508,0.4789732689341813,-0.12360837687230632,-0.3105154460557203,-0.008616926172517886,0.10359393645987966,True,True,True,True,True,False,True
422,1464,21,22,0.12292419942879622,0.12821451752357393,0.34623839778577153,0.3102648527933501,-0.2370347003748333,-0.3916854497006314,0.3550276347594851,0.41324215865652814,-0.20499471430620891,-0.24974074591623743,0.04085368455138352,0.00668828913091039,True,True,True,True,True,True,True
423,1465,21,22,0.16072198239744667,0.0716871901674577,0.3043408506040386,0.3276273951510786,-0.5429005650909372,-0.2667616059757867,0.5280986173182296,0.21880706933680144,-0.32594880217063577,-0.1590856002596231,-0.004504837375742386,-0.015711219924707694,True,True,True,True,True,True,True
424,1466,21,22,0.14132559853039903,0.09836899769026983,0.2961065311584227,0.3440115801772178,-0.29887022383145234,-0.4546686889773284,0.47727957224552775,0.28594676272117053,-0.22982302377567174,-0.2547802918424645,0.05282817328512632,-0.05804229646192487,True,True,True,True,True,False,True
425,1467,21,22,0.01874116461418768,0.2801759914253071,0.13183773172486693,0.5170718153767659,-0.42817480845428574,-0.18597660433140772,0.14215326954576818,0.5418512150409049,-0.0751907601425301,-0.3763392518445546,-0.037708430914154725,0.1840127310060596,True,True,True,True,True,False,True
426,1468,21,22,0.5877644218032929,-0.06445877170059766,0.6881458977424353,0.15189829233518062,-0.41433712854952126,-0.1991182950481991,0.8541276257426532,-0.4243548147227498,-0.872888817097026,0.03421304271008356,0.30264002650955973,-0.09470450069111176,False,True,True,False,False,False,False
427,1469,21,22,0.036907940677109716,0.3498485683797972,0.21757152861439766,0.6117186119190314,-0.5358778470110684,-0.0354424402052925,0.16963589359397163,0.5719109433049325,-0.1534997030019002,-0.37152936870520203,-0.07968382164768077,0.3281677680543924,True,True,True,True,True,False,True
428,1470,21,22,0.2525432831068248,0.013866519615351262,0.5554208148778639,0.12032241225256048,-0.7012949491892639,-0.013822683284300905,0.45468818658220184,0.11524469428226727,-0.6420570952552559,-0.01552969821192149,-0.13697052904160636,0.012203341018781032,True,True,True,True,True,False,True
429,1471,21,22,0.08984045364442457,0.03556682547992417,0.17497864965980026,0.3507718957746747,-0.12111050402943721,-0.5219678705810419,0.5134366610960571,0.1013958812218275,-0.1110322060991133,-0.2186584849771063,0.06864870118973584,-0.14752483401725794,True,True,True,True,True,False,True
430,1472,21,22,0.07461509208679523,0.12300922145609863,0.4705160677258685,0.19799741988282168,-0.16970374260201154,-0.40843511083308304,0.15858139010518846,0.6212667898849269,-0.15446342973425664,-0.20387831959060337,-0.005233245560666193,0.04214012332159387,True,True,True,True,True,False,True
431,1473,21,22,0.04305294124742153,0.13952110509620222,0.46706039633599444,0.3432089910917203,-0.05494381075925258,-0.5318226262180092,0.09217853105329457,0.4065193765827543,-0.06871501927684792,-0.32204741208023424,0.01739086321799515,-0.04300520188782983,True,True,True,True,True,False,True
432,1474,21,22,0.3076853520521425,0.017672315976474097,0.6176596368444628,0.06484297302906222,-0.3623701817769421,-0.24154654340930545,0.49814709218181097,0.2725401867146572,-0.5315067869317505,-0.0333349119760269,0.08386391717253448,0.0020097199769212974,True,True,True,True,True,True,True
433,1475,21,22,0.22357234095788686,0.07289177696084391,0.43186198238506207,0.27313685033269947,-0.013532024001054101,-0.7291746500378508,0.5176939626015576,0.26686906901085194,-0.22941630766866436,-0.27205624421463087,0.2177283742471094,-0.12627269029294305,True,True,True,True,True,False,True
434,1476,21,22,0.1466227102846678,0.11728761321750539,0.2880547817283921,0.4082063448846587,-0.11906782812707557,-0.4862251112574694,0.5090098119701373,0.2873243267461846,-0.1809207675266863,-0.3157677886750535,0.11232465304264935,-0.08119256224004272,True,True,True,True,True,False,True
435,1477,21,22,0.12558453906762432,0.08976876450367804,0.19850594471430608,0.3247510612672912,-0.008766950858720408,-0.5970387985467678,0.6326487564307871,0.2764233137633768,-0.1273248309300985,-0.28365774794948934,0.12384424720515014,-0.10412021894213327,True,True,True,True,True,False,True
436,1478,21,22,0.21409520992567183,0.058692754493312675,0.4856931673429505,0.17171103390725612,-0.4087807202884168,-0.2698929356932821,0.4408034214211996,0.34181119965193135,-0.4126372127112857,-0.10503634952547074,0.01555320714005798,0.012349159461154618,True,True,True,True,True,True,True
437,1479,21,22,0.03783030234604398,0.13555639013297668,0.312753886849749,0.3073829509623997,-0.279041390251607,-0.3188293417415818,0.12095869607599201,0.4410016551293975,-0.12510158173919173,-0.23355909405090353,-0.04944097704710376,0.03755368621504988,True,True,True,True,True,False,True
438,1480,21,22,0.020409580141185216,0.06746495676998,0.3915266792173607,0.11722086178969174,-0.43388034610558346,-0.18180180452777034,0.052128197705409995,0.5755371163455547,-0.19028531122958342,-0.08877592097164631,-0.149466150947213,0.04615399256831368,True,True,True,True,True,False,True
439,1481,21,22,0.1039683847079329,0.03806250231950111,0.19922206080690663,0.3963363901807053,-0.26345464439233857,-0.5794307675715337,0.521871846354922,0.09603585051109469,-0.15645436189292533,-0.267712001098438,0.05148240752294047,-0.19158699645943583,True,True,True,True,True,False,True
440,1482,21,22,0.12362661023083162,0.14358348700325632,0.33555486145825936,0.33681523062206953,-0.300636474480092,-0.44207967865130143,0.3684244349599742,0.4262974887984419,-0.2245066407742984,-0.2924826559215248,0.02274657968736482,-0.005315681915012161,True,True,True,True,True,False,True
441,1483,21,22,0.3836673495234953,-0.04266510130480803,0.504400468489982,0.16813564931044855,-0.43652399393394914,-0.001682899050448914,0.760640351251211,-0.253754046091858,-0.6038502565708973,0.04238214598023686,0.16348444247609328,-0.0429480566293792,False,True,True,False,False,False,False
442,1484,21,22,0.09992930732282372,0.1467950033253884,0.1821803606070093,0.3705428845528326,-0.2353092812148982,-0.6118454262712207,0.5485185504621237,0.3961619813656363,-0.14279803702873003,-0.37350997247638396,0.057060577616917414,-0.0799199658256072,True,True,True,True,True,False,True
443,1485,21,22,0.21893054901963102,0.028427731373503008,0.3852823742203064,0.23232773018672986,-0.3771696813571599,-0.3401339806616317,0.5682340113862707,0.12236047479418256,-0.36424737933683404,-0.10745028705999697,0.07361371870242801,-0.050594824312990956,True,True,True,True,True,False,True
444,1486,21,22,0.07260135949256571,0.10597112400362123,0.11802957314714212,0.32229858991062693,-0.5226903073451011,-0.2698920017516297,0.6151115992096057,0.32879797591732224,-0.13429427335665653,-0.19295693559632793,0.010908445628474909,0.018985312410914525,True,True,True,True,True,True,True
445,1487,21,22,0.19424025604502726,0.053426933467783405,0.5078078606331143,0.20361501160473652,-0.06735793434292212,-0.5957142007878825,0.38250738340847334,0.2623919181926397,-0.22844514458037235,-0.17472328737431445,0.1600353675096822,-0.06786942043874764,True,True,True,True,True,False,True
446,1488,21,22,0.1523604253717618,0.08349615691713867,0.4105365349347281,0.17234111226047683,-0.5375830582028968,-0.21258316997519422,0.37112513115546675,0.4844819429443066,-0.3730579113259933,-0.12013297687852165,-0.06833706058246967,0.04685933695575569,True,True,True,True,True,False,True
447,1489,21,22,0.03499541611065739,0.2106917920378822,0.07586734797006875,0.617615476719125,-0.43743203866521085,0.009483668611685203,0.4612711139509425,0.3411374876114045,-0.0681822248013275,-0.20483453152723002,0.001808607419987269,0.21654905254853435,True,True,False,True,True,True,True
448,1490,21,22,0.022324165367244308,0.38070322434673737,0.23966802788013064,0.48219571047377396,-0.4727546294407214,-0.11828660770338031,0.09314619711566068,0.7895201389756936,-0.13562833507650396,-0.4377405191878014,-0.09098000434201534,0.3236659295056733,True,True,True,True,True,False,True
449,1491,21,22,0.2237874954270577,0.11316083516619856,0.48373488582434765,0.22382675401410884,-0.7689880101089078,-0.028802971028821192,0.46262426379626204,0.5055733201539683,-0.5957738226973825,-0.11960771067754203,-0.14819883184326713,0.1067139596548551,True,True,True,True,True,False,True
450,1492,21,22,0.13696278242567606,0.1408469680094792,0.3665625170530734,0.26552572012495645,-0.18850715814369204,-0.45222782047792465,0.3736409917925287,0.5304456681002375,-0.2060624407973496,-0.2609250857024197,0.06786312405400254,0.020768850316538738,True,True,True,True,True,True,True
451,1493,21,22,0.1801916143830081,0.09275555139996064,0.29667676600091075,0.3455265990485519,-0.5238016929879082,-0.17396455567572056,0.6073667878072223,0.2684469203105462,-0.33559140668446263,-0.15286493267758483,0.02479182208155356,0.03264617012233647,True,True,True,True,True,True,True
452,1494,21,22,0.11452940968913768,0.2633114146260961,0.3008863912574246,0.4847474522582966,-0.5157107624724669,-0.16556778232759845,0.3806400456016356,0.543192983066554,-0.2696997599420931,-0.3435699752854556,-0.04064094056381778,0.18305285396673648,True,True,True,True,True,False,True
453,1495,21,22,0.12227256438247404,0.16136179635845774,0.4569105328960368,0.210252015731071,-0.03121224837108268,-0.46165039384706796,0.267607235069574,0.7674684867937356,-0.13653376941858889,-0.2584247222278466,0.10801135934635919,0.06429887048906889,True,True,True,True,True,True,True
454,1496,21,22,0.21222140375767912,0.059647943591490137,0.3948744667217194,0.26485021338323367,-0.7362702550796181,0.026053417784040314,0.5374401781901951,0.2252138777973367,-0.5029557280953076,-0.052747690332024526,-0.07851292057994937,0.06654819685095574,True,True,False,True,True,False,True
455,1497,21,22,0.13659309792359292,0.20021364134345104,0.2569734962452575,0.45278665336804225,-0.7711959470694169,-0.1768109784313098,0.5315454703282996,0.44218096945695473,-0.33477001673219353,-0.2802712925460929,-0.06158382088500767,0.12015599014080919,True,True,True,True,True,False,True
456,1498,21,22,0.011315049425019924,0.3040048808066434,0.163312462502973,0.5723419990644408,-0.5135053163105301,0.04701615749965969,0.06928466604202935,0.531159483846327,-0.09517686714006064,-0.27709555923495954,-0.07254676829002081,0.33091420237832725,True,True,False,True,True,False,True
457,1499,21,22,0.09054137146154077,0.0939672735003913,0.3740888801337821,0.17791430522519006,-0.3752628027678178,-0.13859316705608635,0.2420317102961234,0.5281603038128657,-0.2309230131048181,-0.11862498052613361,-0.049840270181736535,0.06930956647464899,True,True,True,True,True,False,True
458,1500,21,22,0.043088969952379326,0.21246197200712635,0.32139814626420926,0.328038430410444,-0.6312617241400598,0.0657595661326186,0.1340672634650404,0.6476740293547083,-0.24597531789854318,-0.19089030714851035,-0.15979737799378452,0.23403363686574233,True,True,False,True,True,False,True
459,1501,21,22,0.3007389174341391,0.060318938606485066,0.5008138541936489,0.11982052347651395,-0.45787538119167115,-0.2699998623254301,0.6005003953382106,0.5034107418025777,-0.5300492518291261,-0.0926704634489048,0.07142858303915214,0.027967413764065335,True,True,True,True,True,True,True
460,1502,21,22,0.045118196113074445,0.22623939699529802,0.24088880025083825,0.3809575992636786,-0.40163077670912756,-0.276928826246459,0.1872988535211796,0.593870282237649,-0.14186655205834847,-0.3317375378090574,-0.0516301598321996,0.12074125618153861,True,True,True,True,True,False,True
461,1503,21,22,0.09443694152098633,0.2198538193739279,0.18647660369413355,0.5684539954782628,-0.6810585076695204,0.1791161492651192,0.5064278287472761,0.38675745288579805,-0.2214384189481935,-0.11803452866948996,-0.032564535906220826,0.3216731100783658,True,True,False,True,True,False,True
462,1504,21,22,0.1464251258737836,0.1273849824466233,0.37381027910873965,0.29327971862110386,-0.35458357884304204,-0.4600958560747383,0.3917097363478044,0.434346374326673,-0.2789721124484769,-0.26232176565495846,0.013878139299090259,-0.0075518007617118394,True,True,True,True,True,False,True
463,1505,21,22,0.0006154160482787132,0.17094013624960508,0.0018898408936035508,0.4660892357292978,-0.4010874405721109,-0.2549617768156192,0.32564437057197826,0.3667540958806571,-0.0013734074953826723,-0.28977507594578084,-0.00014257539882524587,0.052105196553429316,True,True,True,True,True,False,True
464,1506,21,22,0.15853501654002505,0.08943462392053568,0.352007738699125,0.3244669865728239,-0.4417948113798029,-0.2936723047769961,0.4503736682775922,0.2756355118441698,-0.3140502090628359,-0.1847215916914235,0.003019824017214186,-0.005852343850352151,True,True,True,True,True,False,True
465,1507,21,22,0.11782813595693098,0.09324571990537447,0.36421980585058006,0.2517251713313674,-0.4024288660233859,-0.2167967219749764,0.323508315759384,0.3704266816552372,-0.2644006994086377,-0.14781891188860422,-0.02874442749477572,0.03867252792214471,True,True,True,True,True,False,True
466,1508,21,22,0.17101721145360094,0.06052335372924598,0.3221074445634845,0.2978194581719667,-0.3363396742539616,-0.30825161305032145,0.5309321915405,0.20322162326377824,-0.2793547244328593,-0.15232668210852746,0.06267969847434256,-0.03127997465003549,True,True,True,True,True,False,True
467,1509,21,22,0.17085964543277504,0.07908785333816594,0.41059515433523336,0.26467513625064537,-0.5687369387434122,-0.03869193308118585,0.4161267945536334,0.29881104231592925,-0.40438027657227454,-0.08932864599822965,-0.06266098570672447,0.06884706067810221,True,True,True,True,True,False,True
468,1510,21,22,0.06118342997029147,0.16330607070854358,0.269877150623256,0.3681573478424607,-0.45880185985309185,-0.13515333683672487,0.22670844800678408,0.4435768338336259,-0.18500356860809433,-0.21306376475041094,-0.06263670866751139,0.11354837666667622,True,True,True,True,True,False,True
469,1511,21,22,0.05293296576912851,0.1483283274244713,0.3391338340560173,0.3153493817755445,-0.3852314867840257,-0.34789254345930165,0.1560828217463704,0.4703618779568327,-0.1835779968812951,-0.25803602592868385,-0.0777120653430381,0.03862062892025878,True,True,True,True,True,False,True
470,1512,21,22,0.0849923386025328,0.22050186018730614,0.37097144706522894,0.35751482229885995,-0.38871386148413895,-0.2527516384400641,0.22910749405354738,0.6167628485147965,-0.2291940822916168,-0.31086431728995134,-0.059209405086551176,0.1301394030846609,True,True,True,True,True,False,True
471,1513,21,22,0.28023623536475545,0.06794536908859682,0.32481789700495783,0.31323895153583386,-0.3768730832165605,-0.4337570265512787,0.8627487522969773,0.21691226060953028,-0.4026513576929331,-0.2038149653068202,0.1578211130365778,-0.06792422712962656,True,True,True,True,True,False,True
472,1514,21,22,0.09021274278590911,0.14093695747475182,0.27642807399977254,0.3493473101011134,-0.09954553276260934,-0.6321616820681165,0.3263515947587268,0.40342934781424167,-0.11772992268275848,-0.36178094065424354,0.06269556288905975,-0.07990702570473994,True,True,True,True,True,False,True
473,1515,21,22,0.15672676295687668,0.11512505194886719,0.25089230400819457,0.4163151797066953,-0.40427510443916453,-0.46829469269295954,0.6246774430823423,0.2765333995987745,-0.2581562753627722,-0.3100832410930283,0.055297250550981204,-0.07983313719529392,True,True,True,True,True,False,True
474,1516,21,22,0.18864478502377693,0.009324154600777457,0.35776145653656316,0.2460649896601079,-0.08819470109152643,-0.5405351818877743,0.5272920868838689,0.03789305668253337,-0.22019744974508823,-0.14233093854291717,0.1570921203024656,-0.12368262934136226,True,True,True,True,True,False,True
475,1517,21,22,0.23353290137548263,0.10402499056122264,0.3626036831576115,0.316351944891206,-0.06409308497642853,-0.5704770243844973,0.6440444822342685,0.3288267773950213,-0.25677329005286936,-0.2844965067410063,0.21029251269809587,-0.07644652561856104,True,True,True,True,True,False,True
476,1518,21,22,0.145312773672321,0.05706022121492126,0.3801635958647811,0.27554957299267585,-0.1390339640513162,-0.4458284616919222,0.3822374768466961,0.20707787929120808,-0.1981684253934041,-0.17990806346211197,0.09245712195123792,-0.06578762103226944,True,True,True,True,True,False,True
477,1519,21,22,0.10520257373174903,0.05653112733082879,0.3602001380160978,0.27056047714923104,-0.2496136476372757,-0.5509975145572616,0.29206700006052577,0.20894081769248335,-0.19511344406139733,-0.2056092777774819,0.015291703402100716,-0.0925470231158243,True,True,True,True,True,False,True
478,1520,21,22,0.2517455896725278,0.07974093216878957,0.3090442520011822,0.3439630973602995,-0.7170164570750062,-0.13107096533062168,0.8145939878913031,0.23182990495419736,-0.47333540432181087,-0.12482450737791463,0.030155775023244794,0.0346573569596645,True,True,True,True,True,True,True
479,1521,21,22,-0.009320839717966977,0.5172129921063082,0.1898601567568816,0.6572540102589525,-0.39251028794153414,-0.2806159785216731,-0.04909318456901115,0.7869301427351212,-0.06520122507930143,-0.7016489693324179,-0.08384290451523538,0.33277701488019856,False,True,True,False,True,False,False
480,1522,21,22,0.05597193403130809,0.33361058556961937,0.2765792220422005,0.5728025477047687,-0.43186581765424054,-0.20600778255976343,0.20237215803133574,0.5824181245464143,-0.17541704590473675,-0.45161236826686185,-0.06347317784212056,0.21560880287237688,True,True,True,True,True,False,True
481,1523,21,22,0.22537042131198975,0.10869800718875439,0.6783561721186073,0.11840940078451492,-0.20498685904229957,-0.3010300676532805,0.3322302214898766,0.9179846065310842,-0.3644245223465406,-0.14434279711770132,0.08631632027743888,0.07305321725980746,True,True,True,True,True,True,True
482,1524,21,22,0.048684954128724034,0.10730056858064183,0.4136029902474227,0.2732483242050895,-0.4331940130122739,-0.338001910741469,0.11770938623920504,0.3926851844116205,-0.22785529326788145,-0.19965902426886648,-0.13048538501043339,0.014942112892417182,True,True,True,True,True,False,True
483,1525,21,22,0.05956756136331462,0.22022780877614553,0.14562285647087247,0.6689851550962688,-0.36863978986394896,-0.31990117465166557,0.4090536527501048,0.3291968545168303,-0.11324994057212506,-0.43423694571596855,0.005885182154504192,0.006218671836322482,True,True,True,True,True,True,True
484,1526,21,22,0.08608462264998062,0.16675889175757566,0.2492485800444859,0.4391523593915449,0.020609366299504592,-0.6128736993572726,0.3453765820235214,0.379729012474449,-0.08094776736421243,-0.4359038228393463,0.09122147793574883,-0.10238603932419497,True,True,False,True,True,False,True
485,1527,21,22,-0.0036477813556776238,0.1640626248387115,0.32241816686827485,0.34587301832477213,-0.2752711095874666,-0.3722974343654786,-0.011313820778492108,0.4743435195764763,-0.08510462518930935,-0.2928302621772683,-0.09240018790066461,0.035294987500154675,False,True,True,False,True,False,False
486,1528,21,22,0.08213034425819743,0.1569332470538782,0.26950079522714365,0.3772099827383391,-0.3617126944093489,-0.35751062837845937,0.3047499143331856,0.4160368342179819,-0.17961220304526976,-0.29178982501328965,-0.0153515145288749,0.022076669094466764,True,True,True,True,True,False,True
487,1529,21,22,0.08068685176429423,0.12441052771064265,0.44227776837689703,0.2160966874110053,-0.49077001461889774,-0.3150391997779604,0.1824347899294253,0.5757169589278337,-0.29774351861623743,-0.1924894551872738,-0.136369815087649,0.05633160023401149,True,True,True,True,True,False,True
488,1530,21,22,0.059159538465562975,0.1667067280995889,0.21853428857564972,0.4043682347701949,-0.09035975692834769,-0.45063602925393564,0.2707105546280615,0.41226464832068077,-0.07890624366176807,-0.34892962377285275,0.03941283326935788,-0.015516167573674987,True,True,True,True,True,False,True
489,1531,21,22,0.17479807385029394,-0.02072875557660507,0.3453983665530738,0.31888169335239863,-0.2698464241829461,-0.636663536924025,0.5060767240873286,-0.06500453305639456,-0.26800258798327137,-0.1822915911734554,0.08159355971731648,-0.22374910232666553,False,True,True,False,True,False,False
490,1532,21,22,0.17406648895367485,0.03858318134750763,0.5499911908332361,0.2687488301018336,-0.01366548202699896,-0.32489210030225857,0.3164895944787121,0.14356595090251292,-0.1815823836870142,-0.1258975532130672,0.16655059422033552,-0.048731190518051935,True,True,True,True,True,False,True
491,1533,21,22,0.019064836103289445,0.1335429622853562,0.39004385448247947,0.21967724934344451,-0.612600126113201,0.0066877433493530355,0.048878698854479256,0.6079052914422397,-0.2580057505489354,-0.1320738172220554,-0.2198760783423565,0.13501210734865698,True,True,False,True,True,False,True
492,1534,21,22,0.21451248309784934,0.046401599276058886,0.49803190124570057,0.18010777848366427,-0.4140346501233616,-0.29901858728291686,0.4307203666297294,0.2576324002589788,-0.4207149470803856,-0.10025717275690871,0.008310019115313124,-0.007453974204790933,True,True,True,True,True,False,True
493,1535,21,22,0.02517461643978204,0.16994879166958884,0.2953536567341989,0.38648510312138584,-0.40232980845357635,-0.29626486251207956,0.08523549942852995,0.43972921672019,-0.1440041965797156,-0.2844507476088131,-0.09365496370015154,0.05544683573036459,True,True,True,True,True,False,True
494,1536,21,22,0.17642724263894297,0.05685619238776343,0.32880520027590665,0.3314712117666745,-0.250454689900148,-0.38405943741288495,0.5365707187444102,0.1715267883588787,-0.25877804711160124,-0.1841608394974397,0.0940764381662847,-0.07044845472191281,True,True,True,True,True,False,True
495,1537,21,22,0.2179165468308896,0.04836088211111533,0.36260816597765105,0.3699809742493877,-0.6505221079940073,-0.1933846995779982,0.600969771994381,0.13071180811183392,-0.45380117533851205,-0.11990954166590825,-0.017968081676732858,-0.023187777443677598,True,True,True,True,True,True,True
496,1538,21,22,0.1593887451417759,0.11503070990466746,0.4088767063412687,0.23254996001071943,-0.00898111664241358,-0.6164593224537893,0.3898210454883242,0.4946494503777386,-0.1630609145337927,-0.25838830068953134,0.15571657574975906,-0.028326880880196442,True,True,True,True,True,False,True
497,1539,21,22,0.00704370104014181,0.29281448320060455,0.14154794357299705,0.4147441775644619,-0.31729402802662754,-0.5780638639279443,0.04976194540409791,0.7060122818845206,-0.05195601821530383,-0.5325631050251348,-0.03786861613502021,0.05306586137607427,True,True,True,True,True,False,True
498,1540,21,22,0.31619039137420046,0.07562382357265438,0.4971812547747295,0.11056644783746605,-0.15669053685266196,-0.9334257094005337,0.635966035198702,0.6839671984743714,-0.3940939890979329,-0.17882938858123823,0.23828679365046798,-0.027581741435929483,True,True,True,True,True,False,True
499,1541,21,22,0.1024845226880221,0.11719195108987618,0.41746880180981966,0.23545153973664223,-0.534592564924546,-0.06916343075727789,0.24549025518488812,0.4977327870565551,-0.32566024022351053,-0.1334765873551459,-0.12069119484746633,0.10090731482460645,True,True,True,True,True,False,True
500,1542,21,22,0.1387764307262533,0.13909234934888712,0.19854658615569415,0.6571750931501679,-0.18805994389790184,-0.39109075928768255,0.6989615556392851,0.21165188820858707,-0.1761150905798131,-0.3961074555139398,0.10143777087269355,-0.11792275681616554,True,True,True,True,True,False,True
501,1543,21,22,0.15451530098002647,0.12387903760217199,0.4440251306831057,0.3082196553052175,-0.40093919768537,-0.16752186512017647,0.347987738311825,0.4019180330323177,-0.3325423806282525,-0.17551256912559993,-0.023511778668199482,0.07224550607874405,True,True,True,True,True,False,True
502,1544,21,22,0.024042393939083292,0.23203354522346917,0.21263045874239908,0.4376446531020689,-0.2754054882164082,-0.2058302756981003,0.11307126025726423,0.5301870903226905,-0.08260198923871255,-0.32211406482926747,-0.03451720136054597,0.14195302561767084,True,True,True,True,True,False,True
503,1545,21,22,0.22618408172399662,0.07580126113369587,0.3938518620673878,0.4323491885850403,-0.23297988319537935,-0.30168176448614076,0.5742871965533495,0.17532416651867094,-0.3179436425447393,-0.20623312722018206,0.13442452090325396,-0.05463060495279031,True,True,True,True,True,False,True
504,1546,21,22,0.048934736871631364,0.19424965804799044,0.32812799746519616,0.32485829935853694,-0.4119907511442892,-0.0657589885818115,0.14913307382989094,0.5979519637686787,-0.18412043701878894,-0.21561201124621518,-0.08625096327552621,0.17288730484976572,True,True,True,True,True,False,True
505,1547,21,22,0.07437861171220017,0.1218989731340433,0.17565898547020747,0.41457859008120235,-0.38411712484918537,-0.28851093553497187,0.4234261715283282,0.29403103790325325,-0.1418522361649411,-0.24150943001114059,0.006904987259459255,0.002288516256945999,True,True,True,True,True,True,True
506,1548,21,22,0.1313496145245994,0.07316629179280029,0.3173781008548841,0.369244496102899,-0.4866548284007053,-0.3320117817341239,0.4138584677732911,0.19815134027728531,-0.2858031997342747,-0.19575981483944252,-0.023103970685075973,-0.04942723125384196,True,True,True,True,True,True,True
507,1549,21,22,0.27366056105940273,0.06062247775704326,0.5816854202058338,0.18251979218718148,-0.09400287211202366,-0.5616598883393878,0.47046144110431004,0.3321419394060697,-0.32834066122444044,-0.1631365238566239,0.21898046089436496,-0.041891568342537364,True,True,True,True,True,False,True
508,1550,21,22,0.3421512747071001,0.061011829621814756,0.6408103514312634,0.18778969757597247,-0.5015035129538876,-0.16185378185148425,0.5339353116610835,0.32489444527238626,-0.6635199170870939,-0.0914063023672324,0.020782632327106216,0.030617356876397106,True,True,True,True,True,True,True
509,1551,21,22,0.17843584592314204,0.0663468012495949,0.4229436809925966,0.19377258248064394,-0.2852839160247727,-0.350549794852271,0.42189032238139873,0.34239519544114205,-0.29909487549464225,-0.1342737402861794,0.057776816351641856,-0.0015801377869895947,True,True,True,True,True,False,True
510,1552,21,22,0.15884131715754315,0.06271022114510395,0.3603283252067343,0.2883983645102425,-0.4825692097228663,-0.11242773230866791,0.44082384327240925,0.2174430539909556,-0.3327246722933209,-0.09513419526851913,-0.01504203797823459,0.03028624702168877,True,True,True,True,True,False,True
511,1553,21,22,0.07485408119106399,0.1025836783757584,0.3470981635593874,0.2931315255429982,-0.44210660370147586,-0.2513248379749813,0.21565680562368256,0.34995784975953,-0.2283084714333241,-0.1762549115382115,-0.07860030905119615,0.028912445213305278,True,True,True,True,True,False,True
512,1554,21,22,0.23257289376947166,0.02264356735108903,0.3070362333566715,0.3629586769231824,-0.18536973991416483,-0.48804254938556757,0.7574770287756272,0.06238607530487934,-0.2894881204910227,-0.19978284535829155,0.17565766704792063,-0.15449571065611348,True,True,True,True,True,False,True
513,1555,21,22,0.0037536212113511596,0.3655717634294186,0.23971613206206535,0.5452524513103687,-0.21758010291405136,-0.3061796084938595,0.015658609118468933,0.6704633102535614,-0.055911081895573665,-0.5325169455019445,-0.04840383947287135,0.19862658135689276,True,True,True,True,True,False,True
514,1556,21,22,0.21471715920316764,0.05871877396232771,0.4397306105541738,0.3017048534586567,-0.6540291481375529,-0.27354480358493954,0.48829250011175873,0.194623232901933,-0.5023137958339199,-0.14124856884229894,-0.07287947742758466,-0.023811020917643505,True,True,True,True,True,True,True
515,1557,21,22,0.12651811172329175,0.13561936324858392,0.3054445936342263,0.44385772792972705,-0.49443839357641844,-0.24027018903093855,0.4142096941967771,0.30554692351792423,-0.2775416459264005,-0.24226514344110234,-0.024505422479817053,0.02897358305606552,True,True,True,True,True,False,True
516,1558,21,22,0.08057564193913985,0.11972933858383611,0.346925768616712,0.3133812346353168,0.0022894200215143436,-0.4515235617325716,0.232256145919679,0.3820565029146231,-0.0797813831384895,-0.2612283498265251,0.0813699007397902,-0.021769672658852858,True,True,False,True,True,False,True
517,1559,21,22,0.14852855041321925,0.09739965251040897,0.5011529091694398,0.24275249444244015,-0.27175623580248504,-0.4965762095022223,0.29637371687490643,0.4012302849209392,-0.2847199785705709,-0.21794476604784518,0.012337122255867604,-0.023145461027027244,True,True,True,True,True,False,True
518,1560,21,22,0.23643900520523048,-0.018285950503789856,0.3120994661510464,0.35214180040484705,-0.683773390328074,-0.2764972085616666,0.7575758078701788,-0.051927804318507596,-0.4498443152949134,-0.0790802743260299,0.0230336951155475,-0.11565217533360961,False,True,True,False,True,False,False
519,1561,21,22,0.02836149220695635,0.27212325450928343,0.19415452443459966,0.5219589915794643,-0.4017161075980209,-0.19724924922738565,0.14607690595698597,0.5213498740309653,-0.10635649203536857,-0.37507927372581606,-0.049633507621455866,0.1691672352927508,True,True,True,True,True,False,True
520,1562,21,22,0.14912140459403747,0.06069702424998254,0.33873232422834876,0.2699300845056303,0.037103317897448175,-0.5204899748868868,0.44023375960279076,0.2248620207012031,-0.13655331148605154,-0.20119292715553325,0.16168949770202337,-0.07979887865556819,True,True,False,True,True,False,True
521,1563,21,22,0.028661459596972087,0.14503466127357367,0.31439336223728276,0.33110372093971374,-0.34894022753741194,-0.29937078717737964,0.0911643280030205,0.4380339214006631,-0.1383659509523015,-0.2441574428486552,-0.08104303175835734,0.04591187969849212,True,True,True,True,True,False,True
522,1564,21,22,0.03124993358053784,0.25737409678786527,0.30236358720047,0.41560470792597975,-0.37112545979340417,-0.19997051163082671,0.10335217236266889,0.6192761821016336,-0.14346475890509533,-0.34048278286800376,-0.08096489174401963,0.17426541070772683,True,True,True,True,True,False,True
523,1565,21,22,-0.0797101979881217,0.0882682995271253,-0.14449393710099456,0.4105907278767051,-0.1561449475153663,-0.5381521596797083,0.5516508137805669,0.21497879405019366,0.10227219621304515,-0.3092285864784376,-0.05714819976319826,-0.13269198742418697,False,False,True,True,False,True,False
524,1566,21,22,0.06669885095501878,0.2838648831115642,0.2757371029940342,0.3208276039298857,-0.31941661650358943,-0.35999190480845794,0.2418929125996579,0.8847894621112484,-0.15477386343787494,-0.39936022336541727,-0.021376161527837383,0.16836954285771116,True,True,True,True,True,False,True
525,1567,21,22,0.1451275221784938,0.17325689254742163,0.41439226861616,0.26333331595135584,-0.6442082212627732,-0.09341561715451259,0.35021773611544227,0.6579376100646014,-0.4120824284487556,-0.19785633677436182,-0.12182738409176797,0.14865744832048147,True,True,True,True,True,False,True
526,1568,21,22,0.15933605579707738,0.12250376658049696,0.40078298441855703,0.23056071775052073,-0.7844217101327301,-0.06460569855617002,0.39756192750607156,0.5313297415783235,-0.47371892982678115,-0.1373993028103813,-0.15504681823262645,0.10760823035061261,True,True,True,True,True,False,True
527,1569,21,22,0.2757086784948834,-0.012660712598747863,0.4383744114071075,0.18010265401099232,-0.19549557559346362,-0.4924589490611584,0.6289342427855342,-0.07029720171683386,-0.3614089363783617,-0.07603245111863084,0.19000842061140508,-0.10135387631612656,False,True,True,False,True,False,False
528,1570,21,22,0.22544835707232758,0.021036382835358934,0.40362556122710075,0.24645496165621286,-0.519188510705807,-0.1897300763409929,0.5585581755202035,0.08535589096681767,-0.4350061110886216,-0.06779630152500868,0.015890603056033636,-0.02572353585429081,True,True,True,True,True,False,True
529,1571,21,22,0.06971203248422847,0.0945611047792216,0.28809299511861575,0.3615207293833849,-0.08145303565067215,-0.769448168381692,0.24197753387070772,0.2615648207517904,-0.09317808148633401,-0.3727325678352805,0.04624598348212295,-0.18361035827683728,True,True,True,True,True,False,True
530,1572,21,22,0.09463569168259083,0.1208441066878058,0.33422883015017407,0.3161397836399062,-0.21146419232793268,-0.4713132376096529,0.2831464049348154,0.38224897004880376,-0.16531312130300718,-0.26984497165234517,0.023958262062174475,-0.028156758276733557,True,True,True,True,True,False,True
531,1573,21,22,0.05055976687144502,0.2352536966462735,0.2510013915864997,0.4356898620298593,-0.4051322928316988,-0.21289684611321816,0.20143221737486341,0.5399567838237896,-0.15224853614883072,-0.3280106941559337,-0.051129002405940684,0.14249669913661328,True,True,True,True,True,False,True
532,1574,21,22,0.09335886983694659,0.13507537502730557,0.3029669473157744,0.29893633233078937,-0.561996360008869,-0.07348060041878018,0.30814869629867947,0.45185332265947953,-0.26362519143141055,-0.15704139621395996,-0.0769074517575174,0.11310935384065116,True,True,True,True,True,False,True
533,1575,21,22,0.24079440510450162,0.03678269092859899,0.3430256025117004,0.20270907812679187,-0.14816963527149224,-0.5364042110496725,0.701972107450167,0.1814555680905021,-0.2916203835174442,-0.1455166940538072,0.18996842669155908,-0.07195131219660922,True,True,True,True,True,False,True
534,1576,21,22,0.16235913727455967,0.0891844399497065,0.34300158363543226,0.3019529280659654,-0.33821412057165523,-0.273300886618861,0.4733480689906292,0.29535875184566196,-0.2783671162385024,-0.171708442907296,0.04635115831061689,0.006660436992116995,True,True,True,True,True,True,True
535,1577,21,22,0.0508983761276856,0.24338751638906084,0.1466812391851932,0.544271007186274,-0.4249653458746705,-0.24046623570297312,0.346999905444101,0.4471807485159001,-0.1132328196713465,-0.37426631668941,-0.0114360674159753,0.11250871608871171,True,True,True,True,True,False,True
536,1578,21,22,0.052673967861356856,0.1469662269140859,0.1510006032513354,0.39132749839807335,-0.3519803273480928,-0.2923180590628099,0.3488328306456022,0.3755581386835898,-0.10582320962352137,-0.26135832170371553,-0.00047527390080766854,0.03257413212445624,True,True,True,True,True,False,True
537,1579,21,22,0.0002954395188960175,0.20081541241507178,0.34979612112757746,0.31258921314029425,-0.45740294978021107,-0.15868767179611745,0.0008446049028321413,0.6424259186606772,-0.16029321714432596,-0.2504194668768854,-0.15970233810653392,0.15121135795325816,True,True,True,True,True,False,True
538,1580,21,22,0.12642958397127535,0.13051128164694883,0.23188397779267614,0.377202743548018,0.18261188953603302,-0.8253181150310789,0.5452277693990314,0.3459976998558991,-0.08408481263342323,-0.4418235389365505,0.16877435530912746,-0.18080097564265285,True,True,False,True,True,False,True
539,1581,21,22,0.05008831442929773,0.18448196535697778,0.2547166782094015,0.3661475444899486,-0.6679906325563446,0.019484505719727138,0.19664324606227918,0.5038459717488073,-0.22023666942904674,-0.17734776143209935,-0.12006004057045128,0.19161616928185624,True,True,False,True,True,False,True
540,1582,21,22,0.15017815611192126,0.11736401073560249,0.31358775812448153,0.33952887032069307,-0.42797325598865443,-0.2375908628294039,0.4789031211234549,0.3456672495176902,-0.2843853299946382,-0.19803296799058875,0.015970982229204275,0.03669505348061623,True,True,True,True,True,True,True
541,1583,21,22,0.0639315929577389,0.31482944921040956,0.1530819752429605,0.6133318922298789,-0.5716487149288275,-0.16319564440279202,0.4176297885905336,0.5133100906685126,-0.15144070738414386,-0.4149225425956484,-0.02357752146866606,0.2147363558251707,True,True,True,True,True,False,True
542,1584,21,22,0.15849292251920405,0.054216059913724676,0.4389347060053991,0.18321756785635296,-0.24834144089849272,-0.5035599895807366,0.3610854196552289,0.29591081547502796,-0.26749859986894114,-0.14647709647447765,0.04948724516946695,-0.038044976647028314,True,True,True,True,True,False,True
543,1585,21,22,0.05693134996047685,0.14444081140407886,0.23992032388463436,0.287544042848884,-0.1966161702761849,-0.4377884979496187,0.23729273551603022,0.502325869710291,-0.10410356521409554,-0.2703242860172526,0.009759134706858153,0.018557336790905116,True,True,True,True,True,True,True
544,1586,21,22,0.2317248809366087,0.010563251840918492,0.3510044209647142,0.25484940401990125,-0.07067449313009215,-0.608794341019218,0.6601765308246746,0.041448995658995555,-0.25653194047471134,-0.16571412682035472,0.20691782139850606,-0.14458762313851775,True,True,True,True,True,False,True
545,1587,21,22,0.09716314939602337,0.10973322248250893,0.179761946475636,0.442275721508168,-0.16873520820959464,-0.4263095092977999,0.5405101096254115,0.24811043687479994,-0.1274953188627518,-0.29827956829298646,0.06683097992929492,-0.07881312332796861,True,True,True,True,True,False,True
546,1588,21,22,0.3271762642696475,0.0019456753975422433,0.6012692824619235,0.17341913576910967,-0.1483052287848428,-0.3474242416869938,0.5441426558995496,0.01121949656197524,-0.41634764276646136,-0.062195687136138995,0.23800488577283366,-0.05830433634105451,True,True,True,True,True,False,True
547,1589,21,22,0.3475754093765465,0.07334964041477242,0.46712620242248876,0.26246315993467745,-0.31946338630083426,-0.37079219056630897,0.7440717467229222,0.27946642276587647,-0.4968051278322837,-0.17066893042990697,0.1983456909208093,-0.02396964960036213,True,True,True,True,True,False,True
548,1590,21,22,0.10168088572868164,0.189635571177584,0.41106129095580257,0.3083667272793254,-0.6276252254174891,-0.13216747641848,0.24736186054457363,0.614967681016402,-0.3596733211252213,-0.23039162333351812,-0.156311549667858,0.1488795190216499,True,True,True,True,True,False,True
549,1591,21,22,0.050202913592103444,0.1917845180971249,0.16253275029377348,0.49024967783805073,-0.35404511883638706,-0.2553135887220498,0.30887875521310665,0.39119764227663417,-0.1077468404846673,-0.3169519227157864,-0.0073410133004604096,0.06661711347846343,True,True,True,True,True,False,True
550,1592,21,22,0.28182048308613533,0.0537507977084057,0.5678486011747744,0.20688297071484174,-0.5206645081096655,-0.18025247232853314,0.4962951084199213,0.25981257675622516,-0.577479095697561,-0.09104196466242745,-0.013838129525290207,0.016459630754383957,True,True,True,True,True,False,True
551,1593,21,22,0.0951062962541428,0.12383368689572415,0.251520567627503,0.3895257683537412,0.03252961037406494,-0.7779013411641127,0.37812532450623815,0.3179088444368761,-0.08692443018815647,-0.4268463045160809,0.10328816232012912,-0.17917893072463262,True,True,False,True,True,False,True
552,1594,21,22,0.23910770160661549,0.05709750251069794,0.4942957755439434,0.24100247636696542,-0.22447251210824198,-0.283256257159226,0.4837340585067545,0.23691666314564216,-0.35006351606745617,-0.12536296193250937,0.1281518871457748,-0.011167956911113506,True,True,True,True,True,False,True
553,1595,21,22,0.1087141189158621,0.09142550064668238,0.1298946817794394,0.4007738974498569,-0.2807280889837926,-0.31883512686095833,0.8369404923017417,0.22812239327068734,-0.145179204700962,-0.2192062970826682,0.07224903313076222,-0.03635529578930346,True,True,True,True,True,False,True
554,1596,21,22,0.12496402787443596,0.10461552016352521,0.4137382398454677,0.2570901534859292,-0.08258887956296733,-0.4165392061103147,0.30203644681504505,0.40692153606439435,-0.15913420553562738,-0.2117036485953331,0.09079385021324453,-0.002472608268282685,True,True,True,True,True,False,True
555,1597,21,22,0.3316248355578942,0.057010146430884825,0.4225222457592173,0.28469714524152606,-0.07745558633711737,-0.556490301504227,0.7848695279038093,0.2002483951235957,-0.3643515438436499,-0.21544134662373435,0.2988981272721384,-0.1014210537619647,True,True,True,True,True,False,True
556,1598,21,22,0.15713896742945946,0.0736814784479347,0.2885330612890335,0.45348119465855613,0.03274201168915542,-0.5216091278302917,0.5446133858194085,0.16247967791346318,-0.1476918145640261,-0.3102214088812229,0.1665861202948928,-0.16285845198535348,True,True,False,True,True,False,True
557,1599,21,22,0.24648700771349694,-0.053990711021736366,0.38386564617006824,0.24513320837696068,-0.3664825540360984,-0.2545773558408452,0.6421179133187997,-0.22025049718563872,-0.38716707012862084,-0.008414652995653202,0.10580694529837306,-0.11639607503912594,False,True,True,False,True,False,False
558,1600,21,22,0.26901921344938157,0.07674038522510873,0.3795817560430008,0.2844357516218204,-0.4818871204817872,-0.29445583582096363,0.7087253514336601,0.26979866204421826,-0.4519347728563635,-0.16049415220627586,0.0861036540423997,-0.0070133817560584085,True,True,True,True,True,False,True
559,1601,21,22,0.08036412012874708,0.16617763688398896,0.33788067526260757,0.36667111969868543,-0.32036694416458533,-0.3575731702692015,0.2378476367915581,0.45320623293306167,-0.18860991955489526,-0.29728939160080575,-0.027881679297401114,0.03506588216717216,True,True,True,True,True,False,True
560,1602,21,22,0.09273890247277393,0.2429615176214866,0.27283241611620607,0.5368030593632194,-0.6827114336131234,-0.009206521457681357,0.33991159772332236,0.45260829532100433,-0.2790047124156012,-0.24790360650606308,-0.09352690747005334,0.23801942873691012,True,True,True,True,True,False,True
561,1603,21,22,0.2102636126839974,0.002772477985991839,0.3907510054934197,0.22318442637721128,-0.3285879255773023,-0.43637499713439526,0.538101270957672,0.012422363114646645,-0.33865967499632527,-0.10016458140678906,0.08186755037166957,-0.09461962543480537,True,True,True,True,True,False,True
562,1604,21,22,0.10641411156239032,0.1100546885219516,0.2015571929550399,0.45667662234518475,-0.2055987986345103,-0.2812012023509528,0.5279598807774994,0.2409904145230482,-0.1478540282900907,-0.2384727038109896,0.06497419483468993,-0.01836332676708634,True,True,True,True,True,False,True
563,1605,21,22,0.1501520222163453,0.12619823017586052,0.3492475856485505,0.31270056252216005,-0.17382179618357083,-0.45480368810736904,0.4299300221002644,0.40357532189254464,-0.21085886486655184,-0.26841559928418784,0.08944517956613876,-0.01601913893246681,True,True,True,True,True,False,True
564,1606,21,22,0.057601060006064415,0.2978412448291919,0.337464883561043,0.320179924217387,-0.18564090582388787,-0.7385261420782041,0.17068756724622322,0.9302308555328778,-0.12024834667408928,-0.5343024890323504,-0.005046226661960453,0.061380000626033306,True,True,True,True,True,False,True
565,1607,21,22,0.05559943119206296,0.14749174461701936,0.14541447356350407,0.37142821639670925,-0.6184261428460726,-0.11653627865433794,0.3823514250648653,0.39709353814813214,-0.14552754319193298,-0.19077660674311,-0.034328680807807044,0.1042068824909287,True,True,True,True,True,False,True
566,1608,21,22,0.04572115324675139,0.27124470481125756,0.13484038278064103,0.6264034812760629,-0.22249282515484653,-0.27682492702698014,0.33907611580375574,0.4330191528608651,-0.07572217095657713,-0.44464880280495,0.015720135536925646,0.09784060681756511,True,True,True,True,True,True,True
567,1609,21,22,0.07660616681985687,0.05289680074489043,0.30382269516043564,0.2760725883546782,-0.16448804244932977,-0.5788201675965795,0.2521410284356949,0.19160468288482313,-0.12658136719847637,-0.21269318260516676,0.026630966441237355,-0.1068995811153859,True,True,True,True,True,False,True
568,1610,21,22,0.15748513328461056,0.10556738427766328,0.2866681215623044,0.43336771261026324,-0.20752406941045404,-0.5034811114877933,0.549363955874608,0.24359771437934108,-0.2169756684414707,-0.3237598419056012,0.09799459812775042,-0.11262507335027463,True,True,True,True,True,False,True
569,1611,21,22,0.00748581622800521,0.18270169411972226,0.21378142575614723,0.41457394079159093,-0.709471730299204,-0.10860027565778044,0.035016214348500094,0.4406974875721087,-0.1591576942650498,-0.22772453837022139,-0.14418606180903937,0.13767884986922316,True,True,True,True,True,False,True
570,1612,21,22,0.04591400129720109,0.11984988006634327,0.30381807890181156,0.2027648396177664,-0.3449877910455954,-0.5354337714121477,0.1511233349350473,0.5910782179606348,-0.15072752921725346,-0.2284170228526632,-0.05889952662285129,0.011282737280023363,True,True,True,True,True,False,True
571,1613,21,22,0.00790466047268996,0.19207836890585422,0.30204851145978323,0.35683758812096544,-0.027946868526593914,-0.5260582073990259,0.02617016860797355,0.5382795291193959,-0.016345970511109916,-0.3797957108453613,-0.0005366495657299988,0.004361026966347216,True,True,True,True,True,False,True
572,1614,21,22,0.10837577059879064,0.17915660162622538,0.2781807874219994,0.40673774865898676,-0.5490566293913022,-0.07387889014938824,0.38958754701626797,0.4404720295003456,-0.261112776102132,-0.2092059350790121,-0.044361234904550705,0.14910726817343858,True,True,True,True,True,False,True
573,1615,21,22,0.2830781360289391,0.08270281809382361,0.4109076165526633,0.3025067165369587,-0.622337697387333,-0.15762097603864944,0.6889094400435842,0.2733916755323329,-0.5388014359532407,-0.13038422201262612,0.02735483610463745,0.03502141417502113,True,True,True,True,True,True,True
574,1616,21,22,0.17547800951713077,0.06661056249393502,0.21232277717021922,0.37669848902988873,-0.051109759061846095,-0.43213906434949056,0.8264681342993645,0.1768272622103612,-0.18632977550164273,-0.22939669508517793,0.16462624353261884,-0.09617557009730794,True,True,True,True,True,False,True
575,1617,21,22,0.23014864214689476,0.06000332373789256,0.5872075899968082,0.17434868379325102,-0.1594935050797133,-0.5175762903174376,0.3919374443851207,0.34415702162137723,-0.3238044388848969,-0.15024206871733137,0.13649284540889264,-0.03023542124154626,True,True,True,True,True,False,True
576,1618,21,22,0.10415373478100215,0.1389204349776886,0.3199455472057986,0.3712632069460451,-0.4830919202535984,-0.1480711395669471,0.3255358159868602,0.3741831465617804,-0.2587168435572397,-0.1938938011094688,-0.0504093739952354,0.0839470688459084,True,True,True,True,True,False,True
577,1619,21,22,0.10612437283044658,0.1411425628692642,0.27800863349887917,0.3550869561360414,-0.4517295249207627,-0.1568309616932989,0.3817304933836684,0.3974873208668061,-0.2317090807647657,-0.1968311916848258,-0.019460335103872534,0.08545393405370258,True,True,True,True,True,False,True
578,1620,21,22,0.16551613167727827,-0.0057715314668898305,0.2942548265038885,0.3414491966471018,-0.2490061191362261,-0.43193368634284857,0.5624924955142274,-0.01690304596866539,-0.23878738406211505,-0.14171187873969707,0.09224487929244146,-0.15325494167347672,False,True,True,False,True,False,False
579,1621,21,22,0.1477442705321608,0.11498487993464175,0.3689344517291517,0.3212186792633077,-0.4576948891587853,-0.1794242456242537,0.4004621141769251,0.35796448761433,-0.3166036835231921,-0.17261929914187982,-0.021115142458870497,0.05735046072740366,True,True,True,True,True,False,True
580,1622,21,22,0.08694037012183317,0.15538574195002344,0.28187808204730797,0.3644402595743517,-0.0040403706136040544,-0.475581091716313,0.3084325304414476,0.4263682122592777,-0.0880792620411562,-0.32870663846377013,0.08580147820251015,-0.01793515456372324,True,True,True,True,True,False,True
581,1623,21,22,0.175410385459377,0.09803478667504814,0.5029625088815085,0.25129488501953534,-0.6022242760525285,-0.13842803858152516,0.34875439493384075,0.3901185122308679,-0.4783066182521069,-0.13282104471387232,-0.1274858473333529,0.06324852863622396,True,True,True,True,True,False,True
582,1624,21,22,0.23741781502614873,0.12158765296643288,0.38019143850408676,0.2924469695013358,-1.0010135523651351,-0.015193652826164892,0.6244691252393804,0.4157596612259561,-0.6179945974619354,-0.12603099069110021,-0.14315896740963796,0.11714431524176555,True,True,True,True,True,False,True
583,1625,21,22,0.16420492471391157,0.05862894067791563,0.34634482161600516,0.31945242126524986,-0.4703441528507586,-0.0971328328381315,0.47410821373840745,0.18352949226587473,-0.3271061864311386,-0.08965825931240952,0.0013036629966845254,0.027599622043421753,True,True,True,True,True,True,True
584,1626,21,22,0.05793991452308769,0.15323133671384484,0.3659099709470129,0.36019089399969284,-0.06441772471365165,-0.5017830172209353,0.15834472718284553,0.4254170198816173,-0.08151100230153265,-0.3339690102805168,0.03436882674464274,-0.027506336852827128,True,True,True,True,True,False,True
585,1627,21,22,0.10035113052519257,0.08709929854006673,0.34116773674669,0.322721107545319,0.08973826965393707,-0.5614173287935055,0.29414015370304847,0.26989030622310806,-0.0697353281677947,-0.2682805206834413,0.13096693288259045,-0.09408192360330787,True,True,False,True,True,False,True
586,1628,21,22,0.1892878394235765,0.09378349950679578,0.5378215611248708,0.218022668968618,-0.668002449592746,0.01758341297521339,0.35195286523596225,0.43015480890335717,-0.548553959698785,-0.08994991688036233,-0.169978280851632,0.09761708213322921,True,True,False,True,True,False,True
587,1629,21,22,-0.01595580716201138,0.17895717112923643,0.14303855029663892,0.3703472962803005,-0.2561313679018678,-0.4854028564281519,-0.11154899940555608,0.48321446633106013,-0.02068085238816687,-0.35872480661413736,-0.052592466712189624,-0.0008104643556645189,False,True,True,False,True,True,False
588,1630,21,22,0.09243793641941069,0.12719008403778612,0.33452017423535196,0.3508663234641869,-0.2285510975822534,-0.30337397751090495,0.276329930267153,0.3625029691707317,-0.16889288940430705,-0.23363379616174426,0.015982983434514354,0.02074637191382799,True,True,True,True,True,True,True
589,1631,21,22,0.02846156389261389,0.3933015306046826,0.12297479554400571,0.5995823265760294,-0.13639408130617114,-0.4808048711607683,0.23144225421728074,0.6559591788681757,-0.04523459815465278,-0.6815836338843441,0.011688529630575005,0.10501942732502106,True,True,True,True,True,True,True
590,1632,21,22,0.13333169466627634,0.11061462489858614,0.4141813064758085,0.2683980920931073,-0.6452221866246273,-0.1388365922069279,0.32191625402114565,0.4121289538087102,-0.4005706628896424,-0.14787810135963436,-0.1339072735570897,0.07335114843753793,True,True,True,True,True,False,True
591,1633,21,22,0.3039913607291912,0.0780142741959065,0.702800970989672,0.14171843667156372,0.23144153672627174,-0.5206253737209978,0.4325426020699941,0.5504878266241863,-0.14133402399062556,-0.1517964882511949,0.4666486974677568,0.004232060140618067,True,True,False,True,True,True,True
592,1634,21,22,0.18490374484189168,0.08791023577733585,0.294340546252045,0.3715642739190553,-0.31219709809610535,-0.2994953314848876,0.6281966490731381,0.2365949633696133,-0.2767960092338026,-0.1991920011626649,0.09301148044998075,-0.023371529607993193,True,True,True,True,True,False,True
593,1635,21,22,0.17000401744455046,0.07701785113183302,0.40818556278196977,0.21832965400497734,-0.49694988497833775,-0.1726383599396806,0.4164870905425855,0.35275946129643576,-0.3728517859188684,-0.11470992452545022,-0.032843751029767485,0.03932577773821581,True,True,True,True,True,False,True
594,1636,21,22,0.01994566892542487,0.24307065179874843,0.2895103530618917,0.3859689298220842,-0.16876191916587496,-0.5182228623695414,0.06889449276848787,0.629767406176435,-0.06880399172653975,-0.44308857539685753,-0.02891265387569002,0.043052728200639316,True,True,True,True,True,False,True
595,1637,21,22,0.0257403152359209,0.41084450674581763,0.11941930760454061,0.5762133906453666,-0.1905892854961173,-0.6983269933462526,0.21554567475102485,0.7130075652800543,-0.04850035574671134,-0.8132298713610462,0.002980274725130455,0.008459142130589072,True,True,True,True,True,True,True
596,1638,21,22,-0.0025796934145871143,0.18608057307319367,0.28744065795147244,0.3354954381524046,-0.1714633789352238,-0.32953678800125324,-0.008974699101275487,0.5546441230257901,-0.04670585304113625,-0.2966386621510102,-0.051865239870310484,0.07552248399537714,False,True,True,False,True,False,False
597,1639,21,22,0.0007802180322603234,0.2499071823579596,0.026132251010992494,0.4429208247470154,-0.2417908312568142,-0.21263043180847205,0.029856518366218273,0.5642254064272095,-0.0070987567268199206,-0.34408562858088204,-0.005538320662299275,0.15572873613503713,True,True,True,True,True,False,True
598,1640,21,22,0.09063513004612823,0.07143879132526192,0.2609181807370713,0.38015835673994747,-0.24459821369494622,-0.41033911253882677,0.34736992949319145,0.18791850832344217,-0.154455250974951,-0.22743263405415068,0.026815009117305475,-0.08455505140362685,True,True,True,True,True,False,True
599,1641,21,22,0.09745171758900595,0.11822578540530534,0.2520980814931194,0.38025084595407327,-0.10092949497737874,-0.5610107223057421,0.3865627100841929,0.3109152462466439,-0.12289584963887257,-0.3315505871513695,0.07200758553913934,-0.09509901634075878,True,True,True,True,True,False,True
600,1642,21,22,0.040547992842185215,0.19507625551438476,0.16618423867268906,0.5161145651609282,-0.21282346215454148,-0.46204978021771737,0.24399421489090306,0.3779708395820191,-0.07591589787202353,-0.4335468769141544,0.005180087812346888,-0.04339436588538491,True,True,True,True,True,False,True
601,1643,21,22,0.1119914323739521,0.017144805304759394,0.31622692387204704,0.32456284260184054,-0.09433096521632602,-0.5559230671048772,0.35414894785893214,0.05282430104234664,-0.14182142333019193,-0.19757677623225206,0.08216144141771226,-0.1632871656227333,True,True,True,True,True,False,True
602,1644,21,22,0.06384527181971647,0.14080439463308803,0.3127570337617273,0.33545355042383695,-0.7399414031795163,-0.22580555339738265,0.20413696552818933,0.4197433428717189,-0.2952671502356323,-0.21655166922565933,-0.16757660659619936,0.06505712004051672,True,True,True,True,True,False,True
603,1645,21,22,-0.04016498594222048,0.17795937014665314,0.38002605225542657,0.28419144086435594,-0.35869793867137395,-0.20426620744086982,-0.10569008546609963,0.6261953899997742,-0.09614957564322087,-0.23601007795917134,-0.17647954752766185,0.11990866233413491,False,True,True,False,True,False,False
604,1646,21,22,0.10928755619332577,0.13249449852605427,0.3440373480532039,0.31170927267486714,-0.22981786827523717,-0.5232108594132088,0.317661895755646,0.4250579310300293,-0.1883534861299789,-0.29558417496933775,0.030221626256672626,-0.030595177917229193,True,True,True,True,True,False,True
605,1647,21,22,0.008699973822392376,0.2875223999167884,0.18255026176824446,0.4668329393575843,-0.38008239890413725,-0.08263462764489624,0.047657964103263645,0.6158999840766426,-0.07808411523584495,-0.32609896603297484,-0.060684167591060184,0.248945833800602,True,True,True,True,True,False,True
606,1648,21,22,0.05711240901844876,0.14898521149729893,0.15953430157018925,0.436300420329673,-0.33207817643854165,-0.2582425347811774,0.3579945407121201,0.34147391236690583,-0.11009026896327358,-0.2616565379693268,0.004134549073623945,0.036313885025271025,True,True,True,True,True,True,True
607,1649,21,22,0.22334002387753096,0.05348914692840297,0.43564093188143693,0.27233948449117723,-0.042261581195434654,-0.4425691877190898,0.5126699709161275,0.1964061400363553,-0.24175089849229314,-0.17401821136349893,0.2049291492627688,-0.067039917506693,True,True,True,True,True,False,True
608,1650,21,22,0.04290862813092782,0.2401759049816243,0.2516624037331585,0.378218356066835,-0.5428334309118384,0.061865246768222276,0.17050074820243907,0.6350191658576793,-0.17951939418091853,-0.2167773330512782,-0.09370213791906286,0.2635744769119704,True,True,False,True,True,False,True
609,1651,21,22,0.21925142760609154,0.01883942755541045,0.37677335726155436,0.2983202786762976,-0.41817570127394305,0.1995065008818517,0.5819186080450168,0.06315168261106648,-0.3768088905002799,0.04067740738539657,0.06169396471190317,0.07835626249621747,True,True,False,True,False,True,True
610,1652,21,22,0.0939727972806824,0.15166266631074718,0.24791983319874272,0.3967886457463919,-0.3714568302492046,-0.35053413293146823,0.37904509723249913,0.38222531802909154,-0.1860643126765989,-0.29075063020451014,0.0018812818847659019,0.012574702416984189,True,True,True,True,True,True,True
611,1653,21,22,0.19230068702366723,0.11478723251540074,0.5349263541003253,0.21816532592416396,-0.30212061531773743,-0.40412073824700734,0.3594900224108257,0.526147920294638,-0.3539129662741314,-0.20295236508777284,0.030688407773203065,0.026622099943028627,True,True,True,True,True,True,True
612,1654,21,22,0.03863248162295862,0.1707104403430271,0.37099899580748713,0.29960778788690595,-0.01878213609838419,-0.5177567348955623,0.10413096008218084,0.5697797161650077,-0.04560063525457871,-0.3258343903486337,0.03166432799133853,0.015586490337420471,True,True,True,True,True,True,True
613,1655,21,22,0.19014501931750918,0.03927760172028827,0.4477068459935738,0.2431407675277091,-0.4007246014466141,-0.35628109945848846,0.42470875980359357,0.1615426409962783,-0.3695521667432047,-0.12590406169824123,0.010737871891813697,-0.047348858257664675,True,True,True,True,True,False,True
614,1656,21,22,0.19461807134232553,0.03914636922059611,0.37672160410770467,0.25153431244573865,-0.22061041335145756,-0.4364334458810649,0.51660979678427,0.1556303346448641,-0.27772678014295044,-0.14892435595861425,0.11150936254170063,-0.07063161751742204,True,True,True,True,True,False,True
615,1657,21,22,0.34578202679519043,0.04420438240628677,0.6262338344384853,0.13698261497869552,-0.3485835411319345,-0.34100609931613235,0.5521612020615863,0.32270067565261285,-0.5640768343803872,-0.09091628961429533,0.12748721920999365,-0.002507524801721794,True,True,True,True,True,False,True
616,1658,21,22,0.358525649600133,0.036263891442187585,0.6855810713107187,0.15172393306076404,-0.392112543244662,-0.19064452721089706,0.5229514999804337,0.23901233451194695,-0.6273505870721788,-0.06518922892713473,0.08970071212808711,0.007338553957240428,True,True,True,True,True,True,True
617,1659,21,22,0.15537306534957346,0.11442863544335645,0.2133996615238368,0.5771738993621282,-0.09352568294321023,-0.4788651254447759,0.7280848724880393,0.19825677420586563,-0.17533141443344022,-0.3908170871648524,0.13541471626570672,-0.1619598162781395,True,True,True,True,True,False,True
618,1660,21,22,0.20824024967560142,0.09222682308711441,0.35114688596127774,0.25511846826282664,-0.7729235768175455,-0.25448073956125766,0.5930288947473817,0.3615058671177856,-0.479649956761135,-0.15714955956637378,-0.06316945740993211,0.027304086607855042,True,True,True,True,True,False,True
619,1661,21,22,0.09290810373331841,0.1256272233254301,0.37658694398801756,0.3425917080234545,-0.19514981911664125,-0.4123185492787687,0.24671089961173642,0.36669662570125433,-0.16639897773426876,-0.26688413937259636,0.01941722973236807,-0.01562969272173616,True,True,True,True,True,False,True
620,1662,21,22,-0.01754635914475117,0.20875274009325973,0.28965443401307434,0.33656641432404816,-0.4974655585303149,-0.2275006342056667,-0.06057687051999062,0.620242339130937,-0.12654674565234508,-0.28532181280430785,-0.16163946394184744,0.13218366738221157,False,True,True,False,True,False,False
621,1663,21,22,0.033880970721131394,0.22676520302458972,0.2569122228574544,0.3210933077127543,-0.32401511377519365,-0.3125388969040569,0.13187761307849477,0.706228369067881,-0.1171244138405274,-0.3271193512204088,-0.049362472398264606,0.1264110548287706,True,True,True,True,True,False,True
622,1664,21,22,0.1072108477344622,0.09486973446005093,0.2508376322481775,0.4987231476210117,-0.6500268913633002,-0.004370662583665979,0.4274113368618801,0.1902252480411117,-0.2702620540616757,-0.09704948506096621,-0.05584035859275133,0.09268998385913566,True,True,True,True,True,False,True
623,1665,21,22,0.04341734950739249,0.2288446087994959,0.16807728932010654,0.4446148756648586,-0.4842889636468538,-0.07690048846536202,0.2583177637087143,0.5147029965142106,-0.1248153257647993,-0.2630357099170897,-0.03798062675001432,0.19465350768190207,True,True,True,True,True,False,True
624,1666,21,22,0.23724411442412505,0.0027018550103737726,0.5048247628692539,0.15518852738902783,-0.1856363216568615,-0.3480760802550563,0.4699534014054885,0.01741014658642092,-0.3309579264844707,-0.05671926932450103,0.1435303023637794,-0.051315559303753484,True,True,True,True,True,False,True
625,1667,21,22,0.021858826622958398,0.15245933098503558,0.32056614932742944,0.3242768965057837,-0.5627183532570883,-0.18099182377126272,0.06818819350957601,0.47015169020009534,-0.20224728228245537,-0.2111507978905024,-0.15852962903653856,0.09376786407956879,True,True,True,True,True,False,True
626,1668,21,22,-0.014624145895543422,0.15908718914537492,0.374310329671813,0.3394513674832671,-0.15345660349506804,-0.39618143163167485,-0.0390695760610335,0.468659738580128,-0.042816245949012184,-0.2935715178842254,-0.07206453774009904,0.024602860406524398,False,True,True,False,True,False,False
627,1669,21,22,0.0009546050769383683,0.1968901619615936,0.03745308923896031,0.4262007206774405,-0.44489686263228895,-0.06750529947323308,0.0254880197157501,0.46196581190346003,-0.017617366975238954,-0.22566096924663198,-0.015708156821362215,0.1681193546765552,True,True,True,True,True,False,True
628,1670,21,22,0.09119255605090583,0.15662161184227077,0.2550900087696565,0.33886650939609225,-0.40304394143917044,-0.29868761162953417,0.3574916810373852,0.4621926555132064,-0.1940050386071807,-0.2578368401950267,-0.011619926505369069,0.055406383489514884,True,True,True,True,True,False,True
629,1671,21,22,0.13438150531190085,0.08222669271333904,0.2557987085987049,0.4322235902022922,-0.12403056214457138,-0.5106029923110327,0.5253408277471703,0.19024110339478406,-0.16610836293525363,-0.302921351218047,0.10265464768854807,-0.13846796579136889,True,True,True,True,True,False,True
630,1672,21,22,0.1765356644105385,0.07359240209082714,0.3735075672998271,0.26395827945698735,-0.17560827374548962,-0.4059471651841838,0.47264280530313163,0.2788031587500145,-0.24212668353493844,-0.18074551736328573,0.1109446452861386,-0.03356071318163145,True,True,True,True,True,False,True
631,1673,21,22,0.014398577176952001,0.26011388066971974,0.13796154882345263,0.5340763940729311,-0.391570950832858,-0.1666742186705113,0.10436659561844763,0.4870349701960423,-0.06842031202812511,-0.3491306463621896,-0.0396231576742211,0.17109711497724986,True,True,True,True,True,False,True
632,1674,21,22,0.012377403228794331,0.1465775179317001,0.2709896572560574,0.44862985121510024,-0.7067334849767699,-0.05061158491530578,0.045674817829298026,0.32672261449990314,-0.2038948680940282,-0.16928338574201413,-0.17914006163643953,0.12387165012138607,True,True,True,True,True,False,True
633,1675,21,22,0.1590271939238186,0.08187660851452935,0.528775981118784,0.14542352163732417,-0.44190516938780916,-0.11071290189307191,0.30074587273678527,0.5630217697431626,-0.3926960334283198,-0.09797686859850745,-0.07464164558068263,0.06577634843055126,True,True,True,True,True,False,True
634,1676,21,22,0.12607484602250554,0.1591699017840586,0.20633114183268583,0.4432659807373919,0.007155727535418316,-0.6141632242496966,0.6110315917542869,0.3590844068820095,-0.12459839658947912,-0.4314075657139391,0.127551295455532,-0.1130677621458219,True,True,False,True,True,False,True
635,1677,21,22,0.16279388840212844,0.07838404723117132,0.39317764877300737,0.29300662452907333,-0.4573520212499428,-0.2031970976912177,0.4140466501851278,0.26751629713885094,-0.34261448077876344,-0.13792214293977936,-0.017026703974506577,0.01884595152256326,True,True,True,True,True,False,True
636,1678,21,22,0.13031588130963356,0.022632612272878685,0.3940888589876159,0.050933476892032516,-0.6394991853699106,-0.05281535267351873,0.3306763902039887,0.4443563183572706,-0.3823353855955715,-0.0253226818178199,-0.12170362297630438,0.01994254272793747,True,True,True,True,True,False,True
637,1679,21,22,0.3226025715938189,0.029780755716305177,0.4840578451733946,0.23334123074788107,-0.5113368259506959,-0.1493153439304501,0.666454587629417,0.12762749052473493,-0.5701191737213158,-0.06462218183857955,0.07508596946632193,-0.0050606704059692,True,True,True,True,True,False,True
638,1680,21,22,0.19926069267276664,0.0965180909301684,0.5467271308757401,0.19088708306034463,-0.07400600728468476,-0.4995258789196979,0.3644609557853724,0.5056292410296636,-0.23972178470309144,-0.1918711288703044,0.1587996006424418,0.0011650529900323731,True,True,True,True,True,True,True
639,1681,21,22,0.13305900487452907,0.10754096811516611,0.33004943355477057,0.2971187876950957,-0.6062542201073663,-0.22028549135225522,0.40314871454687223,0.36194603831490124,-0.3331528668111545,-0.17299192625256668,-0.06703485706209637,0.042090009977765554,True,True,True,True,True,False,True
640,1682,21,22,0.10969676146004709,0.12379736592020607,0.2989997780926736,0.356542355278329,0.20287406246032885,-0.6033841344459424,0.3668790731545195,0.34721643610494934,-0.04903746180364956,-0.3389293663531383,0.17035606111644463,-0.09133463451272616,True,True,False,True,True,False,True
641,1683,21,22,0.34439497888181725,0.030569920952781802,0.46615276466924566,0.2997065567504734,-0.43251319777325786,-0.3754602188797744,0.7388028238471984,0.10199950673162413,-0.5460122017797576,-0.14309781035001806,0.14277775598387685,-0.08195796844445448,True,True,True,True,True,False,True
642,1684,21,22,0.10690186021753213,0.19081068802934015,0.23011981072941698,0.4555763732857136,-0.5569211894580701,-0.1841165089002907,0.46454870564460493,0.41883359019075755,-0.235060458926825,-0.2746898194161614,-0.021256738491760744,0.10693155664251891,True,True,True,True,True,False,True
643,1685,21,22,0.01502069915417618,0.29318126614590934,0.10804943576095143,0.6038252490672189,-0.36010977093576524,-0.26401995220682073,0.13901691432621616,0.4855399250011685,-0.05393035671579108,-0.4526031795459081,-0.02388895840743872,0.13375935274591058,True,True,True,True,True,False,True
644,1686,21,22,0.042115337878994595,0.21544883535181997,0.16929672823810651,0.48204666533706086,-0.3444074244479676,-0.4795539120871627,0.248766401555981,0.44694601341380913,-0.10042238801894837,-0.4466161995227788,-0.016191712260959182,-0.015718528819138856,True,True,True,True,True,True,True
645,1687,21,22,0.014166146075379273,0.26310890937102227,0.15771366070156875,0.48003389488496456,-0.2968495740556865,-0.09747314500151827,0.0898219343357006,0.5481048571248781,-0.06098337907740302,-0.309899322812788,-0.03265108692664448,0.21631849592925653,True,True,True,True,True,False,True
646,1688,21,22,0.10424057612975272,0.1100882220154881,0.2677143202765632,0.36222025319133533,-0.3159034734164955,-0.3741013661705104,0.3893724326067676,0.3039261914416925,-0.18881245978845518,-0.2455953135889948,0.019668692471050266,-0.025418869558018618,True,True,True,True,True,False,True
647,1689,21,22,-0.0006070339655238345,0.24024458863405743,0.31871041717220433,0.48370969036974604,-0.15647254877047617,-0.5546313160562566,-0.0019046568069842672,0.49667102689304254,-0.049262397329112716,-0.508525130792994,-0.050476465260160384,-0.028035953524879215,False,True,True,False,True,True,False
648,1690,21,22,0.09638313287200484,0.30980603299211584,0.22638862916834443,0.5532657530717464,0.04670326007533911,-0.8775843620198697,0.42574193423969875,0.5599588105211002,-0.08581004584585615,-0.7953434059290271,0.10695621989815353,-0.17573133994479548,True,True,False,True,True,False,True
649,1691,21,22,0.08179409897314431,0.1966303471652066,0.2203117311900863,0.5208966044945125,-0.12370841149242527,-0.5011326716837429,0.37126529091894733,0.37748440951351614,-0.1090485132718161,-0.4576686542465316,0.05453968467447253,-0.06440795991611838,True,True,True,True,True,False,True
650,1692,21,22,0.1744428026241481,0.015441275480728704,0.3510479040613233,0.31665858144375264,-0.3965198213836853,-0.27099427231531076,0.49692022258499313,0.04876316760571197,-0.3136402548396611,-0.10125393733147701,0.03524535040863508,-0.0703713863700196,True,True,True,True,True,False,True
651,1693,21,22,0.07152421432580518,0.17351365648052988,0.3197489592154679,0.35156639433614983,-0.4158946666743668,-0.24717114553053554,0.22368865406566482,0.4935444891090045,-0.20450610113819792,-0.26041072489863604,-0.06145767248658757,0.08661658806242374,True,True,True,True,True,False,True
652,1694,21,22,0.03370304053525808,0.20156657077537474,0.17501808503306449,0.44564629771125125,-0.2694330492095633,-0.4687382978629819,0.19256890240166258,0.4523016836683703,-0.08085869685253527,-0.4104580578134863,-0.013452615782019119,-0.0073249162627368435,True,True,True,True,True,True,True
653,1695,21,22,0.3452565041210049,0.03389076561054075,0.5830328015307079,0.16134797953793795,-0.7271639601763106,0.1521161196230459,0.5921733789497956,0.21004766038964856,-0.7692169449947635,-0.009347137054211026,-0.07870393675275361,0.05843439416687048,True,True,False,True,True,False,True
654,1696,21,22,0.06812589644467032,0.24629264925461128,0.1856421945715079,0.4284860947403017,-0.005865954511209987,-0.6952284669768539,0.36697420326190316,0.5747972974569575,-0.06921486511338798,-0.5441883800218101,0.06703692777595266,-0.05160308151258767,True,True,True,True,True,False,True
655,1697,21,22,0.13563898515189923,0.02466589193995436,0.2822830936388687,0.4455894644650337,-0.3666812603353937,-0.3265234176466891,0.48050693863170324,0.05535564439246283,-0.2391469056987736,-0.1701612867444351,0.032131064605024885,-0.12082950286452637,True,True,True,True,True,False,True
656,1698,21,22,0.12732877806337048,0.07936747976763688,0.22341325905111556,0.3666477615721996,-0.2740312946610684,-0.39105941049300647,0.5699248943601797,0.21646792394778602,-0.18855100268559635,-0.22274853726664165,0.06610655344114463,-0.06401357773136787,True,True,True,True,True,False,True
657,1699,21,22,0.08566018071695758,0.0928684107704123,0.3468543903204212,0.17542122955913408,-0.38675421732946014,-0.2601257854872577,0.24696294210900838,0.5294023477307037,-0.21980757897261916,-0.1384999959006226,-0.048487217538704,0.047236825640202006,True,True,True,True,True,False,True
658,1700,21,22,0.17115547317679555,0.05238014909274799,0.3870077255950071,0.27618505814151967,-0.061768280402658596,-0.46831974157934664,0.4422533759853286,0.18965598445194648,-0.19506027488934313,-0.1817230641496613,0.14725067146424803,-0.07696276596416533,True,True,True,True,True,False,True
659,1701,21,22,0.17676266958948042,0.08049792457461157,0.3420069044847468,0.27523861708309166,-0.04720172329961808,-0.46155555789404856,0.5168394768397545,0.292465953461429,-0.19290598486152838,-0.20753583803638434,0.1606193543174325,-0.04653998888716121,True,True,True,True,True,False,True
660,1702,21,22,0.1504230905653347,0.06341273036819059,0.39943349160961605,0.2006105716142938,-0.6780415620213986,0.1388859274347209,0.37659108143177394,0.31609864753345,-0.42125559913998,-0.0355507450763299,-0.12040941800931058,0.09127471566005127,True,True,False,True,True,False,True
661,1703,21,22,0.15940328326019504,0.09147321229550227,0.3690499980355384,0.2796713809367221,-0.029341204479348258,-0.5189844446186804,0.43192869288362656,0.32707391077744496,-0.17023165471565885,-0.2366183086066864,0.14857491180473126,-0.05367188401568186,True,True,True,True,True,False,True
662,1704,21,22,0.10199493649408349,0.09277539291399665,0.3312159302475974,0.30569329074964036,-0.5401648098773354,-0.18859264862862793,0.3079409146107137,0.3034917537329229,-0.2809061264846217,-0.15042690028447256,-0.07691625349645473,0.035123885543520736,True,True,True,True,True,False,True
663,1705,21,22,0.13987572326038047,0.1040178808349624,0.2815916167418846,0.38320562503724565,-0.5011100174881241,-0.1586345774711929,0.49673255503410385,0.2714414247568845,-0.2809841032504154,-0.16480754324733024,-0.001232656729654464,0.04322821842259457,True,True,True,True,True,False,True
664,1706,21,22,0.03774392952403816,0.11890362439286041,0.4086017293580689,0.20571289595400258,-0.39448076476952676,-0.32050865583925736,0.0923733964203615,0.5780076345794445,-0.19892945220736036,-0.1848363881638788,-0.12344159315928403,0.05297086062184204,True,True,True,True,True,False,True
665,1707,21,22,0.13293942983817428,0.172884387667173,0.20295124122630842,0.48732103166072427,-0.0393180928556451,-0.38650811765608367,0.6550313712540203,0.35476488071529844,-0.1409190855858787,-0.3612379223085803,0.12495977409046984,-0.015469146974234274,True,True,True,True,True,False,True
666,1708,21,22,0.07588841880303497,0.25292598505926756,0.14037400598458946,0.5891615692479146,-0.5351013504924668,-0.12834684909188604,0.5406158944510435,0.42929817262544195,-0.15100273897942643,-0.3285430160782684,0.0007740986266435352,0.17730895404026667,True,True,True,True,True,True,True
667,1709,21,22,0.02784544144632757,0.20976540607133548,0.2902718181398037,0.36106633708472796,-0.5117512590215817,-0.1337182715579024,0.09592884912071059,0.5809608499230208,-0.17639240983785567,-0.25804657258404823,-0.12070152694520056,0.1614842395586227,True,True,True,True,True,False,True
668,1710,21,22,0.19621808254857911,0.05449713683600755,0.3535760108924316,0.27838222465256574,-0.4154605543743304,-0.09738619713855053,0.5549530412239265,0.19576370906591672,-0.34311496804741304,-0.08160772304589058,0.04932119704974518,0.027386550626124523,True,True,True,True,True,True,True
669,1711,21,22,0.08918181718493338,0.17693694735611554,0.2835204999662336,0.40461159185489687,-0.1997738499264492,-0.3585602411862289,0.3145515657441161,0.43730073709694717,-0.14582179899625955,-0.32201457731835137,0.03254183537360719,0.031859317393879705,True,True,True,True,True,True,True
670,1712,21,22,0.0028809448584488206,0.18633895932642208,0.3159810470728497,0.3344912311209418,-0.6386784629827362,-0.19390329164314218,0.009117460952601427,0.5570817468128114,-0.2046912343346121,-0.25119791006653974,-0.19892934461771444,0.12148000858630444,True,True,True,True,True,False,True
671,1713,21,22,0.0921430708183504,0.21992683021591808,0.3231937317949807,0.3379695922927491,-0.16248132738164153,-0.6039313700024725,0.2851016642760935,0.650729637314287,-0.1446560173618251,-0.42403726910845513,0.03963012427487569,0.015816391323381022,True,True,True,True,True,True,True
672,1714,21,22,0.03948538977375446,0.25683265165471636,0.15172233264324217,0.4431662458564802,-0.6136227987863204,0.042439026097916055,0.2602477109721208,0.5795401929999241,-0.1325856721686898,-0.2380251077810977,-0.05361489262118091,0.27564019552833496,True,True,False,True,True,False,True
673,1715,21,22,-0.005013947013496457,0.11173445870125671,0.34360180799149487,0.2568568426159334,-0.8404382726864222,0.027684707098594913,-0.014592318482854335,0.4350067436915756,-0.2837621629868072,-0.10462345224716471,-0.2937900570138001,0.1188454651553487,False,True,False,False,True,False,False
674,1716,21,22,0.004349263604773139,0.033193920630074425,0.008178479625265177,0.3965909593310988,-0.2229516526360584,-0.6143971123965735,0.531793658975108,0.08369812737552113,-0.006172669153276342,-0.2768582608456884,0.0025258580562699355,-0.21047041958553958,True,True,True,True,True,False,True
675,1717,21,22,0.0808168365563761,0.11090074232272225,0.16395600327622373,0.38605281104340566,-0.32737497162075596,-0.3731588704144007,0.49291782515715815,0.28726831964514093,-0.1344919284759824,-0.2549597732119836,0.02714174463676978,-0.03315828856653909,True,True,True,True,True,False,True
676,1718,21,22,0.07332324017442234,0.20713795297785945,0.14569684543811526,0.5306765030192407,-0.11753690278458377,-0.4367343256895202,0.5032589412209778,0.39032810346673524,-0.09044799613270262,-0.43890259768324014,0.056198484216142056,-0.024626691727521296,True,True,True,True,True,False,True
677,1719,21,22,0.21502624318322547,0.037374010289394966,0.41706779811942224,0.2095869258078193,-0.4399983354622697,-0.3401272925121729,0.5155666396513675,0.178322240976353,-0.3985353801306852,-0.1086602439103582,0.03151710623576574,-0.033912223331568264,True,True,True,True,True,False,True
678,1720,21,22,0.008173848347655437,0.16877928402395617,0.28384575862015365,0.3460962614867232,-0.46526658983336766,-0.2301516449812483,0.028796795792865076,0.4876657242668044,-0.14023779649951956,-0.24843390792698578,-0.12389009980420868,0.08912466012092658,True,True,True,True,True,False,True
679,1721,21,22,0.06091069979700672,0.1522431056054744,0.3445192761644369,0.3810777324916308,-0.3200750925550388,-0.2897003482384599,0.17679910533637144,0.39950669541894046,-0.17118273900233383,-0.2626414574142225,-0.04936133940832039,0.0418447537967263,True,True,True,True,True,False,True
680,1722,21,22,0.1538488188785888,0.11681399601803152,0.35718627940847175,0.26711970280128877,-0.5646067899456918,-0.09322747158948191,0.4307243243871921,0.43730954621842266,-0.355518617508051,-0.1417168905219295,-0.04782097975087337,0.09191110151413352,True,True,True,True,True,False,True
681,1723,21,22,0.14712294616897745,0.10372833172421443,0.5758045241811889,0.20117215351910508,-0.5655927857316267,-0.10462247822454873,0.2555084928833976,0.5156197312087901,-0.4727938310374899,-0.12477546097515257,-0.178547938699535,0.08268120247327627,True,True,True,True,True,False,True
682,1724,21,22,0.09869612092808494,0.1837137028834255,0.2681994239198872,0.40271645876848855,-0.28707813539766747,-0.4493873988496234,0.36799527562581963,0.45618622950058724,-0.17569031146173472,-0.36468940476332823,0.021701930394435142,0.002738001003522806,True,True,True,True,True,True,True
683,1725,21,22,0.14227546151283818,0.13317540956397614,0.35296123855278944,0.3251322387738616,-0.487354682718406,-0.1616401577623369,0.40309089489881544,0.4096038278646471,-0.31429277393962846,-0.18572983593300493,-0.02974185091395213,0.08062098319494737,True,True,True,True,True,False,True
684,1726,21,22,0.027430793068803288,0.25384319745604134,0.21411300439161302,0.40957179831857593,-0.4077738457203957,-0.21359421745103296,0.12811362461026574,0.6197770415300794,-0.11474047628831929,-0.3413253652079099,-0.05987889015071273,0.16636102970417282,True,True,True,True,True,False,True
685,1727,21,22,0.13595102040804585,0.03996729677942653,0.3447767098895497,0.2794539968075698,-0.604730470331349,0.024064022309379873,0.39431613710681956,0.14301923477926762,-0.3444480023388483,-0.0332425095658038,-0.07254596152275662,0.04669208399304926,True,True,False,True,True,False,True
686,1728,21,22,0.0550359488984087,0.2770740292242811,0.27566288886634277,0.42890213701191093,-0.42667617834561317,-0.18883634942618643,0.19964946723421048,0.646007574489158,-0.1726547368316113,-0.35806634303870044,-0.0625828390347939,0.1960817154098618,True,True,True,True,True,False,True
687,1729,21,22,0.12049431037108635,0.09347014641112443,0.44798534929114525,0.24819028167096996,-0.09549223036118037,-0.5516440641381682,0.2689693101833498,0.3766067945200182,-0.16327343054403023,-0.23038284207169502,0.07771519019814245,-0.04344254924944617,True,True,True,True,True,False,True
688,1730,21,22,0.06852726502961673,0.4479852905317236,0.14664648849320014,0.49976148809399407,-0.058927323818087574,-1.0291422246081339,0.46729564228736564,0.8963981843424227,-0.07716875014384099,-0.962310940162248,0.05988577991539248,-0.06634035909880089,True,True,True,True,True,False,True
689,1731,21,22,0.2851851450645478,0.013538223556076322,0.4604955658407429,0.08163217874223122,-0.0431261889886404,-0.581809326917153,0.619300523651895,0.16584420218435894,-0.30504456386542655,-0.061032586524874595,0.265325726263669,-0.03395613941272196,True,True,True,True,True,False,True
690,1732,21,22,0.07799663164672647,0.10025201376429628,0.3152473319292874,0.3347874251105366,-0.06401995203745547,-0.49620270637810193,0.247414089659042,0.2994497589961634,-0.09817875071677526,-0.2663744401655007,0.0578145125766777,-0.0658704126369081,True,True,True,True,True,False,True
691,1733,21,22,0.008471666321735963,0.184345687557175,0.3147397697198216,0.3733468506792036,-0.05213164162478681,-0.5445768195417162,0.026916415200015434,0.4937652138267884,-0.02487956720183763,-0.38766172808597166,-0.007936234558365705,-0.018970352971621723,True,True,True,True,True,True,True
692,1734,21,22,0.07900873470998293,0.1903238368706153,0.29596058243360246,0.456553849131787,-0.3404167797879493,-0.30276098653165195,0.2669569510247474,0.4168705120601824,-0.1797586831261958,-0.32855053063857814,-0.021741213706229934,0.052097143102652475,True,True,True,True,True,False,True
693,1735,21,22,0.16523153617374514,0.08697617890331658,0.5379671719098884,0.21239199263013409,-0.594460481178343,-0.03899996750522973,0.3071405557836196,0.40950780595000846,-0.48503176004544984,-0.09525945971426279,-0.1545686876979595,0.07869289809237036,True,True,True,True,True,False,True
694,1736,21,22,0.08413866788943461,0.17742035303264453,0.29091113561056253,0.3460760219757712,-0.4552993575240125,-0.10687261665240977,0.28922463800790876,0.5126629461923997,-0.2165903210295046,-0.21440640306185207,-0.0483129852506354,0.14043430300343698,True,True,True,True,True,False,True
695,1737,21,22,0.08746670604324629,0.08727652573501893,0.2294567235830057,0.3374847641551486,-0.5538074406400457,-0.16949290661057026,0.38119042526816743,0.258608787728551,-0.2145415468684011,-0.14447779934845786,-0.03960813478190852,0.030075252121579993,True,True,True,True,True,False,True
696,1738,21,22,0.22277323925403938,0.0397244823322892,0.3894379940170293,0.28421434868045736,-0.1417595702371133,-0.440411037084028,0.572037763845656,0.1397694469569216,-0.27797980191989696,-0.16489561838881098,0.1675666765881818,-0.08544665372423257,True,True,True,True,True,False,True
697,1739,21,22,0.08675942002935148,0.13517213161289754,0.4108445649212438,0.25396888338778423,-0.6004929015358251,0.19038329146543626,0.21117334251697523,0.532238949157026,-0.3334686648991329,-0.08682069966372963,-0.15994982484042988,0.18352356356206548,True,True,False,True,True,False,True
698,1740,21,22,0.03133098068142214,0.3188788669219191,0.2050372789700182,0.3949173146043391,-0.3693131621016638,-0.251701180880316,0.15280626449399745,0.807457295817476,-0.10705394652656053,-0.4182800213579145,-0.04439198516371625,0.21947771248592368,True,True,True,True,True,False,True
699,1741,21,22,0.34619902907551964,-0.007425875490890539,0.5722342546099018,0.266973841185929,-0.3162099028763103,-0.3604559966672517,0.6049952904541291,-0.027814992876844913,-0.5271451671482146,-0.08880644651786807,0.16525289100282478,-0.10365819749964914,False,True,True,False,True,False,False
700,1742,21,22,0.2743444266054052,0.06761944886214177,0.3814394563660364,0.28688152956790736,-0.09559727008851007,-0.5944566120125292,0.7192345260217108,0.23570513223346318,-0.3108089973380436,-0.2381580709780522,0.23787985587276678,-0.10291917325376865,True,True,True,True,True,False,True
701,1743,21,22,0.16476481161929793,0.052197039369718486,0.3227372446336409,0.3313345742312566,-0.24801553669650397,-0.3680037568222614,0.5105230783212911,0.15753574612858634,-0.24480866255906128,-0.17412940745192537,0.08472096067953458,-0.06973532871248839,True,True,True,True,True,False,True
702,1744,21,22,0.14505265430403952,0.13562772248133229,0.31990626497853325,0.28129548932576665,-0.3677380551384371,-0.38083542084447064,0.45342236205900194,0.48215391866544516,-0.2626943620138468,-0.24275500854036192,0.027410946594232183,0.028500436422302648,True,True,True,True,True,True,True
703,1745,21,22,0.11692049460060121,0.11014056842628699,0.3491246737334002,0.2974790558270875,-0.15298725383324568,-0.4626450627955777,0.334896108459766,0.37024646363778707,-0.170332119680502,-0.24776778488977902,0.06350886952070042,-0.02748664803720508,True,True,True,True,True,False,True
704,1746,21,22,0.19215356376448722,0.11470203036720285,0.399144581576099,0.23305629368461572,-0.530071083887707,-0.230158027122996,0.48141343421406846,0.4921644833261778,-0.4037285647484353,-0.16834180713025154,-0.019421437219460852,0.06106225360415415,True,True,True,True,True,False,True
705,1747,21,22,0.16041134366943113,0.09874493149617673,0.4432806362041207,0.290496228499326,-0.3127378446781439,-0.5496134658761161,0.36187311280514706,0.33991811875246375,-0.2990419744234643,-0.25840557046563145,0.021780712915398008,-0.06091570747327801,True,True,True,True,True,False,True
706,1748,21,22,0.19210236585133666,-0.009966905043235486,0.4726240357472638,0.10230029804555671,-0.48016168198429837,-0.11382273622882474,0.40645915425694434,-0.09742791794015097,-0.41903831780195,-0.0016771947973340709,-0.03483358609927667,-0.021611004883805043,False,True,True,False,True,True,False
707,1749,21,22,0.040662094548703766,0.2584100098015915,0.19967161091595206,0.5151076440991469,-0.14039628959244843,-0.49392032392283575,0.20364484646652997,0.5016621530699965,-0.06869524785825046,-0.512832144230171,0.012628941239157076,0.0039878753730120875,True,True,True,True,True,True,True
708,1750,21,22,0.06701924699965331,0.14377428734843112,0.271743643273992,0.3649159509217067,-0.08389986703470066,-0.4705165428568291,0.24662673316733139,0.3939928824302836,-0.08981850253786637,-0.31547327900942485,0.04421999146144025,-0.027924704312562634,True,True,True,True,True,False,True
709,1751,21,22,0.06088566763485552,0.15426955248112512,0.6039508634793304,0.3266077065111199,-0.5972529849603805,-0.2554961053891469,0.10081228675474735,0.47233898467693614,-0.42159712361728485,-0.23771654948479778,-0.2998257883475738,0.07082255547745246,True,True,True,True,True,False,True
710,1752,21,22,0.041505319513352776,0.16613934092925123,0.1140592057061465,0.43021817031617726,-0.39224909204348146,-0.2868208491331226,0.36389276302943874,0.38617462578847284,-0.08624493939078942,-0.2895348818518355,-0.0032343003640838697,0.0427438000066669,True,True,True,True,True,False,True
711,1753,21,22,0.20641044352881638,0.059431463628622075,0.33612522089199376,0.33120371628391093,-0.1142830695842707,-0.24920432914598567,0.614087937171313,0.17944081152059557,-0.24482386553704447,-0.14196886355581145,0.1679970215205883,-0.02310593629856732,True,True,True,True,True,False,True
712,1754,21,22,0.05115976134791871,0.14649762800986774,0.12155521953568113,0.45914849668954066,-0.3181940708761416,-0.3194699102172408,0.42087671383705044,0.31906372135837363,-0.08983791148822019,-0.2931817570236564,0.012481611207617238,-0.00018650100392090277,True,True,True,True,True,False,True
713,1755,21,22,0.11453457835847092,0.07264063906024974,0.5659596902433496,0.14151496554299836,-0.6421333093145561,-0.013676335494259464,0.20237232497816884,0.5133071176007769,-0.47795614719307405,-0.07457604520647436,-0.24888699047613227,0.07070523291402513,True,True,True,True,True,False,True
714,1756,21,22,0.15078407510749745,0.10523008107000022,0.3707680883137688,0.30741508146018537,-0.48284054816401467,-0.10939659427746314,0.4066802938549929,0.34230617629483157,-0.32980594211064135,-0.1388602440112734,-0.028237791895646482,0.07159991812872704,True,True,True,True,True,False,True
715,1757,21,22,0.13518379988869192,0.07928427837387614,0.33043328916927195,0.363380494427179,-0.5087452465135568,-0.03969933831338125,0.4091107171088956,0.21818528949622695,-0.30329016504339856,-0.09371024355862446,-0.03292256526601473,0.06485831318912781,True,True,True,True,True,False,True
716,1758,21,22,0.03724326485663172,0.2807017450523507,0.18935511371107358,0.4822486909998813,-0.33204285121983296,-0.28300883507972463,0.19668475874097147,0.5820684437117938,-0.10011727670631229,-0.41718238531094914,-0.02563074699304883,0.14422110479375216,True,True,True,True,True,False,True
717,1759,21,22,0.16508318388415055,0.05107213838963253,0.4408878570523819,0.22721498238567464,-0.3714590874674703,-0.31894346232343423,0.37443350104454565,0.22477451906293178,-0.32885498494031684,-0.12354087156347772,0.001311382827984257,-0.02139659478421266,True,True,True,True,True,False,True
718,1760,21,22,0.06981676382867144,0.2110417191562446,0.24903486794915417,0.48968218333782987,-0.31675309044953665,-0.4064764421131128,0.28034935189447463,0.4309769200049652,-0.14869932788125828,-0.41008599080558666,-0.0090658002239154,0.01199744750690251,True,True,True,True,True,False,True
719,1761,21,22,0.053854724951924116,0.2058113388840608,0.19860748441006093,0.39909121881422377,-0.46858963716388574,-0.15296956062175188,0.27116160859643806,0.51569999333878,-0.14692013400966666,-0.26686014727407203,-0.039210684105818426,0.14476253049404955,True,True,True,True,True,False,True
720,1762,21,22,0.09678192030325936,0.14627564926849942,0.1718555931092913,0.5239066702571025,-0.4253934008003197,-0.14835950465806896,0.5631583968390894,0.2792017310959526,-0.16988815550257677,-0.2240021833549014,0.02367568510394194,0.06854911518209743,True,True,True,True,True,True,True
721,1763,21,22,0.011723157101880837,0.24531283204305776,0.04551801726744083,0.5220271582776425,-0.3735718988759975,-0.13995769812344028,0.2575498188552788,0.46992350522994636,-0.028727409245549146,-0.31837455147351745,-0.005281095041787477,0.1722511126125981,True,True,True,True,True,False,True
722,1764,21,22,0.11283118786169484,0.1479355099435647,0.3503287047225557,0.3394904096845412,-0.018226243159792817,-0.5195881492240867,0.3220723461728664,0.43575755227085283,-0.1192163640198234,-0.32433070359088245,0.10644601170356628,-0.028459683703753014,True,True,True,True,True,False,True
723,1765,21,22,0.19383367793990128,0.004025343121098482,0.31991271652699366,0.26358177032292907,-0.03464179796321467,-0.501482887153579,0.6058955081379078,0.01527170530862891,-0.20491602963169256,-0.1362070903036925,0.18275132624811,-0.12815640406149553,True,True,True,True,True,False,True
724,1766,21,22,0.20020971357118886,0.056307719561689715,0.38519572632457827,0.26396665616818643,-0.33186295734377125,-0.4158432125007254,0.5197609939277616,0.2133137585597676,-0.32804190646544534,-0.1660764618557428,0.07237752067693236,-0.05346102273236336,True,True,True,True,True,False,True
725,1767,21,22,0.14017324491323419,0.09312093178830881,0.19962121403210203,0.43420239278144757,-0.21563145262123243,-0.28358786475517217,0.7021961347790033,0.21446434505297743,-0.1832178572689903,-0.21625546122878608,0.09712863255747808,-0.03001359765216849,True,True,True,True,True,False,True
726,1768,21,22,0.2864649738014792,0.03181375612342575,0.34267469805502065,0.31785926930053754,-0.9541702456021343,-0.06190497245079567,0.8359676843006474,0.10008755193275702,-0.6134349746062754,-0.05149082543270557,-0.04050502700331708,0.012136686814145934,True,True,True,True,True,False,True
727,1769,21,22,0.1795488620102257,0.08621127841469017,0.2734577557134928,0.4275707590557736,-0.3706255001576665,-0.44188502055151774,0.6565871995173641,0.2016304356384776,-0.28089927949353194,-0.27514839206727876,0.07819844452691946,-0.10272583523789838,True,True,True,True,True,False,True
728,1770,21,22,0.13534995046957704,0.009874920228697442,0.44270571478920134,0.029047732414124297,-0.4029841460176138,-0.22778821096671265,0.3057334611865701,0.33995494339846705,-0.31375333488102064,-0.016491651227950602,-0.043053433941866545,0.0032581892294442794,True,True,True,True,True,False,True
729,1771,21,22,0.25496993507238913,0.02358958090527152,0.5041582272941837,0.22551115579287312,-0.45940976643105674,-0.20564149332946338,0.5057339566604165,0.10460493993005834,-0.48658514851790563,-0.06996403174497122,0.02335472162687258,-0.022784869934428173,True,True,True,True,True,False,True
730,1772,21,22,0.1401401893326444,0.05928743872858903,0.38061470920928403,0.293150054427812,-0.3562820453760448,-0.32095242516111583,0.36819436018061824,0.20224263251224645,-0.2757463764299366,-0.1533746596333084,0.00453400223535217,-0.034799782176130334,True,True,True,True,True,False,True
731,1773,21,22,0.06154658027328868,0.15917333146870724,0.41727092403191146,0.30440001767461583,-0.4928403910949102,-0.3735778979300754,0.14749788861057045,0.5229084173012545,-0.2671945456657105,-0.272890450201468,-0.14410138511913312,0.04545621273594647,True,True,True,True,True,False,True
732,1774,21,22,0.0449213693180161,0.2186351137146526,0.35230236387331765,0.4513620255642532,-0.1801308888867235,-0.542111260712145,0.12750799859568673,0.4843896945945645,-0.1083819072794107,-0.46332355043087736,-0.018539168643378505,-0.026053323001572103,True,True,True,True,True,True,True
733,1775,21,22,0.1208575181930087,0.11677005150065382,0.39545045409953317,0.228525878948873,-0.41889626804919067,-0.20621812028442763,0.30561987460150797,0.5109708013715953,-0.2865102376136609,-0.16389622869383708,-0.04479520122764351,0.06964387430747059,True,True,True,True,True,False,True
734,1776,21,22,0.09238716485950209,0.11749713330972238,0.1640431917830172,0.5471270000763322,-0.6843982354305728,-0.4215462748334708,0.5631880473388021,0.2147529427232248,-0.2046580358501981,-0.3481364820527123,-0.01988370613119392,-0.11314221543326755,True,True,True,True,True,True,True
735,1777,21,22,0.11103106707976755,0.10346800875316309,0.387609087908795,0.24250191609785043,-0.7420194489556018,0.11461112997647575,0.286451145092587,0.42666882974818787,-0.39864454890003503,-0.07567459012772793,-0.17658241474049993,0.13126142737859822,True,True,False,True,True,False,True
736,1778,21,22,0.04364240838660426,0.18163477437393363,0.3256348510797748,0.38699547675296486,-0.30318438712739915,-0.4508014493906479,0.13402253549302265,0.4693459879632614,-0.14236981113854769,-0.356092896201795,-0.05508499436533915,0.007176652546072291,True,True,True,True,True,False,True
737,1779,21,22,0.1859507757596078,0.03593903697296624,0.5198547997188863,0.11734959187312893,-0.06212056166108645,-0.5158993732089886,0.3576975260402741,0.30625617353506684,-0.2182444479003566,-0.09647961786664408,0.15365710361885898,-0.024601543920711594,True,True,True,True,True,False,True
738,1780,21,22,0.12257160324668023,0.045020959661959056,0.17308704069769787,0.5290946834937803,0.03843387829247756,-0.6170458975930099,0.7081500888374163,0.08509055385828365,-0.1159191969904998,-0.3714966635500682,0.12922400950286067,-0.2814547442261501,True,True,False,True,True,False,True
739,1781,21,22,0.12863782515280714,0.006920586525736805,0.21514056999400108,0.40094420317245105,-0.3667247804271689,-0.20518213206519686,0.5979245344399433,0.017260722242591384,-0.20753520344483314,-0.08918717297184178,0.04974044686078113,-0.07534599992036817,True,True,True,True,True,False,True
740,1782,21,22,0.05838422648616264,0.19005547783031995,0.44293402561706174,0.26562386687333656,-0.2638517498800871,-0.4167593291049247,0.13181246666436658,0.715506027630222,-0.1752531442266557,-0.3007567023827075,-0.058484691254330416,0.07935425327793237,True,True,True,True,True,False,True
741,1783,21,22,0.09056348682555761,0.13302413915152764,0.35980254692931385,0.28425787780070816,-0.6946765265093994,0.008944227878136923,0.2517032955949296,0.4679699299126909,-0.3405098703556485,-0.1304816719163225,-0.1593828967045333,0.13556660638673276,True,True,False,True,True,False,True
742,1784,21,22,0.08870186269928308,0.13495770914481103,0.2925233773535037,0.29823906540956663,-0.4265306080461529,-0.26086874621278,0.30322999652807286,0.45251519602060153,-0.21347203670958723,-0.21275896020987597,-0.03606831131102109,0.05715645807974611,True,True,True,True,True,False,True
743,1785,21,22,0.13221173978007955,0.026209680475135826,0.2282643682068952,0.3741008173427127,0.08657673883936587,-0.587704918161229,0.579204458491064,0.07006047370146537,-0.11244935518749834,-0.24607057071558372,0.15197412437266078,-0.19365120976531205,True,True,False,True,True,False,True
744,1786,21,22,0.08782882214956754,0.12647341058432024,0.32532764153172233,0.30055056075116837,-0.22952572021809525,-0.31602973859040595,0.2699703650635031,0.42080577147560216,-0.16249988337899043,-0.2214563257317119,0.01315776092014466,0.03149049543692858,True,True,True,True,True,True,True
745,1787,21,22,0.1178340712253067,0.12566969478673135,0.3757857472279329,0.3330615753642199,-0.39580453113510733,-0.17994208526835126,0.31356716452003813,0.3773167008211773,-0.26657177271411464,-0.1856014891805312,-0.03090363026350124,0.0657379003929315,True,True,True,True,True,False,True
746,1788,21,22,0.2314191146059494,0.05664178390216666,0.45801296624201265,0.1804711283559939,-0.2204260104794215,-0.4160227630510462,0.50526760520502,0.3138550992513116,-0.33237708550252226,-0.13172188137176727,0.1304611437093766,-0.01843831356743393,True,True,True,True,True,False,True
747,1789,21,22,0.05837222254485685,0.27816026572359465,0.32190210501872146,0.38792914472041234,-0.314017847274702,-0.07446129068722447,0.18133532410874414,0.7170388446170237,-0.1594552285960308,-0.30704597053466764,-0.04271078350631711,0.24927456091252165,True,True,True,True,True,False,True
748,1790,21,22,0.03143941408913132,0.15379230474454872,0.3036516368522326,0.3953157076472904,-0.08529185000662794,-0.3549664702309376,0.10353777247850249,0.3890366655548271,-0.057338423953799,-0.29411612611495264,0.005540404224463642,0.013468483374144781,True,True,True,True,True,True,True
749,1791,21,22,0.19496237038352257,0.10061939250397611,0.46664997281178006,0.30277614991148755,-0.013176612839825115,-0.6083517032904783,0.41779145342875496,0.3323227160837827,-0.2011112364069783,-0.28481377901836274,0.18881350436006683,-0.08357499401041053,True,True,True,True,True,False,True
750,1792,21,22,0.21045755172016334,-0.022341041946455566,0.4125044267685202,0.18723657792193293,-0.6999095225598698,0.10954309587715018,0.5101946501976888,-0.11931985830124772,-0.49917332811355114,0.042851516353467366,-0.07825822467322445,-0.0018305675394437657,False,True,False,False,False,True,False
751,1793,21,22,-0.01683267076573799,0.20306826429282304,0.3055977292045105,0.35605366794000876,-0.2820674803474691,-0.2808562602216743,-0.05508113823212777,0.57033049390475,-0.06936651071088645,-0.30306816590866376,-0.10303185224236244,0.10306836267698233,False,True,True,False,True,False,False
752,1794,21,22,0.10790264989144642,0.16241405018642927,0.31419006219682005,0.3488181692865726,-0.4045045321392265,-0.21744145494665063,0.34343113571762907,0.4656123576320863,-0.2349939540031656,-0.23826158042792867,-0.019188654220272744,0.08656651994492984,True,True,True,True,True,False,True
753,1795,21,22,0.07933231049546734,0.15575758144687243,0.255501148828467,0.3957303963024032,-0.4088130193004395,-0.16775795006294053,0.31049688370962203,0.3935951923385941,-0.18378450658276388,-0.22214450150815865,-0.025119885591829195,0.08937066138558622,True,True,True,True,True,False,True
754,1796,21,22,0.2122683885735358,-0.028092086411018576,0.33552844528250114,0.31815164627816633,-0.15119204752124796,-0.32599835712691205,0.632639025268974,-0.08829778735910454,-0.26299762121741815,-0.07562482759288609,0.16153915592965346,-0.13180900041492324,False,True,True,False,True,False,False
755,1797,21,22,0.056978437469900445,0.3094950336237724,0.1686716347997872,0.8173140052523713,-0.23964228759376785,-0.2225077788770492,0.33780687272957133,0.3786733515329963,-0.09739929388550203,-0.49135375757758243,0.016557581054298862,0.1276363096699623,True,True,True,True,True,True,True
756,1798,21,22,0.21515774024604264,0.049486251217077254,0.4489645525727585,0.1573631102748258,-0.3579947721129107,-0.23958809597826025,0.47923101949384855,0.31447174074439876,-0.3758847029311022,-0.08718857918503976,0.05443077756098303,0.011783923249114737,True,True,True,True,True,True,True
757,1799,21,22,0.13379942020363447,0.04370239112310145,0.1813519243549726,0.5053800850782321,0.09013802408399374,-0.5895511774751657,0.7377888085804905,0.08647430402077753,-0.11745271607844733,-0.34164981535347255,0.1501461243288216,-0.2542450331072697,True,True,False,True,True,False,True
758,1800,21,22,0.07002311158622437,0.2587473997337415,0.28391132917221584,0.4997647842928161,-0.463799872175432,-0.2396041225397905,0.24663725745072165,0.5177383598563827,-0.20170114976545508,-0.37849310235050937,-0.06165492659300633,0.13900169711697366,True,True,True,True,True,False,True
759,1801,21,22,0.013582038384599022,0.2218162075049359,0.36839975042321543,0.34247254007799943,-0.33653510745800846,-0.36721758806096627,0.03686766445687343,0.6476904906139815,-0.13756148798077933,-0.34757814764949146,-0.11039741121158128,0.09605426736038035,True,True,True,True,True,False,True
760,1802,21,22,0.027628019291807738,0.2535939258475185,0.13170059725248254,0.4901317480818658,-0.5312841175498005,0.03221327593859995,0.20977899772802247,0.5173995090910968,-0.0975984548838746,-0.237805176600289,-0.04234241630025914,0.26938267509474795,True,True,False,True,True,False,True
761,1803,21,22,0.1634245125497181,0.06925710631850432,0.28592150889066154,0.33634901360457403,-0.521087367843941,-0.04866098511278208,0.5715712440934719,0.2059084567434643,-0.3124145990275209,-0.08562418066221544,0.0144344260719153,0.05289003197479321,True,True,True,True,True,True,True
762,1804,21,22,0.1674324418558054,0.10612505291862338,0.39696219172432534,0.31111941320784203,0.055204266849070927,-0.6878252365363395,0.42178435464725733,0.34110713897408573,-0.1455184350948637,-0.32012083689935444,0.1893464486167471,-0.10787073106210773,True,True,False,True,True,False,True
763,1805,21,22,0.14807868992328277,0.12265958986439832,0.3975450053730333,0.27785198651602716,-0.1438481208153913,-0.4556499436824241,0.37248283319352554,0.4414565877409087,-0.20526479188573823,-0.24926283187247578,0.09089258796082729,-0.003943652143679122,True,True,True,True,True,False,True
764,1806,21,22,0.26266547152971775,0.00610695510278329,0.5247300025483024,0.04967495084386314,-0.5793112761031691,-0.32411695747818825,0.5005726187831978,0.12293832201220478,-0.566647478915594,-0.022207449033174773,-0.04131653585615846,-0.00999353882760819,True,True,True,True,True,True,True
765,1807,21,22,0.11110101540515518,0.06054556719006881,0.5677031862585676,0.12703153518149543,-0.3037482234400729,-0.3863351257412204,0.19570264549220412,0.47661840112035764,-0.28353984967246393,-0.10962231130751211,-0.061337818862153545,0.01146882307262551,True,True,True,True,True,False,True
766,1808,21,22,0.05092072037927034,0.2874452112140409,0.23508071178193793,0.48854812964013933,-0.5541065695148533,0.02069007886227961,0.2166095210163591,0.5883662095396225,-0.18118048714386992,-0.2773371118837672,-0.07933904638532924,0.29755331054431455,True,True,False,True,True,False,True
767,1809,21,22,0.10371938588294374,0.20974836889856205,0.24322205946782732,0.5043034415007112,-0.6528672824777005,-0.13882229698595985,0.42643905783004615,0.4159169889350562,-0.26251111088633383,-0.2797569310256154,-0.05507233912044636,0.13973980677150866,True,True,True,True,True,False,True
768,1810,21,22,0.2107437738509966,0.06459302058028946,0.39765948247868144,0.16800510700475932,-0.37378374826183997,-0.4327972918210256,0.529960388565095,0.3844705779001089,-0.35938242574374163,-0.1373051759040509,0.06210512195825157,-0.008119134743472001,True,True,True,True,True,False,True
769,1811,21,22,0.13595892411250918,0.19486280904291256,0.29841583500517216,0.4302962632630473,-0.18335712469894722,-0.539378833249963,0.4556022441307538,0.45285731176287175,-0.19067559358369301,-0.42695550547355393,0.08124225464132538,-0.037229887387728845,True,True,True,True,True,False,True
770,1812,21,22,0.022912775531578607,0.1946691309673149,0.32707277081110075,0.33352244579631807,-0.2501821754702814,-0.21191747480893086,0.07005406006362959,0.5836762515414006,-0.10474055287019253,-0.2653483654725691,-0.05891500180703533,0.12398989646206064,True,True,True,True,True,False,True
771,1813,21,22,0.05250654855785085,0.18736654536323105,0.19321530013015045,0.4801444314193453,-0.3124713899672096,-0.14773963701892873,0.2717515047849848,0.39022954990722386,-0.11288080195245054,-0.25830290937778505,-0.007867704836748831,0.11643018134867704,True,True,True,True,True,False,True
772,1814,21,22,0.1058443937449315,0.2060298211521578,0.2894980571686416,0.36211883813220064,-0.3525867016374123,-0.31656141510377933,0.3656134855622671,0.568956374141854,-0.20791755885246185,-0.32066267298702367,0.0037712286374011533,0.09139696931729195,True,True,True,True,True,True,True
773,1815,21,22,0.056202415205164113,0.20789053524283366,0.3101031619387554,0.339771619671127,-0.14333092379190757,-0.6335683751235672,0.18123780116845098,0.6118537370603696,-0.10064978787663743,-0.42315908823097226,0.011755042533690786,-0.007378017745304961,True,True,True,True,True,False,True
774,1816,21,22,0.2881965722553805,0.02785684240855273,0.52903516883129,0.11636434224293227,-0.42210103645846275,-0.1526799182796388,0.5447588161143343,0.23939328725286288,-0.5115028653420458,-0.04562334067286755,0.06489027916871516,0.01009034414423791,True,True,True,True,True,True,True
775,1817,21,22,0.07278123165178095,0.1182895097620906,0.1763538159955614,0.33439335195497527,-0.5049777008755095,-0.019428005598580544,0.4127000668565786,0.35374360486095374,-0.1618359761938422,-0.12478610567599999,-0.016273512890280298,0.11179291384818123,True,True,True,True,True,False,True
776,1818,21,22,0.21996178036641242,-0.011542816746960605,0.3100549276095604,0.3548481325247984,-0.3450711829040956,-0.31814693281562845,0.7094284295439465,-0.03252889247248311,-0.32695280100188717,-0.10135102823115764,0.1129707597309377,-0.12443666172507888,False,True,True,False,True,False,False
777,1819,21,22,0.3418859187176757,0.05104385345733116,0.3150360054723674,0.33311718001769364,-0.22561313848208475,-0.31665169005813787,1.085228077993972,0.15323092448915407,-0.41296218064715573,-0.1565259714973348,0.2708096567881957,-0.05443826458267249,True,True,True,True,True,False,True
778,1820,21,22,0.12117729055689046,0.1160309992515432,0.3077210431236936,0.37974097704124066,-0.2481351809199279,-0.3800017420464013,0.3937894182562654,0.3055530118334898,-0.1975337072652571,-0.26033323205361714,0.04482087384852381,-0.02827123355053074,True,True,True,True,True,False,True
779,1821,21,22,0.2360889217055782,0.05854812955984243,0.37968371248057015,0.2774075157843269,-0.31670050735402283,-0.4322515303814902,0.6218041858133689,0.211054590191281,-0.35633494608223365,-0.17845795279694512,0.1158428973289227,-0.06136169367726027,True,True,True,True,True,False,True
780,1822,21,22,0.17656095318758694,0.06094024882460484,0.5037900441614648,0.20466502443269233,-0.3472595444644944,-0.27465619870450386,0.3504653480825817,0.29775604793014404,-0.3515068544288447,-0.11715276644305253,0.001615051946329162,0.004727731206157156,True,True,True,True,True,True,True
781,1823,21,22,0.15471022693546885,0.15078350809721697,0.3190879920648069,0.3298168725621957,0.007238236716422793,-0.5639231658444135,0.4848512973940026,0.4571734214985703,-0.15240059251553573,-0.33677488302139386,0.15701986135540197,-0.03520786682695993,True,True,False,True,True,False,True
782,1824,21,22,0.06365588969669918,0.18948069373633955,0.21586669701405625,0.4295485288154893,-0.366402051011451,-0.15125664184059046,0.2948851794983188,0.44111591828482355,-0.14274989022771686,-0.25445276171253656,-0.015438110834318508,0.12450862576014254,True,True,True,True,True,False,True
783,1825,21,22,0.2156308254787775,0.06531462574533659,0.377556533781129,0.27058996710206296,-0.20927255434812758,-0.4447087036976676,0.5711219544243923,0.24137859376249812,-0.29464304571397953,-0.18564833924888952,0.1366186052435755,-0.055019087758216345,True,True,True,True,True,False,True
784,1826,21,22,0.06568480733719959,0.14914656982316593,0.407777704590211,0.30079791758793556,-0.5205493522448822,-0.23829458251948174,0.16107993791178057,0.49583644401249644,-0.2779532273215388,-0.2208250840175125,-0.14658361264713968,0.07746805562881935,True,True,True,True,True,False,True
785,1827,21,22,0.282963485459273,0.05304038704820373,0.7143229081342789,0.11937327638162823,-0.5774061954076941,0.01109506527028431,0.39612825269504215,0.44432379386687204,-0.6954179581376467,-0.05171593275522187,-0.12949098721910077,0.05436484134118558,True,True,False,True,True,False,True
786,1828,21,22,0.1767042688607565,0.09824115767301153,0.43243774296628845,0.2466858957717938,-0.3934892359824435,-0.23811164829853826,0.40862360359357397,0.3982439181034219,-0.34686386595053365,-0.15697994292723477,0.006544671770979355,0.0395023724187883,True,True,True,True,True,True,True
787,1829,21,22,0.10463118365327831,0.128159109004652,0.3372109161397521,0.31724433546434183,-0.2821787807780357,-0.41356307959691546,0.31028409415404407,0.40397603574881497,-0.199784948834638,-0.25935965336396216,0.009477418471918608,-0.0030414353546581482,True,True,True,True,True,False,True
788,1830,21,22,0.23367054641249912,0.009115821911053422,0.40259372392163767,0.2715763605241819,-0.23286310626341292,-0.5937054711125572,0.5804127896886481,0.03356633063886179,-0.32741977152704654,-0.1703521929790965,0.1399213212979517,-0.15212054915698967,True,True,True,True,True,False,True
789,1831,21,22,0.1732675896398709,0.0025226426482212075,0.4520860411365382,0.004936880906087973,-0.7590657050026395,-0.13110637038876705,0.38326241881806067,0.5109790364013806,-0.5164305991770296,-0.003169899184860009,-0.16989541989728774,0.0018753861115824058,True,True,True,True,True,False,True
790,1832,21,22,0.11675045562556075,0.08039007122969447,0.39752432022215956,0.23629305061054318,-0.45614853423677365,-0.23822615091347504,0.293693868994767,0.3402134384484837,-0.2980805916183687,-0.13668125516424712,-0.06457968036724718,0.024098887295141813,True,True,True,True,True,False,True
791,1833,21,22,0.3130954785790109,0.04314344339807941,0.7231061920650517,0.2543515603607358,-0.2419447788963927,-0.30923308051428555,0.43298685865885156,0.16962130421724536,-0.48804724633680235,-0.12179735994204499,0.13814371082121948,-0.035510473145886165,True,True,True,True,True,False,True
792,1834,21,22,0.01879764902144722,0.2461001521834529,0.30943187217996465,0.39997158029281893,-0.37461126197902395,-0.18999990683800677,0.060748910217350086,0.6152940966537751,-0.13471431315531582,-0.3220947151769389,-0.09711901511242137,0.17010558918996696,True,True,True,True,True,False,True
793,1835,21,22,0.1854976509930654,0.041664519277899686,0.3589709939689322,0.224930648646762,-0.31855374008250603,-0.4108061263987544,0.5167483003072935,0.18523273519444178,-0.29984920370300344,-0.1340674077568352,0.07114609828312733,-0.05073836920103584,True,True,True,True,True,False,True
794,1836,21,22,0.06875528377453416,0.1969872514450351,0.11761694883297717,0.6830432652403312,0.14708813413312416,-0.5293876660040581,0.5845695238376794,0.2883964478820012,-0.05145522622826042,-0.5585819314104048,0.08605534132080792,-0.1646074285203346,True,True,False,True,True,False,True
795,1837,21,22,0.23514902586844794,0.0705709398044716,0.3848671218973358,0.30328622050756776,0.09539475090835817,-0.5010808630717409,0.6109875655504148,0.23268759024517133,-0.19843472264223488,-0.22254186093416997,0.271863329094661,-0.08139998132522679,True,True,False,True,True,False,True
796,1838,21,22,0.02337491625267498,0.23437878197647288,0.2315492184926033,0.42312903729359636,-0.5366721631137649,-0.01811492373327417,0.10095009780143861,0.5539179808495265,-0.14764093620840216,-0.2420437322163801,-0.1008911037030522,0.22671383173656567,True,True,True,True,True,False,True
797,1839,21,22,0.07555066411478957,0.1806029960270051,0.2374097389260024,0.3636572037413021,-0.16623662313257348,-0.5822866902391808,0.31822900128936055,0.4966297770784218,-0.1150168574126341,-0.39235574557516334,0.03608447081694505,-0.031149753521153144,True,True,True,True,True,False,True
798,1840,21,22,-0.03118169779807784,0.24629302761491323,0.15646667877213682,0.4989772514591796,-0.16491264932086108,-0.36654525898298906,-0.19928650651227728,0.4935957038014628,0.005378363271328623,-0.4291907734776383,-0.05698503232482706,0.06339528175218818,False,True,True,False,False,False,False
799,1841,21,22,0.055492926912019847,0.1714471296877333,0.3386425539638327,0.33791906710723063,-0.3156731240218749,-0.17894176834389985,0.16386873493148335,0.5073615145644581,-0.16239327984852928,-0.2319149651130221,-0.05140742602448958,0.11097929426244448,True,True,True,True,True,False,True
800,1842,21,22,0.2248919288263518,0.05666294744497923,0.329266426394536,0.3356413973082459,-0.31765204235618344,-0.37946507046387024,0.6830089884623711,0.16881990094011315,-0.3294840816498982,-0.1840271339251446,0.1202997760028055,-0.07070123903518616,True,True,True,True,True,False,True
801,1843,21,22,0.08424345532044526,0.18458505097127667,0.27320206871804914,0.34143021125719747,-0.5668226736218984,-0.1133449845681971,0.3083558470685903,0.5406230757717857,-0.2391005823502435,-0.22328445299733998,-0.07061367170935297,0.14588564894521336,True,True,True,True,True,False,True
802,1844,21,22,0.0661517768598061,0.2845056384238652,0.18985720934254804,0.6221382292075648,-0.6238457155475715,0.1500858101464992,0.34842910147516387,0.45730293537217315,-0.18459338347397306,-0.19113151827013947,-0.05228982975436086,0.37787975857759104,True,True,False,True,True,False,True
803,1845,21,22,0.08253562694457461,0.37298902511359444,0.22801244613506755,0.6263498203893663,-0.4049659526360798,-0.46157770138632565,0.3619786039911306,0.5954963392209935,-0.17487290440654507,-0.662098135472656,-0.009801650517395857,0.08387991475453282,True,True,True,True,True,False,True
804,1846,21,22,0.0038846264095021422,0.18832083141925343,0.2274866906222299,0.4153930784101763,-0.5902884448145892,-0.27578657426014735,0.017076279930385248,0.4533557278807079,-0.13816739123291583,-0.30288066548537274,-0.1303981384139115,0.07376099735313414,True,True,True,True,True,False,True
805,1847,21,22,0.04760798429936321,0.2146090614778387,0.33224286901988825,0.38206047709185575,-0.49587845577914197,-0.24281467147740232,0.14329271968968388,0.5617148968440459,-0.21236006513257713,-0.30737895070739724,-0.11714409653385072,0.12183917224828014,True,True,True,True,True,False,True
806,1848,21,22,0.20564969125094942,0.003915499085886673,0.47361217468084854,0.019817965999523988,-0.2923737321731681,-0.3374980974350094,0.43421538179319374,0.1975732063512835,-0.34412145036503955,-0.010604024905757722,0.06717793213685931,-0.0027730267339843772,True,True,True,True,True,False,True
807,1849,21,22,0.06400614510125494,0.19273745700329878,0.29807348731822747,0.3407232502276921,-0.18627260241234536,-0.3100925648126391,0.21473276834219432,0.5656715732621704,-0.11952906929414439,-0.29839320355770244,0.008483220908365483,0.08708171044889511,True,True,True,True,True,True,True
808,1850,21,22,0.11269956688151209,0.16899492738154082,0.40612031012416017,0.262323690359904,-0.11537751281349867,-0.6053829673389692,0.277502907567113,0.6442228955748618,-0.15955671816668443,-0.3278012214549284,0.06584241559633973,0.01018863330815317,True,True,True,True,True,True,True
809,1851,21,22,0.1694985583258398,0.04198715204640762,0.4664826946576497,0.24654713901181016,-0.42958941091191766,-0.06595855155335625,0.3633544400832153,0.17030070685345225,-0.3698945843244235,-0.058249044225250596,-0.030897467672743886,0.025725259867564652,True,True,True,True,True,False,True
810,1852,21,22,0.00429510778570974,0.23627216128670203,0.022590059261603797,0.49622737426875846,-0.3500902614830795,-0.2269457088801825,0.19013264799221274,0.4761368951780887,-0.012203667539522874,-0.34888883450587704,-0.0036134519681033945,0.12365548806752702,True,True,True,True,True,False,True
811,1853,21,22,0.08959233481202283,0.16301070010888827,0.3720392515244632,0.2867147791913265,-0.6045029231167993,-0.152536143510932,0.24081420023535272,0.5685465554606456,-0.314491149872747,-0.20674506681432162,-0.13530648024870132,0.11927633340345489,True,True,True,True,True,False,True
812,1854,21,22,0.12882823179550762,0.09107404847700419,0.23971413121920018,0.4037486065778923,-0.5580622167402658,-0.12427417422485595,0.5374244360992806,0.22557117719596126,-0.2626036312476614,-0.141249573153908,-0.004947167656646196,0.04089852380010038,True,True,True,True,True,False,True
813,1855,21,22,0.28483285543669706,0.060455352753349414,0.5654921219159912,0.20122585983832478,-0.14025752415317957,-0.49595806319114705,0.5036902273220554,0.30043530588922496,-0.36414738038476197,-0.16025494046273817,0.20551833048863213,-0.039344234956039364,True,True,True,True,True,False,True
814,1856,21,22,0.08461831102061879,0.12778365539514974,0.1843585195808999,0.4078792546814387,-0.07327225371771429,-0.5815321703787917,0.4589877984102965,0.3132879496285026,-0.09812667524237267,-0.3649785636225307,0.0711099467988649,-0.10941125283223123,True,True,True,True,True,False,True
815,1857,21,22,0.012351155332869722,0.22917572670010364,0.23103062450832293,0.35900170608368387,-0.4806653161360386,-0.2600782556668163,0.053461117369852276,0.6383694640344757,-0.12339956349926919,-0.32254426419975923,-0.09869725283352974,0.13580718920044807,True,True,True,True,True,False,True
816,1858,21,22,0.2838354571359141,-0.009650888988442718,0.4236646009679605,0.12115922988238187,-0.3305415109322728,-0.442603750478219,0.669953204698778,-0.07965459171217532,-0.42387419446838215,-0.0439746405625522,0.14379671980344602,-0.06327641853943765,False,True,True,False,True,False,False
817,1859,21,22,-0.08442025104131282,0.18026794540576294,0.33074755464945443,0.2586478915727007,-0.5000178976317566,-0.18465940039480647,-0.25524074132849245,0.6969627485058901,-0.08095944588135193,-0.22802970997695873,-0.2497999479639776,0.1325061808345671,False,True,True,False,True,False,False
818,1860,21,22,0.12711430331358664,0.08217974171779757,0.395712127260622,0.22416189016965385,-0.5275028055416301,-0.09737501878929906,0.3212292334671544,0.3666088899214802,-0.33585356063041133,-0.1040075099849124,-0.08162495400323802,0.06035197345068273,True,True,True,True,True,False,True
819,1861,21,22,0.0064062326717051685,0.2775579515160645,0.01582681296325873,0.6410919514927133,0.13518878750157032,-0.6136853144908879,0.40477085857885375,0.4329456185962105,-0.004266625017188086,-0.6709866673854473,0.008545840326222251,-0.11587076435331828,True,True,False,True,True,False,True
820,1862,21,22,0.10947907570212045,0.087455377662274,0.36552250639228095,0.27422185309669683,-0.4328439178717775,-0.22893753766251895,0.2995139116950212,0.3189219847895757,-0.2676932694392672,-0.15023505348348476,-0.048735118035026274,0.02467570184106323,True,True,True,True,True,False,True
821,1863,21,22,0.1618884553864479,0.09218483090355316,0.36075338540729046,0.34205916693244853,-0.25225350845984407,-0.4344242767804934,0.4487510358459308,0.2694996650148489,-0.2528897625442032,-0.24078363711432016,0.07088714822869256,-0.05641397530721386,True,True,True,True,True,False,True
822,1864,21,22,0.06429106520568115,0.2156091297187891,0.2418317531678271,0.3953051177126602,-0.36795159769533786,-0.36130092115445733,0.2658503871535193,0.5454245848532406,-0.15327344515724772,-0.35843323288544443,-0.02469131474588542,0.07278502655213379,True,True,True,True,True,False,True
823,1865,21,22,0.16420526435032393,0.09943159733286615,0.3265133913209101,0.32175080880441737,-0.4303135785285571,-0.2621243116013265,0.502905144827388,0.30903293670757365,-0.30470841020711986,-0.18377030659789406,0.023702118493527966,0.015092888067838222,True,True,True,True,True,True,True
824,1866,21,22,0.1690255715033034,0.07934627044473203,0.3850808091132906,0.24350517594120236,-0.834725562902072,0.07480768109894206,0.4389353286457237,0.325850447071775,-0.4904623666531802,-0.06113021289698077,-0.15241122364657345,0.09756232799248328,True,True,False,True,True,False,True
825,1867,21,22,0.10048481676415784,0.27466199790450485,0.2519575168299454,0.46254009764349446,-0.2314325641839088,-0.6518922441465013,0.398816506958903,0.5938122971474837,-0.15879599094952246,-0.5761883001650644,0.04217364257879322,-0.026864304356054552,True,True,True,True,True,False,True
826,1868,21,22,0.18809881072930465,0.0676865744100602,0.40749884234067746,0.24417232497632727,-0.4034884398149409,-0.2847910785232987,0.4615934849013636,0.27720821520875666,-0.3525198828517392,-0.13722467418560982,0.023677738606870107,-0.0018515253654894327,True,True,True,True,True,False,True
827,1869,21,22,0.19732102170294472,0.1324420129004401,0.3443482116302074,0.3144173399279751,-0.16333485761045083,-0.460074982724867,0.5730275780111966,0.42122998983064724,-0.25356508781797804,-0.2770975651362019,0.1410769555879114,-0.012213539335321677,True,True,True,True,True,False,True
828,1870,21,22,0.17012642744658396,0.1078373571328741,0.32642966994119815,0.3194314743672164,-0.2616642611604187,-0.3771529880158422,0.5211732973820361,0.33759152051780894,-0.2555414058525869,-0.22831189215677566,0.084711449040581,-0.012637177891027472,True,True,True,True,True,False,True
829,1871,21,22,0.21967779727528547,0.04309339519495423,0.340568728777348,0.3377401582554326,-0.09850056997799377,-0.45039635529309596,0.6450322026450737,0.12759334103930495,-0.253224011176535,-0.19521033150931452,0.18613158337403593,-0.10902354111940603,True,True,True,True,True,False,True
830,1872,21,22,0.090505058667237,0.1743022675443618,0.26942241552696156,0.425214278155832,-0.4275972293764692,-0.11130974480833603,0.33592252704816244,0.40991630925545663,-0.20570933707848157,-0.22163276033474827,-0.024699219744007576,0.12697177475397534,True,True,True,True,True,False,True
831,1873,21,22,0.08116020318226079,0.1352791581237267,0.32834007371583407,0.2732341250291813,-0.2792252132799578,-0.4444000491740131,0.24718336164016907,0.4951034506003924,-0.17284103029392162,-0.2567044167227133,-0.010520623929400051,0.013853899524740093,True,True,True,True,True,False,True
832,1874,21,22,0.18805775740612102,0.09307803558988009,0.3782006031098838,0.2814714250509758,-0.3439556620073111,-0.3093223563774755,0.49724340960789537,0.33068378281391525,-0.3181419962203454,-0.1801434400395739,0.05797351859189662,0.006012631140186279,True,True,True,True,True,True,True
833,1875,21,22,-0.007230328446215273,0.21350483361416814,0.3724695424120858,0.217099194217184,-0.38577823894615654,-0.10050667927292972,-0.019411864925631742,0.983443694409017,-0.13646031568659994,-0.2353247526977661,-0.1509209725790305,0.19168491453057016,False,True,True,False,True,False,False
834,1876,21,22,0.017536610570024206,0.17460660953941357,0.19099214994179314,0.47065432171148724,-0.42906705179186355,-0.35231228234898804,0.0918184887461012,0.37098694622514916,-0.09948504926093894,-0.3404239078190025,-0.06441182812089052,0.008789311259824626,True,True,True,True,True,False,True
835,1877,21,22,0.20990973278579617,0.037883023418109,0.5003241921125613,0.08214789152303931,-0.14478462803232406,-0.45631946268441803,0.41954743763134156,0.46115636951539135,-0.28234898483638643,-0.07536870513856014,0.13747048073520593,0.0003973416976578441,True,True,True,True,True,True,True
836,1878,21,22,0.13767794427279698,0.02961869619647569,0.4059053184578087,0.12065135542111954,-0.2357620153735251,-0.3927806046348545,0.3391873375689896,0.2454899581782158,-0.23337500020324248,-0.07700820852879775,0.041980888342351495,-0.017770816135846374,True,True,True,True,True,False,True
837,1879,21,22,0.10419638781769326,0.13725102744886625,0.27033581546735935,0.4509470558500184,-0.15927490849489118,-0.5154856781857456,0.3854331607432684,0.30436173308672165,-0.14725410008914872,-0.3697077763595783,0.06113867554623781,-0.09520572146184579,True,True,True,True,True,False,True
838,1880,21,22,0.15658551296274856,0.11488040574275513,0.277682167421912,0.5094035868030092,-0.17730088460710508,-0.5600044900321558,0.5639019401805214,0.22551942844324802,-0.2058188068862718,-0.4001487015909253,0.1073522190392253,-0.17038789010541508,True,True,True,True,True,False,True
839,1881,21,22,0.048070720996810985,0.21736064421443335,0.26703741439603285,0.3602754881707175,-0.4983332596026545,-0.13279839266680207,0.18001492826589147,0.6033178813192988,-0.18114434614865085,-0.2652046499607521,-0.08500290415502887,0.1695166384681146,True,True,True,True,True,False,True
840,1882,21,22,0.018310577481926018,0.29738477576085337,0.3313987059172819,0.45497530466042646,-0.9177111966680769,0.0916724533920092,0.05525241093275842,0.6536283897492157,-0.32243888046352687,-0.2556760733498552,-0.2858177254996748,0.33909347817185154,True,True,False,True,True,False,True
841,1883,21,22,0.15608921946354787,0.1398768785952392,0.29637789717766294,0.38532540106341606,-0.13083376802213947,-0.44053381814421017,0.526656073040361,0.3630097528198473,-0.19486545650977974,-0.30962574875365495,0.117312982417316,-0.02987199156317658,True,True,True,True,True,False,True
842,1884,21,22,-0.01898055761178817,0.13025251999797133,0.5772873585921794,0.23023152459659413,-0.4236223253681559,-0.2590436043563378,-0.03287887276464138,0.565745808382221,-0.22557125564067132,-0.18989252396592793,-0.2635323708642477,0.07061251603001477,False,True,True,False,True,False,False
843,1885,21,22,0.04779309715869123,0.21023499492338654,0.3367953252109118,0.29628945466054085,-0.33811956190392356,-0.28894310914297955,0.14190546477675037,0.7095594919645487,-0.1616701849702942,-0.29584579115928106,-0.06608399065291173,0.12462419868749201,True,True,True,True,True,False,True
844,1886,21,22,0.23586303075187556,0.04583923196811682,0.40277751434952336,0.21751329985568654,-0.33038495626285774,-0.37463182011096857,0.5855913558948023,0.2107422028838225,-0.3689346622139054,-0.12732663539139552,0.10279139928984572,-0.035648171455161914,True,True,True,True,True,False,True
845,1887,21,22,0.10086573216836839,0.12822472226016443,0.24040972708797154,0.42236608315692314,-0.3406583827958889,-0.3054756116037247,0.41955761686572385,0.30358669261926663,-0.18276332100655776,-0.2572472598331952,0.01896814333017901,-0.0007978153128663155,True,True,True,True,True,False,True
846,1888,21,22,0.23836176245887,0.033289711330154154,0.2785636226065661,0.3070022974364044,0.047978424675524184,-0.5392324477849162,0.8556815862332612,0.10843473032005607,-0.22499671867429974,-0.19883531165237942,0.2517268062434403,-0.13225588899207108,True,True,False,True,True,False,True
847,1889,21,22,0.1809928515949314,0.06855328491894064,0.41008188393873907,0.2095082703406784,-0.37484483088601933,-0.3321499499380888,0.44135783287117697,0.3272103998924106,-0.3347099260293682,-0.13814144642421256,0.027275777160494535,-0.0010348765863312582,True,True,True,True,True,False,True
848,1890,21,22,0.004839892560093926,0.3164282516580958,0.19221562039545884,0.49988338005758975,-0.48692239478084676,-0.2632824952522137,0.025179496599373515,0.6330041451300926,-0.0984339827573369,-0.4480387952947687,-0.08875419763714906,0.1848177080214229,True,True,True,True,True,False,True
849,1891,21,22,0.0784438849482784,0.15084656762284035,0.29990099369824996,0.32129843380280615,-0.39541599109686165,-0.21260232920861305,0.2615659387484589,0.4694905164567998,-0.19702953360240558,-0.21915536302039632,-0.04014176370584876,0.0825377722252844,True,True,True,True,True,False,True
850,1892,21,22,0.017588074588230612,0.16672400261891498,0.25054421420265527,0.3193422590985193,-0.5163472935699275,-0.11603029179453371,0.07019948412779677,0.5220856240247223,-0.14695590151137583,-0.20377737812444177,-0.11177975233491462,0.1296706271133882,True,True,True,True,True,False,True
851,1893,21,22,0.21872859039024786,-0.00784169571425812,0.3126891412205854,0.33782354720396596,-0.1163632499096772,-0.6662224175753153,0.6995081106316595,-0.023212401205187694,-0.25511411507414117,-0.2172239246178367,0.18234306570635453,-0.23290731604635298,False,True,True,False,True,False,False
852,1894,21,22,0.04783333583473378,0.15954432601255053,0.39087120427996636,0.295909560881226,-0.6246144525918087,0.03254265668435935,0.12237620809864663,0.539165836809813,-0.291977139129966,-0.14991464276317326,-0.19631046746049846,0.16917400926192777,True,True,False,True,True,False,True
853,1895,21,22,0.02184356351874858,0.25296423289828035,0.3106515386095166,0.3862885125833631,-0.7087049072802085,-0.109431288919879,0.07031532377570338,0.6548582850847509,-0.24200383338546017,-0.2952362827252207,-0.198316706347963,0.21069218307134005,True,True,True,True,True,False,True
854,1896,21,22,0.16918249160394122,0.09313535671531951,0.3387482707064951,0.2212287724466689,-0.6253433821463033,-0.03104099274933754,0.49943425910660255,0.42099115628267314,-0.38101648090375234,-0.1000025174367814,-0.042651497695869935,0.08626819599385763,True,True,True,True,True,False,True
855,1897,21,22,0.17061160535598124,0.1416110692171988,0.19723933053704876,0.4990102042951045,-0.4981480205434003,-0.214497396584401,0.8649978931252464,0.283783914634044,-0.26886598743631757,-0.24864745890754877,0.07235722327564498,0.0345746795268488,True,True,True,True,True,True,True
856,1898,21,22,0.2969710069004425,0.04409244688444399,0.6191922479957281,0.13038497715459726,-0.057448446195854264,-0.5846535078332734,0.4796103437368798,0.3381712206933445,-0.3325426394443151,-0.1203224811466405,0.26139937435656985,-0.03213758737775252,True,True,True,True,True,False,True
857,1899,21,22,0.12384193489850528,0.2927250865448461,0.2278103162177965,0.5387060057707409,-0.040460743131434954,-0.7903535085655016,0.543618642713735,0.5433856006970565,-0.13305930958568454,-0.7184932682910584,0.11462456021132604,-0.13304309520136634,True,True,True,True,True,False,True
858,1900,21,22,0.18033960209213448,0.03404443554914521,0.2988841267524819,0.36866652354137364,-0.19252623612825046,-0.49094662537720046,0.6033763119226504,0.09234479773785204,-0.23788263805426876,-0.21504002117132684,0.12279656613000021,-0.1469511500730364,True,True,True,True,True,False,True
859,1901,21,22,0.19919956317697574,0.0540348584740429,0.4209545101376588,0.1390493347229415,-0.310760254907976,-0.3706001051885383,0.4732092384800304,0.388602064020719,-0.33001549405201674,-0.10556655654876129,0.06838363230193474,0.002503160399324507,True,True,True,True,True,True,True
860,1902,21,22,0.17476483687710834,0.13676914542658825,0.3466158997412618,0.2773836009117089,-0.3192906377409855,-0.4890816360803516,0.5042031741981974,0.4930686059920385,-0.28543604855666127,-0.2724323707823461,0.06409362519755538,0.00110592007083035,True,True,True,True,True,True,True
861,1903,21,22,0.05611556185367772,0.04644554799302852,0.08398458821171129,0.4996216267528149,-0.09238817482019625,-0.5538356451875912,0.6681649937036025,0.09296144423309202,-0.0638747446715835,-0.32315381399534765,0.048356379035771946,-0.2302627180092906,True,True,True,True,True,False,True
862,1904,21,22,0.06297532422720954,0.23411817775594695,0.08758764361403916,0.6209138002767935,-0.2680322316599511,-0.35980888763217955,0.7189978132613607,0.3770542346644265,-0.08645163581091693,-0.4575284815490093,0.03949901264350216,0.010707873962884577,True,True,True,True,True,True,True
863,1905,21,22,0.09832492319984205,0.06350927782398394,0.2716265803374096,0.48093225930806194,-0.49920004103857013,-0.2768293635999536,0.3619856461680025,0.13205451827115422,-0.2339209232514434,-0.1966454491029226,-0.03727107685175928,-0.0696268934549547,True,True,True,True,True,True,True
864,1906,21,22,0.01924853116978466,0.3231961054024744,0.14207972890736179,0.5272593457597332,-0.5788443503988221,0.04141793578042077,0.13547696999291858,0.6129736874303819,-0.10149057955400724,-0.30135811168017107,-0.06299351721443792,0.34503409912477767,True,True,False,True,True,False,True
865,1907,21,22,0.24871097697110264,0.06006307014999242,0.3502682286043013,0.3239769028755247,0.03786019917805745,-0.573519679838887,0.7100586255342957,0.18539306233527786,-0.23544975207039842,-0.24587019976235752,0.26197220187180686,-0.1257440594623727,True,True,False,True,True,False,True
866,1908,21,22,0.3201139602023976,0.0552687812351782,0.41961030360874035,0.29684895670949546,-0.14563080624534494,-0.37312826780678043,0.7628839364747423,0.18618485928945253,-0.38122214702579243,-0.1660315182524422,0.25900577337900277,-0.055493955782085796,True,True,True,True,True,False,True
867,1909,21,22,0.0861739015930015,0.20684563598620653,0.2318407436143131,0.4827058530988433,-0.40150825818488833,-0.22831941991651275,0.37169438058894066,0.42851279854659424,-0.17925987473787364,-0.31705675635603986,-0.006912071551870617,0.09663451561637323,True,True,True,True,True,False,True
868,1910,21,22,0.2608546537054979,0.017346222034126727,0.5211127890109264,0.13114649917241536,-0.27987681611546017,-0.37679072160585436,0.500572350566565,0.13226599370618378,-0.4067020419309235,-0.06676100609338269,0.11500726548007224,-0.03206856202512924,True,True,True,True,True,False,True
869,1911,21,22,0.07025963461926456,0.13224261584815408,0.27419411146257244,0.37330735406669946,-0.3325945342238097,-0.2560335828168174,0.25624049416850814,0.35424594347671506,-0.1614550974080702,-0.22782183520171734,-0.020935828169541076,0.036663396494590814,True,True,True,True,True,False,True
870,1912,21,22,0.26235956797336046,0.024642061769635664,0.5264538978811879,0.22381049714816764,-0.3663611551668285,-0.16542011347444985,0.49835240850010903,0.11010235035277215,-0.455231826143192,-0.0616648196046586,0.06948730980352888,-0.01238069606538726,True,True,True,True,True,False,True
871,1913,21,22,0.30691900048995974,-0.030437005740593076,0.40460968883289583,0.2167946898862307,-0.14680590341075972,-0.4318154552583773,0.7585557364562211,-0.14039553162748486,-0.3663180913878194,-0.06317829197022835,0.2475199095921001,-0.1240523034514145,False,True,True,False,True,False,False
872,1914,21,22,0.19277673366998854,0.09381159644123677,0.3097699620544615,0.33817544813542816,-0.10975863150670255,-0.4112914992627481,0.6223222303139125,0.2774051071965115,-0.2267766607869694,-0.23290028351870876,0.1587768065530077,-0.045277090636235195,True,True,True,True,True,False,True
873,1915,21,22,-0.0016736539506326954,0.1742334148661004,0.2742260251637925,0.3520373183619913,-0.3745972664470277,-0.2854680759940389,-0.006103191517409911,0.49492882083296763,-0.10105066546435781,-0.274728830816999,-0.10439797336562319,0.07373799891520179,False,True,True,False,True,False,False
874,1916,21,22,0.06291603537365986,0.13092109169281962,0.24767059273866743,0.3644313177977242,-0.20952749532599377,-0.38945190307246375,0.2540311091355382,0.359247642282727,-0.11480983433609711,-0.27284956194834914,0.011022236411222621,-0.011007378562709896,True,True,True,True,True,False,True
875,1917,21,22,0.2996909300972185,-0.0024812772475299658,0.45370191774961155,0.16964945280987576,-0.35247609787799616,-0.2635170928794663,0.66054587466525,-0.01462590775527408,-0.4596100116653651,-0.04222425336552069,0.13977184852907185,-0.047186807860580625,False,True,True,False,True,False,False
876,1918,21,22,0.07022610027342935,0.22912978047253982,0.18110379618429512,0.49218483950345243,-0.32686912217579134,-0.5561648803931031,0.3877671354937572,0.46553603866324,-0.12942333915489332,-0.5028657028662761,0.011028861391965376,-0.04460614192119645,True,True,True,True,True,False,True
877,1919,21,22,0.1165010706707489,0.10035358486241558,0.2875662738918722,0.3875076230698213,-0.3915596688659257,-0.1368086692884447,0.4051277261900137,0.25897189858464753,-0.22910042565285849,-0.15336798711372604,0.003901715688639313,0.04733918261110511,True,True,True,True,True,True,True
878,1920,21,22,0.23358125700265964,0.06942250449012714,0.3829516285620971,0.2740632224167674,-0.7268515387660861,0.029351706182484838,0.6099497680156322,0.25330835665559126,-0.5119302374959985,-0.0613782813103252,-0.04476772349067926,0.0774667276699291,True,True,False,True,True,False,True
879,1921,21,22,0.04779123826682595,0.24482527433202395,0.15801740967281888,0.4992712856026555,-0.22614790191070228,-0.48231823798736206,0.30244286604735227,0.4903652210571306,-0.08352654392969786,-0.48563292108158174,0.012055932603954047,0.004017627582466138,True,True,True,True,True,True,True
880,1922,21,22,0.09088450265524278,0.09326168047314776,0.23726719704676147,0.3709735157935906,-0.37778887143502393,-0.32718680728675686,0.3830470616523149,0.2513971388864279,-0.18052140925609025,-0.21463932069359593,0.0012475960543953276,-0.028115959747300433,True,True,True,True,True,False,True
881,1923,21,22,0.01300248683729138,0.20680433666335407,0.31501352341140315,0.3488347016433913,-0.45123250599988235,-0.05993923933791949,0.041275963953808795,0.5928433601619347,-0.15514682843007144,-0.22771322333452904,-0.12914185475548867,0.18589544999217913,True,True,True,True,True,False,True
882,1924,21,22,0.13497171111155212,0.23888831228946045,0.20604280131528818,0.756198628223488,-0.38899405180342744,-0.18388798205009174,0.6550663757721747,0.3159068310539953,-0.21512113524011464,-0.3779441520625252,0.05482228698298959,0.09983247251639568,True,True,True,True,True,True,True
883,1925,21,22,0.1473936927072817,0.12204370162522427,0.3621197150067931,0.2742801461752938,-0.380752311821346,-0.2682970493027655,0.4070302902577859,0.44496002837633586,-0.2852716113522051,-0.1956322555263868,0.009515774062358278,0.048455147724061745,True,True,True,True,True,True,True
884,1926,21,22,0.06868744217570047,0.10822028837017059,0.31372676123989246,0.30843627837738613,-0.5723428247377356,-0.2399519072753742,0.2189403349087531,0.3508675728403065,-0.24824670289956166,-0.18223016163974265,-0.11087181854816071,0.034210415100598524,True,True,True,True,True,False,True
885,1927,21,22,0.10763099487359892,0.11788557066228869,0.3021905940746281,0.3401902035946414,-0.3922108843791994,-0.22615087431321407,0.3561692421406693,0.34652841092025377,-0.22615343502668445,-0.19481988263800717,-0.01089144527948661,0.040951258686570235,True,True,True,True,True,False,True
886,1928,21,22,0.2020317981770782,0.03729977581536574,0.4438446083464403,0.23694322341234855,-0.218982423161308,-0.35931775551526957,0.4551858789718213,0.15742073260501538,-0.2992259660198634,-0.12243768303644391,0.10483763033429298,-0.047838131405712414,True,True,True,True,True,False,True
887,1929,21,22,0.0810136487509789,0.23051000495852503,0.34914430021227616,0.3267322009550558,-0.3884286894425943,-0.2097670782236721,0.23203485980359248,0.7055013380521782,-0.21663131170878502,-0.29904766411445677,-0.05460401420682722,0.1619723458025933,True,True,True,True,True,False,True
888,1930,21,22,0.04962798433412472,0.2700454054950172,0.2597683799793497,0.4066239417796865,-0.4467788978874074,-0.13126624143091994,0.19104705637410488,0.6641158518927812,-0.16568701484729584,-0.32342140200826186,-0.06643104617904641,0.21666940898177253,True,True,True,True,True,False,True
889,1931,21,22,0.035854582164168494,0.16053837501415363,0.4003750035945418,0.22867235187761384,-0.5398376893624771,-0.09920439834375235,0.08955249913772911,0.7020454099325234,-0.2519920989831394,-0.18322367810002316,-0.1802829346548024,0.13785307192828414,True,True,True,True,True,False,True
890,1932,21,22,0.20167021896035212,0.04610058301655135,0.4325376454548355,0.1315159338281507,-0.5641665798345245,-0.17012115918669757,0.4662489405940275,0.3505323018638189,-0.44569350304628474,-0.06847422613091736,-0.042353065125580555,0.023726939902185343,True,True,True,True,True,False,True
891,1933,21,22,0.042498948125631965,0.3095920050771262,0.3826409731140002,0.37166902293267,-0.13575521634804358,-0.3093135660446604,0.11106742641742723,0.8329776924487209,-0.09444445621434899,-0.42455427594876505,-0.009446559963085055,0.19462973420548735,True,True,True,True,True,False,True
892,1934,21,22,0.06359276805741416,0.20074937928705222,0.32043162636496364,0.31383164598357016,-0.5830405323668685,-0.09720636571550237,0.19845971129261625,0.6396721995893363,-0.250417394080424,-0.2312558130396292,-0.12323185796559573,0.17024294553447525,True,True,True,True,True,False,True
893,1935,21,22,0.017692284058636553,0.2649508129401715,0.15118016972127926,0.4205539648476976,-0.34767164642955584,-0.5726905119313138,0.11702780921105348,0.6300043159410533,-0.0702533425731334,-0.5057980783635432,-0.03486877445586029,0.024103547516799818,True,True,True,True,True,False,True
894,1936,21,22,0.0786205709091629,0.23842478260404582,0.23615183809030177,0.4708788769345039,-0.08918701222079145,-0.6018435620858944,0.3329238152239124,0.5063399406578374,-0.09968224777888501,-0.5218202032093132,0.0575588940394408,-0.04497063800122151,True,True,True,True,True,False,True
895,1937,21,22,-0.008851460899881394,0.06994993330275774,-0.024466038829804786,0.4019080414617982,-0.4764039608733895,-0.2745723311795008,0.3617856148048964,0.17404462236769294,0.02050717870528254,-0.18030276116671115,0.0028042569055197544,-0.040402894561195654,False,False,True,True,False,False,False
896,1938,21,22,-0.04973907749161092,0.06634995098532158,-0.07996899374582157,0.4814881768409341,0.010590561938053187,-0.6151912228347929,0.6219795343393303,0.13780182811683278,0.048892160910222006,-0.36255725127659083,-0.05058599407299983,-0.22985734930594767,False,False,False,True,False,True,False
897,1939,21,22,0.1640740156798861,0.10761044687060264,0.3226895596213448,0.3196460194219769,0.0166701941395756,-0.6399525321209409,0.5084577755549832,0.33665505068762325,-0.15869471807418414,-0.3121687263820762,0.16945331328558808,-0.09694783264087095,True,True,False,True,True,False,True
898,1940,21,22,0.11951200593329787,0.1787081586290242,0.29476603299810983,0.37969705087977623,-0.12706086880619427,-0.5156865034463878,0.4054470073017682,0.4706598542573582,-0.15696523418059305,-0.3745128031661212,0.08205877768600271,-0.017096485908072806,True,True,True,True,True,False,True
899,1941,21,22,0.06598513148312139,0.1173642292795486,0.1318753814643623,0.4465619330235584,-0.3398470208367307,-0.21276176208329495,0.5003597392509007,0.26281736216274626,-0.11080258699549234,-0.2123755330289632,0.021167675970750446,0.02235292553013396,True,True,True,True,True,True,True
900,1942,21,22,0.1371308926087939,0.08673892778901315,0.48667854554328926,0.21579933603562035,-0.1875400489646108,-0.3083503368824968,0.28176892913105894,0.4019425146641592,-0.22840261087000796,-0.15328072575461582,0.045859174347579884,0.020197129823410483,True,True,True,True,True,True,True
901,1943,21,22,0.2798838438865221,0.18255988475932783,0.698575094082372,0.1971305182011403,-0.1887258634221732,-0.49072402554345673,0.4006496169952486,0.9260863636195312,-0.4117230316824436,-0.27929656620845905,0.14804465609060055,0.0858232033101966,True,True,True,True,True,True,True
902,1944,21,22,0.09898083461452917,0.19131134737505923,0.23103352976701552,0.39737141114382973,0.028191456652555583,-0.8145011738902682,0.4284262752438827,0.481442152127581,-0.09246766287481543,-0.5149708282221409,0.10549400635424289,-0.1323481334720225,True,True,False,True,True,False,True
903,1945,21,22,0.19306496995824662,0.03239907016342519,0.3061474542320393,0.3751353599248765,-0.3760146563254155,-0.210325221410495,0.6306273898064698,0.08636634565697388,-0.30818089974620777,-0.11129949779853059,0.0779490401702855,-0.046501357471680195,True,True,True,True,True,False,True
904,1946,21,22,0.15107654388390537,0.13225093129801513,0.2644179206934383,0.44879620312555024,-0.49564482756633144,-0.10744241077749223,0.5713551618880666,0.2946792561456187,-0.2821339185914525,-0.18047067730960933,0.020019169176358258,0.08403118528642092,True,True,True,True,True,True,True
905,1947,21,22,0.14552116292267744,0.10206606733888286,0.37198151846801364,0.3153392454439051,0.061852254873927356,-0.6627793146780936,0.39120535751883245,0.32367067789232445,-0.12251326723400335,-0.3110663963253014,0.16852905861135156,-0.10693426164753572,True,True,False,True,True,False,True
906,1948,21,22,0.24340486701211603,0.01857925162409763,0.5363181273285104,0.28637398555960697,-0.1068242982112055,-0.5662814545752077,0.4538441917385043,0.06487758162736633,-0.3006966745819321,-0.1807475287192914,0.18611305944229997,-0.14358902547109614,True,True,True,True,True,False,True
907,1949,21,22,0.07837433685726981,0.265510807196858,0.15395499282046662,0.5195896548109699,-0.11614226527480238,-0.4541415795455992,0.5090730441504123,0.5110009499581984,-0.09625501847380476,-0.5014780737482645,0.06049365524073489,0.02954354064545152,True,True,True,True,True,True,True
908,1950,21,22,0.1059859802068488,0.1650570705304115,0.3166344279891972,0.3395048171554216,-0.06140368749827714,-0.5652579106461979,0.33472664637234195,0.4861700399816424,-0.1254285016742932,-0.35696485413000456,0.08654345873940439,-0.026850713069181555,True,True,True,True,True,False,True
909,1951,21,22,0.06959305132750278,0.13478004810015054,0.33256236826768404,0.30717803457559834,-0.10380942606813479,-0.4520952201747892,0.20926315773493162,0.4387685085828634,-0.10411615990923075,-0.27365376927446466,0.035069942745774824,-0.004093673074163603,True,True,True,True,True,False,True
910,1952,21,22,0.06367112521703798,0.17088511337622214,0.3191674714343558,0.3064666073924885,-0.4628684787536691,-0.2876202083593452,0.1994912731266019,0.5575978238874535,-0.21140368718751337,-0.2590311028496313,-0.08406143675343744,0.08273912390281296,True,True,True,True,True,False,True
911,1953,21,22,0.10831880030654609,0.08912722871537329,0.22278884258459178,0.47072553877965845,-0.26334027421952017,-0.37913764652367793,0.48619490567808843,0.18934011727180322,-0.166988075205822,-0.2675970016468833,0.04964952540727018,-0.0893425442161367,True,True,True,True,True,False,True
912,1954,21,22,0.4608312137047581,-0.002708795697132724,0.4638413039619513,0.2501047894868687,-0.5596819761326259,-0.3578010286041496,0.9935105169990638,-0.010830643038425077,-0.720434831318117,-0.0867789552400932,0.2012275960913992,-0.09219654663435864,False,True,True,False,True,False,False
913,1955,21,22,0.26066926230978116,0.02112665726645572,0.3318374344895125,0.32349498037781443,-0.18676101963919436,-0.41620259083370303,0.7855330207418761,0.06530752731242256,-0.3226435599294969,-0.1557661062214,0.19869496469006545,-0.11351279168848857,True,True,True,True,True,False,True
914,1956,21,22,-0.003282193869046108,0.14045165995328596,0.31915906610411743,0.23142547080411863,-0.5514870233227833,-0.09233393827582498,-0.010283881041234082,0.60689801976104,-0.17272988946319304,-0.16182008508996717,-0.17929427720128527,0.11908323481660475,False,True,True,False,True,False,False
915,1957,21,22,0.2262105483638238,0.022812754662976383,0.2613445964141291,0.4122946571037409,-0.09950770788801913,-0.5327648842248525,0.8655642835843004,0.05533119158814681,-0.2522163501219132,-0.24246886992137615,0.20020474660573437,-0.1968433605954234,True,True,True,True,True,False,True
916,1958,21,22,0.09087450740238448,0.11518477337979131,0.4387961976920145,0.21660570792419054,-0.4473575396504566,-0.07799794180777447,0.20709957807375565,0.5317716438945581,-0.2871732948098594,-0.13207957278169413,-0.10542428000509049,0.09828997397788851,True,True,True,True,True,False,True
917,1959,21,22,0.07285493260916692,0.22372416388400376,0.2633106508282981,0.3783089917759944,-0.5992134185333612,-0.13631838145419511,0.2766881338828744,0.5913794510506271,-0.23063420782823563,-0.2752946333324758,-0.08492434260990177,0.1721536944355318,True,True,True,True,True,False,True
918,1960,21,22,-0.01029729632790099,0.07913092800590682,0.3755343185604126,0.1182485276452657,-0.6675097972642112,-0.19498397172651635,-0.027420386949919873,0.6691916557582185,-0.24037554052011373,-0.1021874955769935,-0.2609701331759157,0.05607436043482015,False,True,True,False,True,False,False
919,1961,21,22,0.013733415658873309,0.2754035377277422,0.17087927884832194,0.467765988519282,-0.4317939152841252,-0.0582471812844747,0.0803691105875016,0.5887634938990217,-0.08751804851371803,-0.3026495880597363,-0.060051217195971424,0.24815748739574803,True,True,True,True,True,False,True
920,1962,21,22,0.1654482677069576,0.05833690122246393,0.4426586468721738,0.24942808572580616,-0.4239000697365434,-0.027383932226916374,0.37376038822694446,0.23388264818979973,-0.353091298985556,-0.0651672230174689,-0.022194763571640807,0.05150657942745897,True,True,True,True,True,False,True
921,1963,21,22,0.0719610776541905,0.16791070673699574,0.3616238439684237,0.30271867053136303,-0.401035530938655,-0.11972311003683671,0.19899428329862567,0.5546757537031382,-0.21698508792014462,-0.20415312743922703,-0.07306293261176362,0.13166828603476444,True,True,True,True,True,False,True
922,1964,21,22,0.053192665042078535,0.10934326229462098,0.2588305416659615,0.39944903383636887,-0.6507877524944217,-0.14238506994211492,0.20551154705199864,0.2737352028229278,-0.22163641152978336,-0.1662188409157226,-0.11525108144562629,0.052467683673519366,True,True,True,True,True,False,True
923,1965,21,22,0.012811834229575032,0.2834822320340417,0.17713434282326782,0.4517283405516738,-0.5475577673287197,-0.057256862030911154,0.07232834709166353,0.6275502477613839,-0.1098031195031236,-0.30934677930446136,-0.08417945104397352,0.25761768476362207,True,True,True,True,True,False,True
924,1966,21,22,0.05439404458306521,0.2582753283763313,0.23726229465812995,0.4807518586546302,0.17788955690358146,-0.6390340085898656,0.22925701136559146,0.537232095366427,-0.012187560116403488,-0.5654921157494281,0.09660052904972694,-0.04894145899676547,True,True,False,True,True,False,True
925,1967,21,22,0.08246562702655885,0.14574332577206522,0.2672650475256962,0.3778687837001762,-0.29995406804385344,-0.31210551270575554,0.3085537289294448,0.385698242508719,-0.16263286527782525,-0.26367825624430896,0.002298388775292453,0.0278083952998215,True,True,True,True,True,True,True
926,1968,21,22,0.15475930360393764,0.07934102751343206,0.28708475831131886,0.38181959080022637,-0.22835454960805782,-0.3793567490347228,0.5390718215563168,0.20779716239061302,-0.22031641428745696,-0.22418686619717407,0.08920219292041828,-0.06550481117030997,True,True,True,True,True,False,True
927,1969,21,22,0.2915036698402711,0.05894037262213332,0.5696342106756159,0.22238226335191014,-0.21340111801157574,-0.44959262101592784,0.5117383478329585,0.26504079837006955,-0.41306424725608903,-0.1589217972699729,0.16994309242445318,-0.04104105202570627,True,True,True,True,True,False,True
928,1970,21,22,0.05760303776981644,0.16030435435343335,0.47658034003034905,0.10650813507918452,-0.37684923835047474,-0.5970845955176136,0.12086742345718296,1.5050902377950144,-0.23720197592306375,-0.2238987211065236,-0.12199590038343085,0.0967099876003431,True,True,True,True,True,False,True
929,1971,21,22,0.026881981582712003,0.22096156676256862,0.1936650154607562,0.42616047730231493,-0.281937645774148,-0.421934792612487,0.13880659611523538,0.5184938034641354,-0.08148344011053157,-0.40077349937275936,-0.027719476945107572,0.0411496341523779,True,True,True,True,True,False,True
930,1972,21,22,0.2003728318846202,-0.027058872479712982,0.44028446484849465,-0.07708348297320594,-0.1060609516216432,-0.3823855749288012,0.45509857349513816,0.35103333990653474,-0.24706982121067747,0.0565344844339368,0.15367584255856295,0.0024167394745108284,False,False,True,True,False,True,False
931,1973,21,22,0.04815005186198596,0.26136290028116665,0.23840104691159172,0.5252300925303067,-0.1800343855916423,-0.3966390739989832,0.20197080711580034,0.4976160048675915,-0.09107043786711867,-0.46968967781878773,0.0052296658568532495,0.05303612274354553,True,True,True,True,True,True,True
932,1974,21,22,0.10189711903531219,0.21080888349829835,0.1934751429786539,0.5185387406681593,-0.3112287982053884,-0.2502208720425542,0.5266677541442856,0.4065441344395254,-0.16211215526717432,-0.340558099376133,0.041682082803450045,0.08105966762046367,True,True,True,True,True,True,True
933,1975,21,22,0.10373918063294366,0.025468716358844328,0.2785900635310981,0.3551609883095918,-0.23170358127177845,-0.48338740897355575,0.3723721489491085,0.07171034318849061,-0.16828949605983137,-0.19714906626630524,0.039188865206055946,-0.14621163354861658,True,True,True,True,True,False,True
934,1976,21,22,0.2283981383162884,0.011806624622825548,0.3878412757355621,0.25256495992838485,-0.27918930060929875,-0.41544466770698035,0.5888959030549776,0.04674688296497397,-0.33667927283631816,-0.1167333904747002,0.12011700379625866,-0.0931201412290491,True,True,True,True,True,False,True
935,1977,21,22,0.03220208324246271,0.1764766779414677,0.3767849759087823,0.267634639735611,-0.6286028996346277,0.0654235416020617,0.0854654121088381,0.6593940086223675,-0.2690502116374866,-0.1589670719545722,-0.20464604515256118,0.19398628392836326,True,True,False,True,True,False,True
936,1978,21,22,0.19865747638496037,0.06961280639305631,0.3643134426177446,0.35687118094294845,-0.00735575612538521,-0.46361419954260946,0.5452927428576976,0.19506424197415098,-0.20133727722205602,-0.23506335328574712,0.19597767554786474,-0.09583774049963446,True,True,True,True,True,False,True
937,1979,21,22,0.13048434866578631,0.06917821235188006,0.31835897268076196,0.23576042019187665,-0.34341261154184255,-0.38596456723705763,0.409865465914262,0.293425895218453,-0.2398128348818649,-0.1601733809028646,0.02115586244970773,-0.02181695619910448,True,True,True,True,True,False,True
938,1980,21,22,0.07178296096001849,0.16565787769020862,0.3072341195875506,0.34335467658933533,-0.29597993961472463,-0.47231608567203553,0.23364254288027714,0.4824686803038406,-0.1627180971231248,-0.3278298145340712,-0.019152175203087828,0.003485940846346051,True,True,True,True,True,False,True
939,1981,21,22,0.18950200700158787,0.12687370766191722,0.2945564332708616,0.3669923982652381,-0.5520434590422139,-0.1410904230634532,0.6433470316614333,0.3457120863038182,-0.3521099593075714,-0.17865282039423097,0.026894054695604366,0.07509459492960346,True,True,True,True,True,True,True
940,1982,21,22,0.1949370622612393,0.024067273502640728,0.4044434067075766,0.20523134863129655,-0.2877502672823685,-0.5213684263099015,0.4819884785566155,0.11726899259371047,-0.3113157606419361,-0.13106841876799857,0.07855836388054245,-0.08293387176271712,True,True,True,True,True,False,True
941,1983,21,22,0.01647074249486528,0.3175193207508192,0.047761327249611844,0.5409864570050603,-0.34169756324172934,-0.5166686579849697,0.3448552090854874,0.5869265609875501,-0.03279067163324845,-0.5970300674796674,0.00015081335648210495,0.03800857402197116,True,True,True,True,True,True,True
942,1984,21,22,0.19523347488911552,0.07507293045039225,0.3019428665075073,0.37881752996082035,-0.6822054942966694,-0.018420983629515476,0.6465907843670199,0.1981770232706938,-0.4012205573842228,-0.082051121968374,-0.010753607605991767,0.06809473893241048,True,True,True,True,True,False,True
943,1985,21,22,0.05215016697851708,0.2533982410329717,0.28861684840570584,0.49752071832521755,-0.3931519294391705,-0.29965678810385976,0.18068996064017062,0.5093219874058215,-0.16562043779787292,-0.40248370150143153,-0.06132010384083875,0.10431278056451189,True,True,True,True,True,False,True
944,1986,21,22,0.1516924354265379,0.15083379429147656,0.5419133814124941,0.191509540915975,-0.0869496829156285,-0.6404278537610597,0.2799200769524318,0.7876045943719067,-0.1988116321080903,-0.27348183855506025,0.10457323874498549,0.028185750027892833,True,True,True,True,True,True,True
945,1987,21,22,0.19245085062580053,0.098283939597571,0.26454284820212914,0.30681111058195304,-0.37320547970240087,-0.4958163042067983,0.7274846095206274,0.32034022304846793,-0.2911796911909155,-0.25040589053589823,0.09372201006068552,-0.05383801134075626,True,True,True,True,True,False,True
946,1988,21,22,0.13776848251298215,0.06952145673688725,0.3447929931192901,0.3031448397531117,-0.26168035263544015,-0.3958423976855329,0.3995686839996704,0.2293341255404749,-0.22799403453866687,-0.18951903695075564,0.04754293048729743,-0.050476123476981126,True,True,True,True,True,False,True
947,1989,21,22,0.0066651395632651425,0.07843401210063103,0.010610843845395313,0.4164665085587919,-0.4946237988058694,-0.14206501044417316,0.6281441570886513,0.18833209991376443,-0.011913515454610451,-0.13759933098868415,0.0014167636719198341,0.019268693212577924,True,True,True,True,True,True,True
948,1990,21,22,0.16037945444619406,0.08677411920831601,0.3165855342780758,0.290102952333769,-0.3580766539053722,-0.31045120397272746,0.5065912275869285,0.2991149125172664,-0.27374134323533195,-0.17683693003637738,0.04701756565705617,-0.0032886916197453313,True,True,True,True,True,False,True
949,1991,21,22,0.07489471533608034,0.15886163540800227,0.30130377333932956,0.31573092175814765,-0.00021793774040664235,-0.5091514498569856,0.24856879323490452,0.5031551376830031,-0.07496038079961792,-0.31961649198584563,0.07482904987254277,-0.001893221169841079,True,True,True,True,True,False,True
950,1992,21,22,0.21831661964399923,0.11021162427149037,0.34937313370137424,0.226697350717104,0.049180563114363855,-0.633661220388893,0.6248809613122822,0.4861619420026819,-0.20113425219153575,-0.2538609441858194,0.23549898709646275,-0.03343769564283866,True,True,False,True,True,False,True
951,1993,21,22,0.07267120514312764,0.13342032117304217,0.20208501808000412,0.4618786726732056,-0.13279960842845095,-0.3411417232160672,0.35960708930118507,0.2888644335986508,-0.09950801641340862,-0.2909864074855294,0.045834393872846664,-0.02414576513944504,True,True,True,True,True,False,True
952,1994,21,22,0.16512169185812903,0.09624153338044578,0.6029022435724999,0.23380667337902272,-0.317397727813496,-0.4451505592525483,0.2738780517380392,0.4116286844577321,-0.35648149406169943,-0.20032070479209563,-0.02623811034544136,-0.00783763803120409,True,True,True,True,True,True,True
953,1995,21,22,0.18341805892319757,0.11296544263170197,0.44100454584950727,0.2957666552082989,-0.669829772603411,-0.05394231974584011,0.4159096785949888,0.3819411033746994,-0.47881603358664354,-0.12891978211710567,-0.11197991574024845,0.09701110314629825,True,True,True,True,True,False,True
954,1996,21,22,0.12322724097556383,0.1518289076248834,0.2541268740419504,0.36562487763201235,-0.5555583632068516,-0.020324793220516946,0.48490440627393816,0.415258689748386,-0.2644095511651835,-0.15926015765903087,-0.017955069214055878,0.14439765759073594,True,True,True,True,True,False,True
955,1997,21,22,0.11505780220588567,0.0643044102166958,0.3169359712264485,0.3642159589431381,-0.3687761072807503,-0.43579613842394127,0.3630316929966832,0.1765557182153435,-0.23193621593201924,-0.2230283186764881,-0.0018206115202478834,-0.0944194982430965,True,True,True,True,True,True,True
956,1998,21,22,0.12887549687828423,0.13854492382223552,0.3348383535974695,0.32272334605490566,-0.2559248417775733,-0.3763827293839646,0.384888694779612,0.42929935350467197,-0.21456894954377975,-0.26001241764630667,0.04318204421278872,0.017077429998164407,True,True,True,True,True,True,True
957,1999,21,22,0.025519639669086297,0.2565626263232533,0.2997554909358177,0.3426604821209247,-0.4943426608677824,-0.3831349935581012,0.08513485304110892,0.7487371310961749,-0.17370156666802686,-0.38784784793326965,-0.12266228732985426,0.12527740471323695,True,True,True,True,True,False,True
958,2000,21,22,0.05434425115211879,0.1616449209377049,0.16323690996395843,0.4912125371033898,-0.4253084463498516,-0.21470669720235014,0.3329164412884171,0.32907328035823746,-0.12377028771584056,-0.2671115424035606,-0.015081785411602978,0.05617829947184922,True,True,True,True,True,False,True
959,2001,21,22,0.11101435291405036,0.023251784680663155,0.5542960029393679,0.05443563972122963,-0.23934554107415862,-0.26220387861267797,0.20027990879485696,0.427142673434865,-0.24368262965281678,-0.037525020550331925,-0.021653923824716054,0.008978548810994389,True,True,True,True,True,False,True
960,2002,21,22,0.10300225510849385,0.21476076348863918,0.38275287290120613,0.32203572424637966,-0.28062705660733356,-0.485774274967505,0.2691090319655946,0.6668849053663758,-0.21041306723876016,-0.37119743394805965,-0.0044085570217724706,0.05832409302921873,True,True,True,True,True,False,True
961,2003,21,22,0.11996101395226336,0.17232638064906447,0.3017669811460129,0.3569654380442453,-0.38264102858961413,-0.3394638633390229,0.3975286278727063,0.48275368504360605,-0.2354294420123564,-0.2935032473260706,0.004492585892170276,0.05114951397205833,True,True,True,True,True,True,True
962,2004,21,22,0.11106186998249497,0.15624991210631364,0.4246836450621088,0.3522744205977023,-0.42645382785832286,-0.04817481378586411,0.2615167107889273,0.44354600552945395,-0.2921698360480566,-0.17322066672013114,-0.07004609608306668,0.13927915749249617,True,True,True,True,True,False,True
963,2005,21,22,0.1818862043834789,0.13167691191902284,0.2067067408758516,0.5037609206668352,-0.26640686099525873,-0.4187472753571566,0.8799239135250071,0.2613877069795734,-0.23695429836677487,-0.3426254248796728,0.12681811040018295,-0.07927160104162712,True,True,True,True,True,False,True
964,2006,21,22,0.08271213925430472,0.17248618433961596,0.40034273131196285,0.34943802183342787,-0.3323672899738428,-0.42661237950927977,0.20660332456455208,0.49361023575687957,-0.21577296792118814,-0.3215607703249903,-0.05034868941257866,0.023411598354241638,True,True,True,True,True,False,True
965,2007,21,22,-0.0040453227414992835,0.25579984620868995,0.3438100309565394,0.276334532584029,-0.36573568622037067,-0.5622102402807095,-0.011766156822837574,0.9256890328424849,-0.12169827485983754,-0.41115795017061446,-0.1297889203428361,0.10044174224676544,False,True,True,False,True,False,False
966,2008,21,22,0.15721860135566645,0.03860113434174542,0.2544688420997096,0.4192476554530351,0.269081113806793,-0.5050785013411345,0.6178304583712564,0.09207239167511477,-0.08874584189435165,-0.2503541118487487,0.22569136081698124,-0.1731518431652579,True,True,False,True,True,False,True
967,2009,21,22,0.2684340371060435,0.10968782610654103,0.4851593539539295,0.22405632613416565,-0.31250190379870785,-0.4065296724188022,0.5532904496602448,0.4895546936749271,-0.4200472588623977,-0.2007733709732237,0.11682081534968938,0.01860228123985835,True,True,True,True,True,True,True
968,2010,21,22,0.020846913236930414,0.18404026874768448,0.4034708681165945,0.253053992974531,-0.3891042387041147,-0.16997144612616946,0.0516689428762081,0.7272766834633883,-0.1778391382147262,-0.227052221881567,-0.13614531174086536,0.1410283156138019,True,True,True,True,True,False,True
969,2011,21,22,0.11890669573478142,0.15197733401142902,0.351945852043976,0.33175258302757044,-0.34996969807573913,-0.2236606861495668,0.33785508493483796,0.45810444827433006,-0.24207707931362044,-0.22617734436326656,-0.004263687844057612,0.07777732365959149,True,True,True,True,True,False,True
970,2012,21,22,0.18672630407575577,0.09600262630191461,0.3464412507471727,0.33337562792380454,-0.3804619008248188,-0.3292059285102155,0.5389840374754497,0.28797134001606356,-0.3185340008591528,-0.20575185943524682,0.05491860729235878,-0.013746606831417594,True,True,True,True,True,False,True
971,2013,21,22,0.11098313177161906,0.26595366390081127,0.1989010543618568,0.5529511858462808,-0.940417014344591,-0.03126488542016774,0.55798161617439,0.4809713238859855,-0.2980330674645876,-0.2832416193692411,-0.0760668039213495,0.24866570843238142,True,True,True,True,True,False,True
972,2014,21,22,0.06692454828227809,0.17386092216408314,0.1823058210628575,0.4554359399083515,-0.35101153695019777,-0.3217862875248358,0.36710044633848016,0.381746162147567,-0.13091599472851945,-0.3204139624725758,0.0029331018360367377,0.027307881855590507,True,True,True,True,True,True,True
973,2015,21,22,0.25279559101385013,0.05607636809124425,0.5870197748225656,0.14590516478386306,-0.2872319602750677,-0.26873330524106326,0.4306423767244653,0.3843343597487663,-0.4214064316563645,-0.09528594527535375,0.08418475037133574,0.016866790907134745,True,True,True,True,True,True,True
974,2016,21,22,-0.032517392465987206,0.13334178063488417,0.45541386007162654,0.23873625071196194,-0.48029912480171577,-0.3711660442585454,-0.07140185074927878,0.5585317698390203,-0.18621748594898607,-0.22195257043275943,-0.25125227088096047,0.044730990837008926,False,True,True,False,True,False,False
975,2017,21,22,0.09258204051651128,0.15915054961774822,0.2458068977716524,0.4794345851052444,-0.2562911525415801,-0.47004052042494876,0.3766454129473509,0.3319546702764713,-0.15558017364907842,-0.38450423151033664,0.029583907383944136,-0.06620313227484025,True,True,True,True,True,False,True
976,2018,21,22,0.21010373357840034,0.03508858499370607,0.5282737787613329,0.08062002116387477,-0.14795032278992898,-0.45639610924385177,0.39771751320127974,0.43523413275198936,-0.2882620096675951,-0.07188324898005549,0.1319454574892056,-0.001706078992643368,True,True,True,True,True,False,True
977,2019,21,22,-0.011128963389917458,0.3627395246619644,0.23805104014055947,0.582858381902816,-0.4312441555742936,-0.20020002290062394,-0.04675032456630417,0.6223459006933291,-0.09152915639908038,-0.47942778606672876,-0.1137870831789153,0.24605126325720003,False,True,True,False,True,False,False
978,2020,21,22,-0.040496936495002724,0.3395626475683551,0.17119969122684653,0.5849699731459486,0.15286992061948995,-0.64277817925287,-0.23654795288936964,0.5804787649906178,0.06666821970293194,-0.7155685818247082,-0.014325653287073503,-0.03644328668799797,False,True,False,False,False,True,False
979,2021,21,22,0.16880197039647393,0.05910946879271963,0.40248156952769637,0.23149317399781982,-0.18977465260100465,-0.4456647810344775,0.41940298184227287,0.25534000753420194,-0.24518277043189962,-0.1622778234934342,0.09242117036104824,-0.044058885907994935,True,True,True,True,True,False,True
980,2022,21,22,0.14298154358962287,0.09152767123667849,0.5163595599647095,0.19368171361020878,-0.16186544834983427,-0.5066364672683186,0.2769030626631468,0.47256743825016506,-0.22656231527303372,-0.18965389039462888,0.05940077190621202,-0.0065985479212719,True,True,True,True,True,False,True
981,2023,21,22,0.14061548651953323,0.10798115203996958,0.24143517810592952,0.4890932222494154,-0.2945446592295357,-0.4294789303331863,0.5824150715014623,0.22077826297274689,-0.2117289287807665,-0.31803638596485984,0.06950204425829996,-0.10207408188492072,True,True,True,True,True,False,True
982,2024,21,22,0.08005627105306715,0.16897778565580052,0.23188868692244943,0.38684116455218287,-0.06948683039991828,-0.6166544668016725,0.3452357771978776,0.4368143856960349,-0.09616948091290714,-0.4075251177196649,0.06394306119322717,-0.06956954640806384,True,True,True,True,True,False,True
983,2025,21,22,0.03704398686835942,0.19097646619963937,0.1994821512860224,0.46342973254633174,-0.33881801121498895,-0.2966312347448976,0.18570075883754053,0.4120936849483354,-0.10463213263997707,-0.3284441999823554,-0.030544158903258237,0.05350873241692333,True,True,True,True,True,False,True
984,2026,21,22,0.05025809735424683,0.16190773479319506,0.3452282321018798,0.3178372889849519,-0.33256147311087314,-0.3278606708502664,0.14557933761169115,0.5094044670160166,-0.16506770678151042,-0.2661140815810314,-0.06455151207301674,0.057701388005358754,True,True,True,True,True,False,True
985,2027,21,22,0.07507760626234639,0.228053498251096,0.22605003843127555,0.4200126257675235,-0.4428661271501217,-0.1916868271508987,0.33212826143876867,0.5429681972877723,-0.17518751132454158,-0.3085643858477904,-0.025032298799848782,0.14754261065440163,True,True,True,True,True,False,True
986,2028,21,22,0.17881996614107504,0.08724838319216316,0.40270225230942613,0.2621198718538534,-0.3007807261451535,-0.33999680965090623,0.4440500769875862,0.33285680545734836,-0.2999450420109931,-0.17636830336857767,0.057694890271157026,-0.0018715369842513645,True,True,True,True,True,False,True
987,2029,21,22,0.12318478640712655,0.16221122293614174,0.2081461268580446,0.41428255868049796,-0.45295384111865894,-0.24844797632216414,0.591818777829762,0.39154731363248607,-0.21746537408144953,-0.26513888626587967,0.02890419873280359,0.059283559606403816,True,True,True,True,True,True,True
988,2030,21,22,0.09882677770538906,0.14796237185360256,0.38905089732775333,0.29952157465150797,-0.6144434674712277,0.0543302051142652,0.25402017675371946,0.4939957064053103,-0.3378765600822464,-0.13168930326663844,-0.14022300467146828,0.1642354404405667,True,True,False,True,True,False,True
989,2031,21,22,0.219314956663798,0.043922786554386535,0.36181772153736524,0.24944139581481642,-0.3805118206666552,-0.273064813926012,0.606147636251557,0.17608459257899,-0.3569908766354417,-0.1120364548880041,0.0816390366921543,-0.024190881779231024,True,True,True,True,True,False,True
990,2032,21,22,-0.0023439628638571557,0.13600757449512887,0.054736953573128265,0.3778091357296654,-0.10829477751807569,-0.43325852733475734,-0.04282231126958197,0.3599901686666642,-0.003583763345362008,-0.2996966042549812,-0.00827168907307632,-0.027681455264723397,False,True,True,False,True,True,False
991,2033,21,22,0.26727400804879103,0.006339921221428402,0.41380259346298603,0.15887951927552746,-0.3706798892714941,-0.45357474914976004,0.6458973729769488,0.03990395521296717,-0.4206623075739077,-0.07840365932186023,0.11388570852367427,-0.06572381687900343,True,True,True,True,True,False,True
992,2034,21,22,-0.005989630594759751,0.2131596607377945,0.21014513785771277,0.4246687620181099,-0.39433760614192453,-0.29775543248463243,-0.028502351545317557,0.501943349270188,-0.07687850001041542,-0.33960709163521025,-0.08885776119993492,0.08671222984037873,False,True,True,False,True,False,False
993,2035,21,22,0.09541981349164776,0.15825642093102377,0.31300627022488414,0.38923178222917365,-0.5707595524333727,-0.26114467900750976,0.30484952720944514,0.4065865845401207,-0.27407113219404194,-0.25990222976078226,-0.08323150521074645,0.056610612101265265,True,True,True,True,True,False,True
994,2036,21,22,0.016900836208794193,0.22620935512210447,0.07239244593125045,0.5265119223325987,-0.35684437810463665,-0.3397667163528193,0.2334613230894913,0.4296376692097155,-0.04273367355660479,-0.4051005820936621,-0.00893200113901641,0.047318128150546784,True,True,True,True,True,False,True
995,2037,21,22,-0.09294672425484803,0.26494812603740836,0.2753797227960043,0.40022474396381813,-0.2902717043607177,-0.2121779140741717,-0.337522034342743,0.6619983647521821,0.013011782772469867,-0.34986697737252076,-0.17288166573722616,0.180029274702296,False,True,True,False,False,False,False
996,2038,21,22,0.06297968347495941,0.20111222286435068,0.25936958264978416,0.3778084137264278,-0.27175256107102125,-0.48517852537139705,0.24281830903818136,0.5323127160687762,-0.1334640318239602,-0.3844167519090457,-0.007504664874041352,0.017807693819655756,True,True,True,True,True,False,True
997,2039,21,22,0.31028148792348514,0.01710730070782297,0.4197167494849389,0.2919746319079952,-0.12751912911342883,-0.5387072600389335,0.7392640115131247,0.058591736535568914,-0.36380340229212377,-0.17439615466385525,0.2567595735548466,-0.1401815532482093,True,True,True,True,True,False,True
998,2040,21,22,0.055668331318536726,0.17618881447582516,0.24318702787493,0.4586868671399822,-0.5150002387729792,-0.22703320422685097,0.22891159863661273,0.3841156725816085,-0.18090970874061682,-0.28032596365939116,-0.06957304610354337,0.07205166529225912,True,True,True,True,True,False,True
999,2041,21,22,0.17323986993395882,0.04675501824099018,0.3028317758762931,0.4027838372562639,-0.20497236283873005,-0.38580414624600123,0.5720663541091783,0.11607967826981884,-0.23531201457797132,-0.20215069269533134,0.11116772528994628,-0.108640656213351,True,True,True,True,True,False,True
