0,1,2,3,4,5,6,7,8,9,10,11,12,13,14,15,16,17
0.10034417655322675,-0.437536297844744,0.27863782297403716,0.35468323120793976,-0.8019567308100805,-0.5424144580934731,0.13947132504279336,-0.038161873161553686,0.08161470077416369,-0.2528824072535529,0.44009435372101063,0.39945193794745854,0.1780147914794389,0.6024989952421657,0.33860624935577077,-0.1921144726983428,0.299102826087952,-0.2319505278766471
0.3010183006895217,-0.07033218422788848,-0.12430676525149154,-0.3227336375949639,0.43865471563622477,-0.11217361266090817,-0.18608837500996644,-0.1556106663400154,0.19816642807661594,0.1314203796009078,0.1503357984936718,0.15757115505842956,0.9846606872410242,-0.034564359661006544,-0.07689544473577525,-0.19750744440631146,0.37439341592303793,0.5795905639811963
-0.04828542894980809,-0.3387690366728693,-0.3324989321643539,0.2575306692420224,0.29459522259351884,0.21455526143421996,-0.1705878824638104,0.18848052967835527,0.1422903241079586,0.18309143914327253,0.44418751163094333,0.18505421996154026,0.2444919531263734,-4.184430682802054e-05,0.08857428737360906,0.22544181823303155,-0.6099358000446512,-0.15494195864530513
0.030969325785276725,-0.036432751794941876,0.10906148701172141,0.8170949119961533,-0.12721405877490238,0.6064297293389873,-0.6041289876559294,-0.06493509100391742,0.13412014703239475,0.3035078535341038,0.35350955290753455,0.38635781507036265,-0.2324483151376449,-0.2778990033040968,0.2502320662645917,-0.16948001619091585,-0.6032328155734387,-0.5462731718396622
-0.24007391788267618,0.32657129413947394,0.18467729094619445,0.40390113814507567,-0.04319406201664537,0.19112287294865404,0.3837114240489802,0.00973665057395013,0.3161853614850101,-0.13129510996461502,-0.011746272163983204,-0.01921989113728613,-0.37086035922022514,0.30226449132962346,-0.08028543706569888,0.11247314650646567,0.2997741625777543,0.28608796942736836
0.28569481348949893,-0.019853423903384994,-0.14977855491727707,-0.012346514462175169,-0.6553930036828275,-0.5593042190688505,-0.5879397097041246,-0.4577585958029563,0.10104982592701109,-0.42105148690638794,-0.2101248863781195,0.46083145435206263,-0.29867756585512095,0.13883424995628404,-0.5296190494345014,-0.2383470005776026,-0.5361807993947831,-0.2917852077907756
0.41809577199490766,-0.6089556522649902,0.25574197443029234,0.1770667579448606,-0.15568746526676835,-0.4964506247434325,0.10309299161395007,-0.1375558950971187,0.16731167307028386,0.08298204673777941,0.7149527450567684,-0.021501062460807456,-0.20957628961233254,0.27153296141893996,0.28782138102511956,0.7434977375325882,0.5338672058022449,0.34257113109621723
0.6835441694695816,-0.3772822087473835,-0.1576776001181422,-0.2724073635804531,-0.057700908280550314,-0.45245144604076665,0.3493108724821658,0.006361414916894677,-0.4930720240446591,-0.3109811387266126,0.22065603273648215,0.4305011209141565,0.8783879574353741,1.2452405871615915,0.24545937406905807,-0.31611964725408614,-0.7731229115338643,0.18678018569619384
-0.2897964255793909,-0.1307628915271346,-0.20945870707918368,-0.02093634202181456,0.4617721048597971,0.09819943952287741,0.11108583106444447,-0.23972173525040488,-0.49533341200182296,-0.019983397749412567,0.1530267455525916,0.8817117313118731,0.3474153965656491,0.6884013923857177,0.09558734856083392,-0.17867191859031512,-0.09074111691645403,0.005215162162193476
0.8965218943360544,-0.28342067032776597,0.3805296828565266,-0.316036869872822,0.41776320651168625,0.19911438780433383,-0.003451896045075481,0.04289825256398708,-0.2027118151535955,0.23763214361099294,-0.12279012911815133,-0.4310390424887386,-0.5618245551491203,0.018385641667575225,0.5809869771429015,0.01334712000810273,-0.0981048558652256,0.0636809304197446
0.7540118694018342,0.3193641732646468,0.06724028038560936,0.6741266567430598,0.40311374810374967,0.8459135695175011,-0.04614052683304423,-0.6092219144100068,-0.6666979814200727,0.5409368711706932,0.5700319865915122,-0.19124198703484696,0.06909846475282118,0.8069511101040971,-0.22044487961017895,-0.13551741437511433,0.47970411108283406,0.06453134406338044
0.0935887851833633,0.030260372461586797,0.23066735139096525,0.6586302763968785,0.13187149463209005,0.35321304918213503,-0.7906228425576276,0.009958637082734173,-0.30784611026236713,-0.45807922631466985,-0.32181494891671897,-0.10420337842554347,0.4939261028840588,-0.402992001154172,0.13981768297942057,-0.06610268739177783,-0.0035041518031307672,0.5286682160634953
0.24891653215092677,0.5686296003264538,-0.028131914350603887,-0.24470668731892492,-0.05587316940284351,0.13066907385784496,0.20766454086283714,-0.29672003141199393,0.17323111013250242,0.2283265295369148,1.144024812494921,0.8877730419940209,-0.23126239731829262,-0.004918401714435028,-0.47534185782956584,-0.1262478626801592,0.23627694434137161,0.5923763912605289
-0.14887826242689473,-0.11890330335656989,-0.7161603392249132,0.07768890445258567,-0.28221049207327653,-0.06902049827588079,-0.19728658163920915,0.11575270792680335,-0.5496336269148264,-0.43336036852857013,1.0051565744391455,-0.3615113028817863,-0.42862927082557734,0.7448503718848042,1.1721118282524414,-0.4585416909738582,-0.1372146221589337,0.1467071809324824
0.8526401595194045,-0.2335817296141275,0.06304996338032362,0.47209613218186514,0.33506753154381497,0.010698673265127807,0.26420575290033715,-0.23222338464123915,0.22246544111688754,0.21117994270317159,0.410602894557256,0.09560405117914719,0.39755032613348246,0.6140212442433584,0.2711066481828132,0.34963748047510823,0.23019705614657374,0.20896867435199248
-0.3359067035856609,0.07931421450080128,-0.08619812953391773,0.789983833403716,0.582058470821575,0.10705513085407836,-0.09696130756123553,-0.23670301247669573,0.6847187575522176,0.3133612663755269,0.40031893767331583,-0.48957281847300566,0.5885760633518198,0.3993688060142926,-0.2265716030372438,0.028990747748567802,0.3230875524711553,0.23858739007104485
0.027999631182609695,0.10347279827764734,0.04407715422127754,0.20589311034501914,0.7334648947012946,-0.8817952708684873,0.06235566340502622,0.2277007377578787,0.2754933650837397,0.00832993668038399,-0.5455929437825331,0.28829396269454377,1.018395607148014,-0.2860890404841151,0.6729867269616153,0.1960454322331824,0.30292578315080104,-0.09370388279923961
0.09925471131974893,0.7530550181416831,0.4660992770571824,0.9259618224260773,0.7040019358531772,0.40867185183393007,0.8405738696162467,0.3185973226444493,0.4741953298679534,0.02437167773524643,0.16961838549281172,-0.135969470170981,0.6428777869512741,-0.22427723613261347,0.5599843500803974,0.17078379011126898,0.7155430505002606,0.5473918086058367
0.9152877906488331,0.4793392040455704,-0.4417867746711839,0.16024805843083217,-0.28177354944781385,-0.020282609356397356,0.8568161005655872,0.5073382516139769,-0.027247444176600036,-0.15316221932126112,0.26543756440540284,-0.2342993324975527,-0.18593925481627677,0.20732064476285325,0.5446416705850342,0.3260214450321316,-0.8339989472968843,0.20426354775445962
0.3877855602097002,0.5245282450657462,1.005456003577152,-0.4663231798052282,0.12253076084022677,0.5953346600340109,-0.555656185600149,0.6673611934028316,0.22432421926169147,0.41561516851878966,-0.15139589042728976,0.4024870501679123,0.4629949834310358,0.12875756909028774,0.1293667181148988,0.1437436567481108,-0.3097317448603323,-0.023405111060720768
0.19266569816159007,0.40703225688393163,0.6536044099066515,-0.16973972164883014,0.20367109901470254,0.8462569302061229,-0.18289990738776987,-0.21436462277887233,0.19545786086973324,0.4522894603313839,0.11910580636151955,0.6461196203120514,0.3344322125856878,0.3284426463151018,0.2133612200887144,0.9227758596975112,-0.09035005598734062,-0.8096942972675286
0.9062977311739777,0.08151621418439103,0.3077481643043345,0.7884162605113321,-0.3763078298564489,-0.23606289907533445,-0.6297344027693357,-0.3068777439319638,0.1866314144850032,0.2204519092033142,0.12128644380962728,-0.5543295814787408,-0.6570163559970748,0.28876645281213587,0.07831460520064865,0.4507793273426277,0.547806469144491,0.3223215914794557
0.6935696326229347,0.4812009481186205,0.6015422807131798,0.10764709332464018,0.3176718329400097,0.46822683713537605,0.5796097999176585,0.09390194086086205,0.459865312043536,0.14506289298453928,0.20438154281943877,0.5832060265603202,-0.7655337719682885,-0.48689855477653055,-0.5611837825237544,-0.901756071485948,-0.23961539960869677,0.3314639363444701
0.059955004418975125,0.2530246637487459,0.6095956296563221,0.7049830838790816,0.1462534570815492,0.7153429867997638,0.1741935618683503,-0.19761639103627823,-0.10041724238478747,-0.45487170653129994,-0.21791064299875437,-0.005863776735065072,0.5675499994431166,0.9344239241580694,-0.30675661445914004,0.40324697899564355,-0.1701015839713378,0.43599482707695675
0.04945771605665271,-0.6304699540072689,0.4732111729591371,-0.1401079087917491,-0.11166771901767851,-0.32600858818413264,-0.24688028473694354,0.1859892022160455,-0.060864710436483574,0.14629782685107107,0.15960176750961613,0.5430976881493454,0.0009780992789281753,-0.45265056711361285,0.5649815262534732,0.005497290785778021,0.5839295374556307,0.29144340489766807
0.11704322145794915,0.30900859115780516,0.949903257589807,1.0002904451607884,0.1972506875923986,0.23357447086611727,0.49117476615087735,-0.2775857099426157,0.19390685221162518,0.05033356398278056,0.18624198774734457,-0.27266881921543923,-0.5307125049680376,-0.7240788820409667,-0.34183915284029315,-0.07835562162018322,-0.012162142303954758,0.8800069573273568
0.44433322539238684,-0.3829005691071834,0.14101925840985036,-0.16089541711066246,-0.11180965778657048,0.07606613719562039,0.3564930438797523,-0.026878796464011173,0.5343652101833384,-0.34795069336736667,0.11136022203450234,1.1478940877279278,0.11640458656304714,0.6004584921554063,0.06378076078222039,0.25948352764485577,0.004459411755860499,-0.04099034295274466
-0.258074099372354,0.22583940290083518,-0.2868960163564933,0.31995295384318556,0.48783366109617793,0.20033142221270583,-0.09662115732618735,0.19946456781956784,-0.10559088612247565,0.3920971862821491,-0.7146840975899601,-0.1163646111513691,-0.6873072793810572,-0.48900681342234004,0.6545624105941057,0.46709151145721645,-0.1787745746453741,-0.49198386374781683
-1.2230218717720063,-0.25460853980839965,0.9309556682636151,0.13674337195011316,-0.2610392510551416,0.1488217471647767,-0.6502679756965517,-0.1448139795778287,0.013906354707520864,-0.060324895227193934,0.2904378141772577,0.11197345599564643,0.2933457586320041,-0.24933356150349842,0.3851415147530246,0.6775901304384019,-0.3620444564717597,-0.3290629108970186
0.585979746658395,-0.024871582547722232,0.6131945689569247,-0.12534827262657167,0.6336842426385864,0.10426033885248276,0.049731717104658665,0.5723273964435424,-0.19826800320208793,-0.43000865059440274,-0.2329854954357612,0.12737376803283604,-0.6513574016450732,0.22993458828758126,-0.24056229981996463,0.43407129152055807,-0.9827578947330561,-0.3396800828145349
-0.7437377000610982,-0.3996422261130385,0.0299159208761198,-0.14084108974735943,-0.17050146714666342,-0.13282438811948177,0.11129195540661344,-0.3734777576186071,0.31267651551825637,0.2950030473128296,0.18395183422107644,0.2525500362591413,0.1842081482228084,0.8796702689917716,0.03080327947834062,-0.05719233943448612,-0.2357700842436066,-0.3472641203317902
-0.5862240700010108,-0.44395428025294814,-0.11670750762140927,0.04528269643850505,-0.06797853153971603,-0.39464946593246597,0.30452589271250785,0.24021713602490152,-0.11940725586428429,-0.3167143907613623,0.16382323543644234,0.0196415020989643,-0.6133906196625412,-0.06133181829028399,0.07067460893323038,-0.3940176304916236,0.041797641238455176,-0.6160687099996378
0.5405162403742924,0.5052217943931968,-0.09496513335176182,0.15142353550505336,-0.9579269859505259,-0.45649726373670907,-0.1981928704782529,-0.5095345109881447,0.20507729063486255,0.7182373098817966,-0.5513271901891218,-0.4156666640514781,-0.020959659491036904,0.5293074525848392,-0.6040887318309703,-0.01552455789223224,0.6133805335102345,-0.775842666086716
-0.5766740426248004,-0.23368900247080293,-0.27248172502863205,0.2607941552149902,0.03241752804186761,-0.7742311837433189,0.022082769846372863,-0.41509694625621174,0.3256974954625441,-0.43511640588871936,-0.43872750455484577,0.03237125300786109,0.3146780546724289,0.18874720731213565,-0.664731465216269,0.22472123770895464,-0.40421575893210543,0.10361790637295962
-0.8273284485989325,-0.07930581542208293,-0.5804742361622575,-0.7708885345435172,0.027693380153651415,-0.1611768657686079,-0.3029092237720756,0.5231530363935089,-0.23357947184281372,-0.044475433626542875,0.05024687585652363,-0.30518487686636214,0.11697339092948154,-0.28486206529638,-0.23613645531697394,0.47357592949084626,-0.48771554743546347,-1.0365932588022864
0.4198542814419455,0.7952106644799888,-0.38662822274254505,-0.9992557328108865,-0.3487141070411899,-0.33900969649908,-0.173056704719697,-0.5424423850795336,0.13473728867979679,0.11271578180364028,-0.6948494162385168,0.18259152436716097,0.7910001695225336,0.03871030971900103,-0.16500388808322533,-0.08687510901883141,0.21602888353160163,-0.7223424654587102
-0.14093771286435597,-0.3628795738404009,0.5324360111271413,-0.27636308757726,0.4604610503925311,-0.6481902731680799,0.1107714869477899,0.003627925743164534,-0.47175107891924,-0.05317373391855082,0.36087535495931317,-0.2536488614879673,-0.8141383904124545,-0.14437846133552754,-0.4983225686615542,-0.2742897062101021,-0.16998843861859755,-0.8196142171507561
-0.8385057882216056,0.0005842817168756759,-0.4013299309612066,-1.2181401892215613,0.12169516214991959,-0.0832945503836385,-0.36961812374765873,-0.6108002785563618,0.25025496439266975,0.05567205489110668,0.8689727189405643,0.08400724535690979,-0.06977613584522666,-0.29162856439345863,0.10185295453028381,0.02517668814922891,0.2758326110760455,-0.43338655980494645
-0.2474857862169173,-0.2649640654041244,0.24299789143226327,0.5260269790793605,-0.2568589942990527,-0.24323228815656894,0.08566598583431326,-0.138269503718767,0.3408565575423496,-0.9406758199612251,-0.3706469224803643,-0.3529314372981848,-0.8694001386902266,-0.3267131114832903,-0.3073201800741392,-0.02169959554330078,0.5039286229283367,-0.039281994212049615
-0.5147380090268208,-0.12519433740377078,0.3172569276581806,-0.49279604736432114,-0.46664247448693863,0.12100706279133021,-0.14276430472379614,0.2048440178523138,-0.05960857514959464,0.22651560080435088,-0.4681811040477323,-0.058983718746782904,-0.053921270294428086,-0.45600163419081763,-0.5950364436966408,0.30465434956069937,-0.1100262174363566,-0.37855737720809723
-0.0644064275304856,0.4252726901785684,-0.9382299909099219,-0.6245903287224833,-0.39508942951925974,0.5585366939269789,0.035844853326622274,0.22973695634339442,-0.5332543074915885,-0.5250042899493068,0.10193554684798783,-0.05388020746691772,0.17541123374077416,-0.11915269017625733,0.06717319677697432,0.019163340157167197,0.2670226618290937,0.2787190189729118
-0.711812028504323,-0.9627706528839572,0.3368349283129879,0.4112268065571596,-0.47211243855295004,-0.8077973933658665,-0.12359651250248388,0.2091248496348475,0.5558273680683616,0.04330858793521616,-0.3118971195396422,-0.5204626895393094,-0.1733439649109577,-0.29763036313332203,-0.5839516438707459,0.6415777787660952,0.536142879249633,0.2764949918429519
-0.40542370998130806,0.30492417886125445,0.21876701294150372,0.13993469882396414,0.46278255595985385,0.2170649062868539,0.09503201445168716,0.05378883327883702,-0.06465711686920467,-0.9144181319557205,-0.16752524910582414,-0.4234504636096972,-0.6862420268480383,0.49842100392829947,0.5172924925622513,0.36938259632621473,-0.07222027704968023,0.36594440458903266
-0.08213604094928209,-0.005838402430900558,-0.5243458613748055,0.0718392086095237,-0.06280294182024548,-0.6080181599237982,-0.2726673411948071,-0.28408032201089173,0.4668359701896877,0.1054968349371955,-0.24761032083158194,-0.15267357254773514,0.008120763495401112,-0.09072978166449722,-0.4425350667015928,-0.06998493878904982,-0.3080034904072835,-0.5096904033155367
0.07578323662646208,0.02780037478074218,-0.8433884937397831,-0.1777793441906027,0.26957506516741764,0.29498400636597655,0.2013456663185865,-0.19342378807492508,-0.5470072020231694,-0.6424686017787332,-0.071147108935366,-0.05727705708944378,0.329876020783584,0.2549354362783913,-0.23794788647091097,-0.6827387754027899,-0.31269906266280123,-0.09816394593423225
-0.12078052784563922,-0.27110487292094,0.061206696298081995,-0.24153032625412177,-0.29117366318002724,0.08463390403149826,-0.30871442645666813,-0.050275638813645315,-0.03863578526413709,-0.6036889948416161,-0.34041384395115104,0.4271933815615988,-0.6779698126470877,-1.0597997871415854,-0.9578760688503776,-0.20149402892270518,-0.20077109634029333,-0.26018234972342125
0.42919565523671765,-1.1256140495758582,0.10189327343764648,0.5680950043867463,-0.5075925822913686,-0.20840288105064103,-0.5282069345653896,-0.5847885861049528,-0.35755496968315725,0.34394394579986065,0.5079045025210669,-0.36142585769000035,0.8008259976807404,0.05303250284880234,0.7402783227353849,0.0014824521935556945,0.09122504247341012,0.18499170111208624
1.1638438583928448,0.23281661658374647,-0.3906034253347546,0.279901534756174,-0.25243062818790574,-0.3035976865146528,0.2277391077590205,-0.12326720108936289,-0.02427107039310157,-0.130107347451707,-0.0010681855556501224,0.03428492277663568,-0.9248616913531217,0.1165541491728579,-0.5428826862030758,-0.7269945724947201,-0.1734394158144285,-0.11648251694517382
-0.2908691638960679,0.3189460450000342,-0.5503367646155184,-0.17624419757617918,-0.24741635204035586,-0.03210160620289135,-0.12557383908546074,-0.6402767327937742,0.052593518038135015,-0.21191860561047637,-0.9938980542691205,-1.0205561291031686,0.03134093052649026,-0.05211827941632691,-0.005099397731638644,0.025075665086127547,0.12649258350228704,0.41532849163753466
-0.8132952783206224,-0.8376419551139169,-0.8061828611085521,-0.25328665108611625,0.12912563350497921,-0.5413890932494032,-1.3010536202678233,-0.9819708276481118,-0.6335883717223663,-0.5234652376020474,-0.4637291335058521,-0.2849412334115947,-0.3988122171012384,0.14562215944510334,-0.5445206070448071,-0.6190408685624768,-0.08256346936407488,-0.8883705127427073
0.00035120775487306605,-0.11450420088262106,-0.21450247034039477,0.4797849684865771,-0.40440845249101504,0.6685937938365036,-0.13471112456384304,-0.5553451228606946,-0.01657071247467319,-0.47503662500011057,-0.34524088399800346,0.11427477513359316,0.14757216677941729,-0.32352774878233587,0.3203013893379277,0.38834243452782097,0.49986003394468376,0.13710469416965623
0.39751771589890195,-0.9001731401250007,-0.2750163883867626,-0.4946558714647481,-0.10016342448442074,-0.37643345661407246,-0.2311793186866819,0.588153770174831,-0.23260410047494026,0.0008007449692966351,-0.25762391387648303,-0.13443086672405546,0.09224020972588562,0.2691631639407208,0.5559565517703279,0.7487911365927887,0.21368157031512378,0.3256522919656979
-0.4518412519995654,-0.026646145291586848,0.384620337628097,0.3548920070415227,0.09314844479268147,0.3630621355018424,0.005839582201642796,0.2896554019078439,-0.07472343861304032,-0.3327464276242986,-0.056130598622675304,-1.362704851736995,0.04936563294641034,-1.563153791693523,-0.7931740245697767,0.0769187787687842,0.08722307329910864,-0.5687601736635817
-0.22276461748834597,0.6102925947088824,-0.1315358533658409,0.9592443242244235,0.06130825799269109,0.22529067001573627,0.4423017448378519,-0.15203716808422343,-0.6053856068379118,-0.2483389952393073,-0.21869230903762762,-0.7503446754422174,-0.22379657819495638,-0.41834058725760176,0.24827935321634662,-0.10761899998452479,-0.23458204931765506,-0.16393652190765753
-0.13807289906127093,0.01940397345217454,-0.62720659789149,-0.6439567594722462,0.21454997973727466,-0.39225645530562964,-0.6067370089684208,0.13752491182357077,0.14534775048340368,-0.6522862748323537,0.05179251425577143,0.25423306504167836,-0.04932438048004789,0.05371363234200502,-0.7607866003988527,-0.06666289916407486,-0.3201268649507317,-0.3921950246524111
0.42071166491151973,0.6641992254133211,0.7902374429837727,0.5984125697459911,0.02859574849155562,0.21357748635416635,0.37559262358919576,0.11733465459528301,0.12116915004011597,0.3983647276259711,0.04515041646512534,-0.22285129967396636,-0.1261822171621172,0.2931711602657232,0.040804325652208526,0.17569099991956139,0.30763870605310223,-0.1103295759868176
0.13116849692122262,-0.019793727147342066,-0.6652560032952913,0.4055911479437979,-0.37162866603346634,-0.8333689058047734,-0.5125111198632084,-0.5029117003000162,-0.07362430856567401,-0.20403383824718227,-0.22922642308492452,0.1533871501643042,0.0047510862849398094,-0.004779909934427201,0.03273232473933538,0.11525480900875362,-0.974380394903119,-0.27697435909792617
-1.0253470676865744,-0.13883907117166658,-0.1551162307805229,0.26494986802508735,0.32179071519766356,-0.0721530225898378,-0.26084228575972057,0.1333665902173345,-0.2718649097306861,-0.06125491537830022,0.33375667198334646,-0.2838063931967301,0.27364908242329905,0.2223381742032196,-0.43053910012602997,0.34093527801325907,0.23080416487490069,-0.00785201832463836
-0.3520186645344131,-0.39077168875358026,-0.26215431208456114,0.16994850399343184,-0.4293393482839114,0.1279156181245958,-0.4131997386530656,0.0018750391227519286,0.12736157472789497,1.0615545309218581,-0.4674237893098555,0.6723082994943449,-0.08717397347496485,0.017357828136508394,-0.09977177371459506,0.03077978820821635,-0.20858498081468396,0.43450913351310644
-0.22232540697271685,0.41315687958887126,-0.297483797368037,-0.06383768784334265,-0.46852197019891556,0.14227253885618008,0.3890895102652129,-0.21990334443374226,-0.26771515198696444,-0.6348076577325714,-0.2806779339263239,-0.8260785763940117,-0.21737803674735706,0.23848757638382803,0.6753784370367324,1.271457502431975,-0.08686087608818643,0.7218932205983499
-0.05042443374145916,-0.20842448460066867,0.02511235478834256,-0.12315883243013465,-0.10376713565723092,-0.31125869103278603,-0.3546406975587043,-0.4128469146479967,0.4659011196733268,0.09392313032655067,-0.03383239350163064,0.20800541705009745,0.44137773430838867,0.19555041035269688,-0.13901714151424932,0.6139220154017175,0.7550790343347904,0.321227495271279
0.4781139129775084,0.5854325071653967,0.5406882350016777,0.33428817928492177,0.3279873272698255,0.29651273777847337,-0.17086432849556488,0.5483600040670868,-0.27425484712736903,-0.04976904072676941,0.7894967684464876,0.6041588064009316,0.6154615520436476,-0.08816751730561435,-0.4403973003414045,-0.07567264265883458,0.06131475506553223,0.05209772270530643
0.5605539513100433,-0.03742641019401559,0.24789554852853235,-0.2883690999664798,0.28720867102488784,0.10832517988161733,-0.5314175709211129,-0.32582398047724703,-0.30516253421339457,-0.3395542873421444,0.4770442612997675,-0.27087063653045773,-0.1738318202949255,-0.9152537592680472,-0.4339563170157814,-0.18150274600653155,-0.35061444669464753,0.47640966112712835
0.0936152993859525,0.6749681092717409,0.18427226316458717,0.1744815441130706,0.12407183045943956,0.1611089101930236,0.731953928256341,-0.8834083636640901,-0.7561823707390743,-0.17283240538604838,0.05024707981142475,0.3204776969420022,0.3970118340633262,0.05407858970010801,0.615394432149041,0.6198551161134285,0.28140008736096234,0.5928399838470726
0.13433986866636347,-0.19931144741964155,0.3044084988935138,0.06952701232498301,0.02581770199530669,0.6144631921693418,-0.9836162583316925,-0.5703410749794858,-0.478095577465406,-0.14857166594318016,-0.10511067482206998,-0.6061976660248769,-0.36202908935774686,-0.3123025478428444,1.0150037603969406,0.7527309026654424,-0.132665643507276,-0.11339919255613584
-0.3813361009698515,-0.6849066673846405,0.03159342334205659,-0.32079529539214413,0.04440528524066229,-0.5617368417119247,-0.24896319101186545,0.11527743043337003,0.20231043142581265,0.2228153758090435,-0.4723690013505773,0.3977008843664624,-0.34830139331978094,0.22492645116388177,-0.03247218532631804,-0.57877171431022,-0.154695796511516,0.11792878214646624
0.3372067361314228,0.03562542496381573,0.7047321401820044,0.4950248923362068,-0.010641062618317954,0.39206930879636104,0.8267421875455299,0.8374186337834659,-0.4379751588587439,-0.31738845099260515,0.6471923081637955,-0.3700876268647998,-0.6101649541320785,-0.27562615309502575,0.08694218297442732,-0.12210718345984552,-0.34137394897764384,-0.35083348550521054
-0.009371545544741455,-0.07624057124323502,1.1882164311307668,0.39456770869456403,0.6302669019822376,0.07993229297277256,0.1135569750470119,-0.09748194662671054,-0.8727436880462494,-0.3632640648177151,-0.5363078260707264,-0.7119738652592115,-0.43597636683512303,0.5721494946367705,0.024392755802376348,0.5583927278125878,0.20656025364446828,0.35519075317018184
-0.5265085540149474,0.043430625783950905,0.12533593773662094,-0.3968086727865946,0.05766639235334914,0.06032534753681579,-0.1138033167786278,-0.3430896412349927,-0.3676336010859036,0.14061994844199005,0.23682167918913127,-0.2109926005097605,-0.017554953352350078,0.20002572457260462,0.21908719598333085,0.5925629581662059,0.48260324299642776,-0.42870566298540724
0.7042192058753814,-0.1816058797621135,0.44873384704194347,0.05797937248060796,-0.13407502932261461,-0.6922940218498008,-0.03323736854745217,-0.5883648585831566,0.42230812987619604,0.6421054983947864,-0.283375960179589,0.15617673254679557,-0.22595953549638986,-0.18719681874791555,0.37399495485294887,0.048781768569435294,0.7600562900792049,-0.12869591817436812
0.5345631109722349,0.1737939431655519,0.4531397818801324,-0.044034484949539605,0.11500504296180601,0.08862902626286519,-0.21736686836456798,0.381888591406448,0.3771555798050926,0.3544778555359736,0.7318422391408048,0.6967938980682684,0.058737491133376715,0.3579362944467021,-0.04072490863025423,0.21805749351885306,-0.031184412574515055,0.8567434907274515
0.1774961217988046,-0.05519478958014937,0.5094642904041703,-0.8362293022565451,-0.7736241762844964,0.35035232374952907,0.216239688096358,0.292230828953715,-0.33850613247800865,0.18275882450926428,0.9934560730099476,0.521732156767756,0.1709164868127713,-0.07258769528632861,-0.054795271992111094,-0.7486452869243606,0.2060900371241107,0.44122711214838806
-0.5107726164857896,-0.14509164254026988,-0.34351073851091235,-0.2666653635410489,0.14086776511121663,-0.7142857476129333,0.2726431926758657,0.32847704530651295,-0.07350601788172492,-0.9653483866607766,-0.37163243306791577,0.5200957909741186,-0.9303212239704896,0.041867123443531655,-0.2911238230659643,0.502704608954874,-0.0891690925364452,0.342458096615184
0.3619981695393392,0.8703043377637101,0.0546372244015539,0.2862317497207465,-0.45820818977927236,0.6119794271891996,-0.320405352616851,-0.24050347902340335,-0.025100931327989406,-0.641355551524245,0.07530619818327008,0.37078469578169926,0.19326161895438637,-0.5594709361160203,0.026564371823605895,0.37289965074726594,-0.6751074168308934,-0.35381831597161584
0.43473123467200425,0.19215196671831086,0.2489024258900978,0.8279117160887209,0.2715349044418773,0.347268997212668,1.4334548948895056,0.26363486076597886,0.03000357855477709,0.5202752433010283,0.5247530957577331,0.13847052722369185,-0.25655949726687277,1.0803370793910976,0.2871366987102754,-0.136514842005764,0.5227714314669057,0.11274124993053246
0.054967734184835554,0.3810294614777654,-0.3606325945807079,0.29717119427883704,0.921302235804669,0.34259137759089237,-0.06505408938252863,-0.11741136004043962,-0.07870523720718656,-0.016154319088255237,-0.06569186097245161,0.4519553285606839,-0.3515201389732904,0.6865635224751565,0.18988889225327849,0.4925426165884519,-0.10903166177004259,0.8732159290500774
0.7088658441804552,0.5944480704117354,-0.39529005020570984,0.5422602885381271,0.3725538951659895,-0.43149663874132116,0.12434268013564614,0.2798754292572773,0.3564917431732327,0.2049661804235146,0.2505542003829242,0.7235061905452106,0.6033618884975069,-1.0338736569798623,-0.014027097401837843,0.047087913515654445,-0.5878911045575534,0.15062154782615983
0.6201503109370253,-0.31397994186341344,0.2552075774487716,-0.24568218894575247,-0.1481176074990481,0.7116046556408369,-0.11252882215136441,0.2893793014976155,-0.6439929405310293,0.8494213304513177,0.34555528441596517,0.03149436883326093,0.41293539423784664,-0.3812109813412353,0.6557290869389516,0.053122880039316665,0.10108898421851487,-0.013945455748305031
-0.13843662145331528,0.37169218429628204,0.19618667968660777,0.3545231962061346,0.09030606385069004,0.29910386407579104,0.02641268587999103,1.0858449200138258,-0.43321998312219306,0.6983271128752001,0.7411151637383947,-0.14691133893623115,0.8743001345173377,0.3807868034730756,0.37104629302411296,-0.006200434894700985,-0.10429977299252224,-0.10117284052089492
0.2720985367934923,0.6763608082792438,0.18841198541025322,-0.24869115098923078,0.44565712321967726,0.48434659682360226,0.5716055936192914,0.60794134485017,0.2013705301770537,-0.06185388461205488,-0.03753559001613499,-0.34444351714296617,0.3792528467911396,0.2510938888821222,0.10847832036087615,-0.8977741275652682,-0.21445358570490794,0.7328096627340264
-0.14228762906428857,0.2677994420237004,-0.43271140102913874,0.6990449639046563,0.06595170693909325,0.2395789295543779,1.112611706551125,0.7888758300342127,0.05967354128362806,-0.05498828414969251,0.05208178519063847,0.3862590891890655,0.03449608903068777,-0.08151191527035245,0.6634582430146532,0.030901786019901463,0.9964213799459641,0.11288276823190543
0.654860531143645,0.08366094253800468,0.3259174027535331,-0.34911124715333575,-0.4007705155812108,0.12461555545974898,0.35834991221932316,-0.020968783966617804,-0.5516287188002819,-0.5811747312825338,-0.6079259456412994,-0.7441202299425553,0.2636126387566813,0.6698360636610564,0.21445218020792275,-0.6843474079572948,0.14351431084402677,0.15469889632480344
0.9885001537682407,-0.4327545114897576,-0.006170387361613315,0.8324417258958906,0.33009199021668423,0.37542588308463487,0.011366693990635418,0.09751033464398998,0.2765767312924985,-0.3582616083760225,0.31675635074436403,-0.5836682875731316,0.22297442143866184,0.16312361762057745,-0.1548900029707966,0.08255312217578789,-0.15738882876017465,-0.33705329843865117
-0.09457867468100654,-0.3947282321842134,0.17598620760175046,-0.4131669756964942,0.3316580311608718,-0.4257244052070768,-0.17444709885596354,-0.19777049590963264,0.5821295589263745,0.18418684562307575,-0.03262265364131871,0.25155864380432835,-0.689751657520664,0.13587184555484833,0.9521309525331164,0.20606388397228032,0.18029054907894548,0.37237663326808973
0.5633604292384468,-0.5938683452432354,-0.4678122608037022,0.2892348483471672,-0.08083229284629534,0.7299284368006743,-0.07392825147581278,-0.7216707898069704,-0.45506406225932206,-1.0477289033739534,-0.04150871043488825,-0.023212146427476578,-0.023719016760055625,0.577617682764599,0.625474001759381,0.07791069781025901,-0.7078113998380389,0.39297869934960694
0.34633199983531143,0.24794453649465925,0.5167798081551276,-0.34174333015253483,0.9276900629059368,-0.259583192824866,0.19257660479331554,-0.782051643852367,-0.47921844099504673,0.49943489260310814,-0.21147249528736628,0.22885647596609285,0.11462068240406052,-0.02214473548370701,0.5653786568894379,-0.07482500294439808,-0.6924567161090263,-0.30145750986432
0.3879585477110541,0.32568549877537967,-0.45934144386379894,-0.122255151532904,-0.06520668345052222,0.02129401858468641,-0.4179561276147656,-0.11893913542193646,-0.15903488627795603,0.44102261173062274,0.4560578322219525,0.07408512459032857,0.0028499410363034966,0.21563558420024148,-0.16696418359763388,-0.2990669734823803,-0.2164226241856907,-0.09425940620398658
-0.531184370347273,-0.0009710268052145615,0.22609141908311886,-0.7006341707496613,-0.055743365943951136,-0.1537691685368987,0.06327694736769968,-0.07850203408845671,-0.6547662388196738,-0.5782822463898877,-0.0615570966130324,0.3381858410511823,-0.9262679058753848,0.0976976744624484,0.4352558446568737,-0.10180330794066883,0.17948804095239274,-0.3218205898173045
-0.06514263885508441,-0.6657615664675943,-0.9551334825118832,0.35971016134577644,-0.4113941302341104,-0.1996072971457059,-0.3855042401210928,-0.3949152200465658,0.099537581149138,-0.12275821646727403,0.32026106038486396,0.35008802877882134,0.22587578550700615,0.19297624334854074,0.7286432089499179,-0.32950158064079116,0.07556198049599618,0.5506118551849988
0.38552960575494905,-0.6889917777180947,-0.2452284946426135,0.42296212036663866,0.0829453240993606,-0.04218110538835643,0.09894891311218476,0.0325024202029493,0.30131041572217715,0.0850731404922541,0.1689913420682698,0.2174622729320624,-0.30628961004857735,0.17779075090139765,1.1306368607149904,-0.7458556543816078,0.09454401102481422,-0.33913703409873996
0.14857435374075387,-0.06376368793580175,0.22235523235003934,0.38781595333656577,-0.00541823015967359,0.37043423809872517,-0.9744120671527022,0.599488009529178,0.1133319511197048,0.39444443266084156,-0.52464320757384,-0.3690008622793655,0.08146355614710216,0.016273082754207288,0.13631567369318834,0.45689430286117894,-0.6829998876319472,0.4126158671761161
0.10096087876154455,0.016135370328554652,-0.4907979789755824,0.2988675821291198,-0.8679950256340412,0.3570057192738588,-0.5805074978198637,0.037718001416322686,-0.03133269856183511,0.4841500952868866,-0.055127231236223,-0.26132058808893316,-0.27640280629639274,0.435391379593954,0.14075705976444594,-0.22801372051717606,-0.1683402958937169,-0.7006325641420903
0.26118851076454913,-0.5981274526542535,0.40651741675811526,0.15724746742043907,1.0605795502535018,-0.3342553910657896,-0.20720978599299011,0.5531701307924881,0.31041090653982883,-0.4446297702086968,-0.07655797822735785,-0.16534520701070207,0.07482971706000563,-0.31742480429158915,-0.07368079097795105,-0.6771735800083428,0.01609675084957559,0.14205563947107558
-0.2636406153069665,-0.818693206483328,0.22273989489117213,-0.026862835052291936,-0.4630788893298036,-0.28491302898463844,-0.595759649233791,-0.4056559392322172,-0.21061642666391123,0.49587643679100507,-0.25129324447604573,0.26059357561044805,-0.38065537208277556,-0.06614986659739364,-0.22188709179566446,0.1838937490989538,-0.3792534262255668,-0.7943401909391199
-0.6707315835733353,-0.3307029686049852,-0.6175759592991034,0.04613283524393831,-0.30425923697111334,0.8318906489826904,-0.8170292845944437,-0.04049017505567038,-0.5731246559418585,-0.3193039826926623,-0.06537565720337321,-1.0520919964893056,0.04736194098793654,0.7137944791823927,-0.22874382507471158,0.05655463699492935,0.3626001715228853,-0.11294990573807308
-0.3255889981534615,-1.003499484229569,0.16319136501712117,-0.13847228663242706,-0.4982784632961329,-0.04256623862979073,-0.4277810304197811,-0.4056793401435188,0.04820757474617471,-0.7296618522268464,0.2246172267321948,-0.7533833529446701,-0.3462471353846202,0.6880119055841163,0.3697753326144543,-0.042124975044338556,-0.4573786582430013,-0.292875494722472
-0.010222314779288533,-0.02452314767772773,-0.07588081246395226,-0.051865446247240835,-0.12528248449561274,-0.6163239348695723,-0.3336308004841768,0.238823117974895,-0.6743602226402906,-0.20284870823555506,-0.4549280751281813,-0.08248633186059912,-0.30756163262851977,0.4388491057880751,0.05052490147430903,-0.676829626512677,0.11638284444368693,-0.46196910270661773
-0.5162873797858232,-0.15996122319196107,-0.4821877991268637,0.07165349529437234,-0.595292855840168,-0.5330674522713551,-0.41863096314094034,-0.3823381050637124,0.2835940164974284,0.09543591172242438,0.5278949758831316,0.750975075838005,-0.5272974142931262,-0.0868429505892746,-0.5854907281775634,-0.42605297261949704,-0.36704360562245797,-0.5378725511754999
-0.7007575014042453,-0.33771634365298175,-0.7666899595994426,0.05684819141017336,-0.6471040072118855,0.843824995793677,-0.33277230477816944,-0.12341146762559052,-0.6703549981788255,0.5302181788586444,0.29558174792875513,-0.03345217609796638,-0.6450231559870712,-0.022035385385396858,-0.554874554882147,0.4786399689140994,0.21737575626602415,-0.06812652108015052
-1.0541514138230044,-0.4729675399876877,0.19550330411587363,0.405552328165187,0.3640667760727773,-0.7164063494206575,0.08702515009548192,0.3726103139634921,-0.6969299988625778,-0.036757578778974245,0.0759411866937028,-0.1539016065683737,-0.9310642103983074,-0.32047871226731833,-0.3211216403398364,-0.2494284300569285,-0.4155880384078547,-0.36740432953441376
-0.34677898922775546,-0.15391463430107982,-0.4526671814316312,-0.49475604763616504,-0.29395486098718104,-1.0992628466470369,-0.02370932777016188,-0.21474861750992863,-0.19864596802172038,0.16977034437704053,-0.9956495906800444,-1.0040569266043307,-0.03934693884073093,-0.15171521902154506,-0.08079769969336585,-0.333719307039117,0.11687299272583376,0.22418706022630927
0.007006787928794632,-0.29091751301364943,-1.0296618846975776,0.12110835356303509,0.302105336835221,0.07123723514177585,-0.3202610600075442,0.3011136684065616,0.37580779412403664,0.6551224100590928,-0.3188480587517246,-0.05898592287819693,0.05644723732996085,-0.21949755455215814,-0.6893926239479312,-0.07661506911674004,-0.010996929601354566,-0.20727642459502044
-0.04219603509941178,-0.2335123666456815,0.4612815683150343,-0.4903068794564601,-0.364958311076901,-0.1256358005603792,0.07283646097054819,-0.8776944181476236,-0.8028638500159846,-1.093836553203696,-0.2656670600085006,-0.7260674769924265,-0.06548592693833943,0.3528853930255105,-0.16828297124431135,0.18084692616617307,-0.03140104603186156,0.35717984310740203
0.08267508264676424,-0.3841496227622833,-0.1748368456526203,0.31012121479575855,0.049974603809199554,-0.6661609673928919,0.27484751050066164,-0.42124396294238675,0.577605514016511,0.4222398219685185,0.12855447639946888,0.07549342340658592,-0.1266437776759005,0.22837870529507875,-0.19134214304975714,0.051197072991025064,0.305742871342848,-0.26775349267516835
-0.41063583780152263,-0.6419049340950285,-0.5899478402557138,-0.8955168663818458,0.12777277380096702,0.5594070750278636,0.3184935829465913,-0.9020717898921375,0.03830387418094902,0.3172045455278916,-0.4343619867369966,-0.21105902218151118,-0.9258347420095747,-0.01598305449704987,-0.5481014134615936,-0.04282351452310067,-0.7471586905632586,0.09446576810333188
0.2238692718216677,-0.4992077430350753,-0.6407048309131821,-1.0483450153690006,-0.2925012119790791,-0.4185733720616503,-0.7698692146371386,0.031746052826951934,-0.3294496024437764,-0.5797558331560098,-0.37129041195409557,0.2790603658739295,0.20902594380550324,-0.08415925829598159,0.21549317368935536,-0.4965136162512812,-0.019200793405773464,0.026780098498002558
-0.25054682450533583,0.11157111327712213,-0.3747856029636256,0.14131606200460214,0.15813128750667177,-1.2294761733846713,0.28003336297875214,-1.4151419445663966,-0.44250852864774504,0.21405029527780706,-0.3230036085262712,-0.7825633114131118,-0.782489379432539,0.06576774378237718,-1.1135963669653262,0.10660188563893616,-0.36703539436278654,-0.8219526869228442
-0.3478654323369442,-0.5215091398565243,0.23187067692754368,0.17835172048926753,-0.8022838569662865,-0.2760562508236014,-0.5227871281439399,0.33989112417751915,-0.7175525104567975,0.4641787786677766,-0.190830759013004,-0.6422866257582641,-0.6698176434395553,-0.7195555061432244,-0.9087553306420466,-0.36097722594369386,-0.8900741901125815,-1.2710544533311197
-0.35418822015748874,-0.9234601103853726,-0.5031819790452277,-0.5659587872595617,-0.5508040606285451,0.598067608817842,-0.034915619119690294,0.040668157610614264,-0.7680395645244364,-0.3190654994422874,0.028640805989086193,-0.4672918111527211,0.1856800616091301,-0.6586237101584762,-0.29209153014413436,-0.4119657317882876,-0.11181681204529771,-0.4337411045402345
-0.2351439318465841,-0.2212385177294034,-0.4205415839747295,0.06725106638063592,-0.03143113108323903,-0.16223205911947608,-0.1527594243483352,0.3380415212444469,-0.07490978848922447,-0.10325500609392677,0.06129992099169848,0.6980585822247884,-0.8045576682551254,0.03952757217549799,-1.025683649541886,-0.1815059217551943,0.3616179459968485,-0.07294777525972101
-0.015480089454837663,-0.307909908391985,-0.07131124067533309,-0.1845552470320973,-0.39812076404329694,-0.19968036706070272,0.07635791160976596,-0.309881380053066,-0.3255072809146835,-0.5470919276776796,0.1532954577947486,0.2151347521460143,-0.053043397886599994,0.24036062151025936,-0.11056052074891598,0.011096799365095705,-0.024172605326181863,-0.18232358334849014
-0.1526805630254755,0.9453092145431479,-0.12113222371501997,-0.20670291622179116,0.23325209760642623,0.1603899343443855,-0.7145778081970705,0.296410112672556,-0.1903390192932728,-0.5970336272392277,0.32285245658861017,0.09760903948552213,-0.5974266886384305,0.619263244243825,0.1719090554872123,-0.09568833810928326,0.544477630389447,-0.027890778327408577
-0.03365520975943846,-0.2865420261266213,0.2103181960050058,0.1682192072117663,-0.016549923761941157,-0.3384165212648669,-0.03065688264009872,-0.11054833861138343,-0.6160185518002087,-0.6713537648362026,0.14343252721737954,-1.123384150327204,0.07315131407158153,-0.20024611981445223,0.5142857460390415,-0.20640018037447277,0.25478078898783596,-0.1677784332080391
0.07814765114170602,0.32738300211526916,-0.15237389678258345,0.43127034354661026,-0.3648307610953446,0.1504855267706003,0.20204080590015921,0.09699991350115204,0.5995628674791822,-0.47239081013924616,-0.7186747837544171,-0.5647491266130298,0.06154333234370772,-0.0034645205679156577,-0.16173103041670078,-0.6518165139185191,0.10411322305595726,-0.6925156053358833
0.32694824573059755,1.0063437820357837,0.009948871408457807,0.09661166704293483,-0.33377549477838614,-0.8607169156548891,-0.41581362405975786,-0.6118839752871686,-0.7535277094136752,0.5142180979505908,-0.06558087163735969,-0.02285084660207541,-0.15921672505269202,-0.10475621195156676,0.3502124939215412,-0.04854262645227841,0.1766697962357009,-0.11400949811219857
-0.2507719152872271,-0.6766764252351531,-0.9050103839412595,-0.21853551942096897,-0.09131208219711516,-0.6283627736779247,-0.189912504955628,-0.15462153374557402,-1.0385257613655265,-0.5421724227335754,-0.013217001447587431,-0.02129906718347728,-0.521523465613589,0.003325721146209274,0.3489093910905041,0.25077568454267457,-0.09816781385925855,-0.2472440243834017
-0.3220047977051097,0.11686090919255496,0.007774585285847315,0.18149459846957225,-0.017517478722847094,0.2572385761676689,-0.05264932220534174,0.22338915106425278,0.25784277275823375,-0.41229698747834725,-0.8137439541367202,0.5269108070173996,0.09068541858820427,-0.697772431895149,-0.29750587258418487,0.29677164325123095,-0.1238488061498576,-0.21680264142435127
0.5145505439110881,-0.4647170587676227,-0.3650635433160321,0.038752389805208516,0.11037977260745441,0.15273501352219412,0.35801084537879085,0.07294707582381883,0.18926920312657575,-0.1101680761748212,0.01859494884589779,0.03652929957266586,0.0026171237019723473,0.22559379240746225,0.13863614215229036,-0.06573532946556886,-0.407072524602058,-0.05635362740055828
-0.1278201497240139,-0.039340403840436966,0.7659970870904447,-0.3261221471822105,0.052302571884427496,0.310771791132003,-0.1677912903208246,0.7281459917082884,-0.35820777265316844,-0.07735636703255892,-0.5265143539177706,-0.347601950017895,0.22207653815944794,0.4610245989238767,0.25014090761021446,0.6261489137346792,0.08451684976371607,-0.010364437934817367
1.2081874055674366,0.2842884224324941,-0.1611992557357373,-0.1511121422435458,-0.25047860315685444,0.501221104998397,-0.1503862874153734,0.0463096200045176,-0.030038840033384133,0.2879615929182972,-0.3433330074116847,-0.4348642847152829,0.07936805802966503,0.23003284903698612,0.1226620603960836,-0.33413235648190376,0.26064307199358483,-0.30789523568122634
-0.031197235564176473,-0.20016318753842402,0.6978815618111892,0.4307868387613165,0.4194155726219262,0.676302790807357,0.8895427107776593,-0.9192074300818922,-0.5308676208686732,-0.48198702218763956,-0.5758448374709072,-0.6665502875593151,0.0028839040587193,-0.36389635643489643,0.25676207669583084,0.1434244582523114,0.3151565955863277,0.32583651033616656
0.1779744159878754,-0.21259190011234813,0.7852290356706717,0.030544121210043892,-0.8082222264327132,-0.4641786236892822,-0.5080816661484482,0.19505338112320106,0.13939743984134467,0.0007492503028949937,0.9924899744228838,0.40771267909344244,0.410164267712379,-0.25270447204299606,-0.2799330333985597,0.13444712277262716,0.18892777899473562,-0.6227997037119375
0.0336048604060237,0.11135650269523925,0.019668003237385753,-0.21962849539283325,-0.1100864032226187,0.03498399211671892,0.045717486735669235,0.25131411031187734,0.44173995927199866,-0.1083416121192498,-0.17306500115449303,0.18445974670537263,0.26227159902396086,-0.1557465408439351,0.3340910232460881,0.4097677689220084,0.5346082187230884,0.7292619951475481
-0.3058042988298197,0.04632144036696034,0.045273235281419924,0.0015327292209528299,-0.21894301121009857,-0.5534626446584727,0.12935882683526795,-0.2150552153954986,0.12668444072271642,-0.22533036825587494,-0.3475762899140702,0.1860063925744255,0.194671711788702,0.3660158895944768,1.0086486076331538,0.24521891355044234,0.3283358078917554,-0.29672143048082655
-0.48604474951231813,0.6618500054115651,-0.3406736852710898,-0.38885940188522516,0.013078658215610467,-0.0073587386487236894,-0.15373146473726843,0.08528185035480826,0.69902142490009,-0.11512630569267077,-0.3501978559064204,0.5843085861999652,0.3452180229887072,-0.09990819004597218,-0.48456754823727477,-0.14955008436193282,0.12641748347378393,0.6145680941670201
-0.27583040831090866,0.10499442903236472,0.4088602455949133,-0.8137045544118143,0.5523168488125141,-0.33417784724562083,0.23839838871709124,0.20427345117861503,0.5394347479198555,0.32596994369173354,-0.845316005357675,-0.20831150752807914,0.12211577228219476,-0.011158233907032048,0.25787801244359093,0.38258034280876496,0.3102144151127544,-0.018876256480903353
-0.6796448565190054,-0.12330255161274015,0.2254372071847689,-0.3772889530910043,0.31139983997781734,0.4222472668361086,0.2839884565758259,-0.9922702804674695,-0.2779936790272325,0.9877173294799216,0.014626548846137677,-0.5604156231941095,0.5135981959734339,0.024841477266794088,0.46147543623241516,0.13028271073707107,0.20292289513419245,0.1647029397351316
0.11385313759965077,0.7458299922536902,0.223260347214926,-0.7972779143069633,0.013522418942812142,0.2914501200725379,0.4579608879463053,-0.19376142789179296,0.44285834340709795,0.34797752515232894,1.005887540119739,-0.3231201291675577,-0.16542928712541952,-0.084916675949231,-0.15855791658075954,-0.31847735647069064,-1.0675392588347468,-0.13634884605450306
-0.0463680325187143,-0.39139999460104036,0.5800412170129678,-0.18876093131233107,0.32230036567497805,-0.08954309130668875,0.682476138835828,0.4636098364519498,0.8994270676399501,0.3742889549314852,0.5503614981140392,0.4984463883385424,0.08064670755464085,0.3579538183754391,1.0897153892846412,0.08780211396739156,0.36374684794686774,0.6990724711533455
0.7053905515424911,0.253975806252525,-0.7040662420181658,0.45597036662416546,-0.6385004642844422,0.8372641315412714,0.29854759146255483,0.6306276509340462,-0.13008641228716988,-0.39024494633477114,0.3350597966417175,0.2173166670027938,-0.07878398869776135,0.15169685405821048,1.2248066985780088,0.45164256071272807,0.5376317841104324,0.4554070983864473
0.8453694740152797,0.17755594731410457,-0.568319906595715,0.17815016327199862,0.5782789004730032,-0.13433554157162692,0.0809326397393649,-0.1252288772658282,0.7522907206723493,0.45126182609772253,0.41209526819268066,0.4001195451834856,0.011040847692523337,0.10496306172437553,-0.44813328349955295,-0.8486362427868529,0.08597300085138374,0.1555366512222319
0.8100558916188192,0.9548843906816151,0.9543494582482468,-0.07285937306888304,0.18544405026876037,0.51848378260122,1.292885773982489,0.8721635843711844,0.7278827676849701,0.12500872066590174,-0.07315594957643187,0.5956870562389138,-0.4711348196215831,-0.12624485431996013,-0.07678149352860812,0.6062945217212841,-0.1727492351117101,-1.0065701693568854
0.343165030289213,-0.13822157001734486,0.15843958099932445,0.10670529088737625,0.0319055728971184,0.45752340393810725,-0.5868694438875768,-0.18052918252823785,0.29989167270045874,-0.21935740268424103,-0.6172461762544826,0.2936986447562006,0.675560993438697,0.20832505820487884,-0.5580150981257317,0.5087110399416079,-0.43763201130579393,0.3498428520013477
-0.3371797030191601,-0.44612988742908233,-0.15895817995417225,-0.05551319569320008,-0.23987747327687545,0.25328713816376414,-0.06021993218298989,0.5102841678692723,0.2306770854579354,-0.1608150634379796,-0.2281681343323708,-0.5407907004184319,0.20868473599779955,-0.04944355404947265,-0.8564867463743351,-0.12189448425668944,-0.2680221468509102,0.7226625017193348
-0.5737097025781688,-0.46913857771446654,0.5513895994214351,0.6501070051647404,-0.1905914333111016,-0.14543258694440933,0.5402793247058182,-0.637054752693631,-0.45069230771772945,0.18149180574420837,0.9137413925361437,0.11949313081779728,0.22277361870391518,0.6359146110354582,1.0251527953211117,-0.04834048724947168,0.17566421251648293,0.9112209905469905
-0.4577503262895785,0.5621618120085216,-0.25619682915751046,0.19211833062825556,0.054081764826883164,-0.23207525649349886,-0.42995985690194494,0.07384665986286687,0.361496645426438,-0.08861356711403617,-0.008673822345348359,0.19175054067778396,-0.11468988624741003,0.5698346263229431,0.6016948617816728,1.315408142457938,0.12351594673394103,0.09072490229052291
0.35582526748673826,0.37588058642209543,-0.16579594249344476,-0.11302615191477951,0.26469125414445627,-0.2827947774366245,0.04077492357562551,0.24082562572900534,0.6033639927105348,-0.03685092769018483,-0.5319652660306373,-0.5616504682256529,-0.4857149330820509,-0.5072167936795724,-0.04379400984756114,-0.45750176783863955,-0.2630516903280792,-0.29158406039241747
0.13489351478546285,0.8400983917339092,0.5758756948968669,0.31754842523506177,0.12668614689232496,0.13780359647545173,0.33055539079256874,0.4331244321527051,-0.16359019962845125,0.2140491050574815,-0.6131910246534219,0.28414231648002775,0.44658514555946355,0.029697998023638886,0.8683362472320312,-0.21076993019843113,0.22870161489729357,0.12739555010960688
0.32573761002493956,0.32012780980040384,0.4086986890060916,0.7050401743877828,0.9169511715122006,0.36495657920063995,0.6649553995887987,0.05812219221343248,0.6452111518106387,0.03403236118934935,0.7750929451553983,1.2230853216774413,0.07600341922748552,-0.7521804219069212,-0.09439219888188696,0.6175870281317636,0.3460676892261402,0.22440241388605406
0.5872880318521254,0.37760206516955847,0.6709107644506442,0.5515901601289839,0.7925008705649733,0.32733912303269136,0.33980083802253014,-0.14515375180936593,-0.2628872471986541,0.6604041335925377,0.06417894795402346,0.29964930376989984,0.223462912724524,-0.06063935340801776,0.17836006399292847,0.7483645140670536,0.3960629366717376,-0.5106223569322157
0.04137960561103421,0.8403949053233809,0.04195864350151367,-0.5927140884521763,0.8846969424105134,0.4004343921666132,0.2615217250893589,0.14095977418165156,0.7224676405311732,0.07273350852400201,0.7488294384208743,0.5064049829041815,0.35035253294829916,0.3106856848875973,0.18249254806768792,0.6707358108370655,-0.0936573700873745,-0.39629028797872456
0.23598193540158258,0.24270121747145185,0.1823023472492994,0.1532972340918083,-0.13801026509042644,0.30519896799880286,0.045532259075329304,-0.1310899145489256,-0.06100101512501431,0.8720113892874785,-0.6302349230410276,0.2636707514954652,-0.6848867684236918,-0.05653593270339416,-0.18669359143587994,-0.8472539160461561,0.1423724387993004,-0.1652578222510832
-0.575531342527732,0.5999784308064665,0.8381536656923396,0.8602009314153944,0.4077337707573541,0.2825744499276118,0.5960695072482939,0.7377602930260144,0.5182343400402251,-0.3118081820019454,0.14534480017594378,0.24061331660654647,-0.5573591878151545,0.3542318636000469,1.0756843301434929,0.4224620660720538,0.7558528323284398,0.23965349180321924
0.07643635628592128,0.25823224191184013,-0.2206069733143232,-0.2797863890143055,0.6122455087471961,0.6546606230260571,-0.42054996013637425,0.3630920879201117,-0.058891424143842463,0.11181599589473815,0.15998002187259128,0.37363275334829327,0.23433266303919092,0.7653101804146897,0.3250105181978853,0.45091909128172847,-0.13205965432098324,1.064708986575849
0.24459888497939858,0.3418678858354517,-0.5866054087872046,-0.2724118935342284,0.5518223908649043,0.17142536301445388,-0.7887117421397898,0.3921161233853083,-0.24071296994930869,0.5413269461424656,-0.05833411964969915,0.058682826199992696,0.5385294805794544,-0.29204953919906995,-0.33019107399078096,-0.011651719016447973,0.3978167689912838,-0.46540325190260134
-0.546972226892031,0.4497299838811246,-0.12094971196319382,-0.03664879210450556,-0.6224825477124587,-0.15135011267718518,0.10944952028908592,0.48462758199070305,-0.19601562755230936,0.7754268870345449,-0.16134597073037413,-0.16076028169252374,0.6733225256659625,0.14296356585240844,-0.1624303866977891,-0.0036737475653958115,0.5996089359236654,0.6448606327571144
-0.327428903838054,-0.017685156161594905,0.035351098937077614,-0.39520767633659065,-0.022985653189949336,0.0014175120507285768,0.40271012086552566,0.42959634061531177,-0.1850574300527718,-0.1389549282534933,0.21234325011308564,-0.2874490502799732,0.3351605183624202,0.06454186271977327,-0.28805497342798914,-0.2830302274843995,0.6785279360799,0.03713586601013973
0.7137793822398232,-0.14781675960546525,0.17411982513309615,1.0147084338877954,-0.3653169531848129,-0.7014880552794119,0.6316147132485017,-0.213744981423621,0.10869611509111497,-0.11738862344702547,0.22424377311573493,-0.2632358221406884,0.005455900003973307,0.25735806577990944,-0.32589161935240907,-0.2026016767010598,-0.06152119828211695,-0.4940942385332156
-0.285708650531579,-0.06916564145091972,-0.2765038340474518,-0.22523485458477027,-0.12464492577471459,-0.37898164238500603,0.2376908493222611,0.5356570728962204,-0.2244863339026692,0.15534511556659303,-0.13458103919834857,0.10746076099091212,0.7121095008904995,0.2892615056164373,-0.6235681271146746,0.2673959409879814,0.5789431857328016,-0.002840779590043266
0.51883019774639,-0.15546994116152124,-0.4736393885096524,0.1770438828323132,-0.5820144129992686,0.02466787014182044,0.40530108084735017,-0.8733409865093634,-0.6212345425764102,-0.5222487222754821,-0.13476376809523505,-0.25572253846933474,0.6276501616925704,0.4497349406508144,0.26610478744157456,0.12624773475168932,0.22528751980806633,-0.2767973331112146
0.32848350654360214,-0.4592183366227232,0.31975016268184964,0.46005636596848964,0.06994520595619214,-0.08488585846383312,0.10338351792240442,-1.201347793441734,0.06416284199271961,-0.1020820445373877,-0.0769916906242613,0.22587255975766612,-0.13206432995293169,-0.5582395039875038,-0.15871782965719178,-0.07513456769471077,-0.05618319669463547,-0.03738901441301334
0.5118851990564135,-0.33827624012466684,0.16641776355493218,0.6121094605362886,-0.597707017685886,0.16799625340101365,-0.22022318658799578,-0.13435593958802036,-0.34799478708454723,-0.053892072078956035,0.7504304599719833,-0.4918439302696639,-0.38855985619544564,-0.4414896832693165,0.7702514594473258,-0.10565173741242939,0.0690285206570157,-0.0818290316464105
-0.4331882980865249,-0.14947940537106247,0.9278782955693357,0.5014092216644137,-0.39659427384219725,0.203610494499386,-0.3956499642007789,-0.7735879106727167,0.3447635119316235,0.400996283523192,0.35538004528493145,-0.2509869548220574,0.014662493677102983,0.38127900874114673,0.23797120221714035,-0.07608220124092024,-0.5662559407693685,0.1269228649347024
0.36750866900763657,-0.5431305023004716,0.19140856598358208,0.06852149136666832,0.2359641186061247,0.28469501320079416,-0.32484030074527226,-0.6938379640411095,-0.26046201424828275,0.3085967230356719,-0.26385576538551947,-0.32467153351818784,-0.7604070632092365,0.6691920953809946,0.2984185301307429,0.2760914660705247,0.35522322827240843,0.19881641817797957
-0.28404584576864106,-0.2518199453457101,-0.35734004953367937,0.8675819980691706,0.036050508822947566,-0.3718344802374033,0.19073689498248664,-0.3998093818265523,0.6063408727516654,-0.2598894530068813,0.20497235836496103,0.4309292372132285,-0.060590673840603265,-0.1767100947947451,-0.21017725758019432,-0.23707453027744324,-0.4451774870936013,-0.39429146343048205
0.588847022330585,-0.04640378020385172,-0.3173076348828983,-0.20950816587439247,0.4371591451491002,0.26725352613600234,0.2534089920229943,-0.07373115883382511,0.2586223087992695,-0.2281471292501677,-0.0745682918082183,0.4171991156867897,0.25927167653601335,-0.4832033334119337,-0.43264997619504275,-0.04695853390624856,0.6000135548361917,-0.85666546081921
-0.06821816448323798,-0.7299686729406989,-0.4332837377216579,-0.32532270753713627,-0.34775467768619606,-0.39306971617512304,-0.12009405161752557,-0.337079102420305,-0.7079598297097347,0.18897096924103698,0.1781719910914786,0.214292848240994,-0.6888205557207064,0.04704050381858664,0.19786478510769567,-0.4850075845909077,-0.06885745794222203,-0.11903341533922
0.5842727642254456,0.6172109156031693,-0.8183300565339402,0.8449833030893359,-0.5186777876631895,0.23968181852911044,0.17983172890593954,-0.6066435541762756,-0.011060345903913249,-0.25138096114597847,0.013364538413403404,-0.11609854248730259,0.2601305084874801,-0.18824546840219383,-0.28555491343114325,0.22002040756225347,0.013753100282822617,0.07432007206773644
-0.3804950802823812,-0.5327655239383322,-0.3417492686800232,-0.362988965651178,0.19981929608222324,0.27573320873867824,-0.16920779790790474,0.4652119254347963,0.4402320754111073,-0.009796115534728884,-0.4359123907121607,0.5229949776792715,-0.17518587675626085,-0.1003128577725077,-0.286620946587525,-0.5066950668637766,-0.7382347084710144,0.10236839307801768
-0.42554440881523525,1.1116285043421423,-0.5466134203015787,-0.6151369772491351,0.09187149898878935,0.4995414043303311,-0.051405584237826936,0.15165552105979416,-0.8146604139985995,-0.34824606529182234,-0.5066877386701424,-0.8352597869942681,-0.2184512507718222,-1.1623743930255503,-0.7941217308163565,-0.4801208619867442,-0.5977576787618075,-0.1066799434985499
-0.1808404071918565,0.054447014421334206,-0.0021189908677772817,0.15325263179170381,-0.3038398439564702,-0.18168572362618063,-0.07392983976059112,-0.22187264157185738,-0.4374130444950972,-0.41151233426417577,-0.6055586798602539,-0.10988858856433578,-0.10933963706649041,-0.3370030676871342,-0.3366314951622652,-0.5558930585455436,0.31980296906245176,-0.04028649961971317
-0.5073440074199018,0.16119510025021352,-0.38640352350834295,-0.7248242503954868,0.24626491609705944,-0.377062795417039,-0.39176387882606645,-0.21173223460287965,0.22883144637349534,-0.22018932639602595,-0.7078510932006428,-0.010653441097678545,-0.3165437712562766,0.6326217070601995,-0.12299577035074308,-1.0165620807110536,0.020398107310682596,0.6552912353525044
0.5656172908066044,0.6676308908910747,-0.4726548987641369,0.30011013377916,-0.3535486405062362,0.024964935155218304,-0.7253735075681099,-0.4739748420253035,-0.4866912150176631,0.14322957598482955,0.10409511259564526,-0.10546464433988861,-0.8490207301795016,-0.4335079365372353,-0.6072987561344377,0.03901813972044915,0.16242177816952652,0.11370207145500594
-0.48771850355512314,-1.2814439847041064,-0.8924154950403367,0.3830200554445685,-0.3461327115162445,-0.4859205830943599,0.48848496616653136,0.3374848269873685,-0.15879966244004762,-0.2859403876335518,-0.22141963633321235,-0.07771403185297585,0.5273684663501167,0.05633652351716414,0.17776116703793002,0.355057597450342,-0.5805208465874941,0.18929431081189066
-0.2899740973876775,-1.1785846738321393,-1.0234144123173576,-0.5793936401305073,0.040342695913999624,-0.12662676938691436,-0.15203012759411377,0.5546005826102975,-0.7334126564083043,-0.23675015213786882,-0.10400260133885314,-0.5202860570797135,-0.14399361680755354,-0.795304048474468,0.4086381720692812,-0.42797013585290344,0.6572357510706712,-0.16831404440771194
0.2775796273253028,-0.15496294643083222,-0.1459393317385824,-0.36725353212317363,-0.08599222708785942,-0.006442321068751481,-0.39288173497502515,-0.12919609775290686,-0.3232178778317987,0.8406872964369823,-0.11507063937360057,0.5389145292696707,-0.17648990796627798,0.005474080970760541,-0.6267866043013104,-0.2770700123903485,-0.01402710732750393,0.536160556740744
-0.07222448769288436,0.39247054571380674,0.09527404531777528,0.48994293702248143,-0.184634485685415,0.7950714854973289,-0.5030933568201839,-0.6155196093336023,-0.7929560155301484,0.6234749929686935,0.01884415339262438,-0.44258316900665806,0.31203427986516236,0.08750207516287707,0.5988761896660004,-0.8067079319802004,-0.29371884220993755,-0.3725833524613659
-1.0378317709117693,0.1757721815635489,-0.3565173226696721,0.04749378164629614,0.695550073383516,-0.38965617707937206,-0.47174021289187285,-0.25581335193941235,0.09161992136435312,-0.5299642299530707,-0.5556636586818631,0.11959668826753564,-0.07399936064865648,-1.043346395385799,-0.7156118099715141,0.3750392553470135,-0.0646837769523457,-0.5303334625987703
-0.21237236041385313,-0.1389138283991922,0.15008484659220525,-0.6875138554633761,-0.4805881529880435,-0.03502619557450472,-0.2138965985024962,0.054780906750367904,-0.6657657252481552,-0.031111295795787607,0.2626706814466728,0.020764652555397313,-0.16201365189431377,-0.25601178882533887,-0.5515988089075513,-0.2464577847748659,0.28622399335321186,-0.2652697504390006
-0.39078877244203375,-0.23176601220882426,0.04547294220770236,-0.18427277557500849,0.15925413652258658,0.17427032759694244,0.20375349804461432,0.41758401478876817,0.24650371563169934,-0.5255353997764289,-0.513253552747754,-0.18214836470117476,-0.3685616582538656,-0.6434222061424769,-0.36476823302729755,-0.3778966888057154,-0.4568306112625822,-0.31440730982010207
0.23978358844154052,-0.15190153518609617,0.7571268787363958,-0.16339347727793213,-0.3476230612606926,-0.22994359862384545,-0.1693467528674772,-0.09784196137646772,0.5587409860987164,-0.6100717302359207,0.07167487902620107,-0.18884330519924364,-0.7530357443292253,0.18368286553692723,0.38245277702058383,-0.4674672088119501,-0.1281701944577664,-0.8147383521040596
-0.658245495192521,0.2644889197281148,-0.3412895137217601,-0.5982441012940021,-0.0629387655354144,-0.3636878838911956,-0.3662782697451754,0.11778080363500038,-0.6426429502086997,-0.5400956917076939,-0.1163176097754135,0.20981430966432119,0.39278524476821464,-0.3685035639723745,0.27247191094013395,-0.41613579321588884,0.6280048629349947,-0.5559872859956166
0.28646465584968894,-0.507521311194493,0.5603717134508368,-0.008398576926009621,-0.6513334802302921,-0.4538222602840061,0.1656043642740921,0.27418964923081995,-0.17515435450518962,-0.12900480543001802,0.15647309524222164,-0.0941487470110766,-0.6432376675896563,-0.4510253337103782,-0.03178774659363991,0.36035724274477154,0.5205572458105132,0.1859760444542742
0.1139911990317326,0.2986004490101779,-0.2676254454655552,-0.062217489486098565,-0.3305773939186035,-0.5004221496658975,-0.0009734904795800081,-0.060187772500164535,0.14066789866954318,0.08405163722291692,-0.03733538660451716,0.08825357113695975,-0.15446849382248998,0.027761302757460915,-0.4278530164060432,0.010487114924152718,0.12997181878290448,-0.4052678265603806
-0.07080675048936033,-0.3409805939382428,-0.30214226869294497,-0.5415113321273609,0.4147703799801233,0.3347344798015201,0.14785792061715286,0.7217627597037436,-0.14281389970113867,1.145589344970472,-0.15812738721907016,0.034961719628624585,-0.2765552617793426,0.03148612782086269,0.21680187495123854,-0.1630106534244929,0.593243842643789,-0.02178438234987503
-0.04545310518780518,-0.5172463374373718,0.01375237018826897,-0.20725814795563108,-0.3969431513667996,-0.46423702289123037,0.9339201671890194,-0.24017608478526886,-0.7175793530261618,-0.4140737686066837,-0.1554123205041401,0.08388162833293929,0.40406379096952016,0.45279100299000496,-0.07579894037553708,0.31832135968001296,-0.16827860336483658,-0.06571201092620987
-0.412043279713859,-0.520315231753063,0.3807241056294483,0.23048499047779986,0.3457064580774968,-0.02923446350403669,0.404320459618813,-0.6109183817842636,0.43883238729089646,0.1644453120747665,0.3444412201324207,0.2456066996921997,-0.5260808268926485,-0.7304746752343125,-0.41608043155107916,0.09470814743127107,0.14477780099226437,-0.6784356760306389
-0.5519412858115336,-0.44879581320058354,-0.30242356293097405,-0.7043218711653086,-0.7283222452803009,-0.4882356573872694,0.044180481128657016,-0.4625587892627416,-0.036642457350051706,0.4331000730953809,-0.5110329483267493,-0.07289935672556103,0.3149639753109873,-0.2622460743348455,-0.32440659453268933,0.3704596075332678,-0.21741954977794087,0.34685929189290543
0.04457589221422316,-0.26414812540059107,0.0648659480023558,0.001169541301758767,0.2813428641643333,-0.3463484793826638,-0.08788963644210003,-0.12897833499660288,0.177287193501166,-0.5144437409324182,0.30241875614039443,0.08215944571341872,-0.22104532970697943,0.7890298299383993,1.1993619320652917,0.7064582875659623,0.8765186066367868,0.33987325238723437
-0.8185316229501515,-0.8915778355217574,-0.05189683750764408,-0.3907211781467395,-0.519760166385688,-0.17902832864221763,0.24776896241170318,-0.579568171437671,-0.17801620084496605,0.605483120515314,-0.428580504821362,0.3494393221331704,-0.15970727644311175,0.2525025321164669,0.4731160310576328,0.3306977349704945,0.3978488690620364,-0.4264523851866966
0.3467022610103489,-0.4398388675400986,0.0050550845424447155,0.0045368531127201045,0.09528740186166172,0.036021048737905556,-0.3172061574797595,-0.5196291309881568,0.36925730591483724,0.09465166493769607,0.48006857031325695,0.002424660254982643,-0.6921475087915845,0.25637010788084225,-0.27823000838524303,0.006719618447608211,-0.38906553591260795,0.527638919572676
-0.1912314601826825,0.024422567848126422,0.20237395056952284,-0.277478461344187,0.29160228092563434,0.8041586604775923,-0.05105200573709043,0.3031899861530839,-0.9546412958750284,0.12956117834645747,0.01991594416991159,-0.18226618242376028,0.5405096193397548,-0.022568041161189295,0.036938436650906986,-0.042947718427286494,-0.6587969172176886,-0.3448651445424425
0.35026707865452933,-0.878150574545546,-0.3406964556398394,-0.19405833830946273,0.663278431123069,0.27327119040499037,-0.24376493637817254,0.5009087532892877,-0.3171030537573805,0.38274319593666956,-0.5644476239261389,0.40840640715873017,-0.21431582977380662,-0.4632640679619203,-0.13871981681593798,0.059075300302673606,-0.2497617437956972,0.16971903081271714
-0.13238879127240621,0.34895771976576395,0.2776975870078606,0.07643954031004675,-0.07574416275315918,0.16142508049932724,0.3510216169136099,0.9556397807927736,0.5066882884194026,0.5213160996264667,1.366324997644244,0.3373035104072679,0.3389498052332635,0.42669843043724426,-0.25849399032671866,-0.03246825385891987,-0.057375305968350984,0.40413799159640734
-0.08467267061277321,0.040286524465427395,0.4199790023350921,0.3302574497573618,-0.07969124694079255,-0.2830008844755827,0.5269226365108216,0.3823692162134925,-0.5696899834686068,-0.05244883171376613,0.13901892865625118,0.3843446306979587,0.41157166631013875,0.1610934688044197,0.2816300808777727,0.07318578928549174,-0.22200960693799396,-0.05697468808227131
0.1658536186350763,0.14438544397159703,-0.5959720177983553,-0.0007361899927395138,0.18073940521469373,0.045709147216752594,0.1327309028429534,0.42665696936942266,-0.20012245377186588,-0.4197564645328968,0.09219250471291777,0.5371061832483035,0.7133454002484259,0.3511754800916664,-0.5489813194937685,-0.05462271129693814,0.14097793688638208,0.10936063122320719
0.2081769215158655,-0.3743644782455884,0.018432335359012925,0.16058423224916749,0.3227234816601797,-0.329832166306401,0.08608969879862903,-0.857374626333548,-0.024432341335321434,0.014386488507371023,-0.183681357571189,0.2903973057888489,0.23360162449649846,-0.6477057537164389,0.3421829850353083,-0.11534985500100522,0.45025538099081186,-0.2567607017768605
0.1226891442620473,-0.0025788027049311185,0.2319272828298034,0.16056543991021,0.008620858841089471,-0.5038223967680265,-0.464421518851657,-0.10709310910413196,0.12314971296092085,-0.11683751234689117,0.37654643876454186,0.014773298848082164,-0.22260121857238407,0.052165354144256354,0.25374780586604107,0.29335775886925386,0.9147555241366719,-0.10415986466194771
0.09316838872093916,0.29300943208486985,0.11319066967677319,-0.07768740503836197,-0.49714301718059817,-0.0817739702641069,-0.33843450481852205,-0.599596212180913,-0.22722507639963624,-0.32779022803798347,0.32456107838577763,0.33148319523431585,-0.14697804971722478,0.11048221388987672,-0.528723398729889,0.016837686042047523,0.37416642639606346,0.5445488219607663
0.07404085792521639,0.7800016348127499,-0.2470170780036468,-0.13979142905577513,0.6431244368568925,1.0277081820270408,0.3745125432005065,0.16100279331342338,-0.7009337506818551,-0.6318390744903634,0.22890356268537593,0.03391468009855851,-0.2723629479497698,0.1961841572430977,0.21602367191420124,0.5477374723271864,0.22461203811615774,0.6613288722448312
0.2005146343208012,0.1511830245783414,0.6230418970001488,-0.19405932951529797,1.3230960038077406,0.3474200137679702,0.268561192125612,0.3262678805795818,0.8670840811231997,0.4332324556595854,-0.5257929006110267,0.6776176448975444,-0.04652859045405744,0.13269207045967887,-0.4218715475461572,0.30031084857350776,-0.1707196747030714,0.12989789652133898
-0.03235611842407075,0.8512886044145833,0.8741876037784784,0.09988875180613899,0.10687456826778435,-0.06809370281956359,0.7510071123521178,0.17703664761765242,0.14006968589272356,0.700041741216989,0.09328495762434352,0.29350258197159107,-0.43081498542540647,0.48338546522825737,0.9780561028517382,0.4901994762989074,0.7864289941979126,-0.13673152729194177
0.30834175928589996,-0.16345192327313618,0.12270582824208252,0.5226966374156217,0.2545402917159391,-0.351244362565869,-0.37285748428783194,-0.3993114146690401,0.3497351939031056,0.9787119721899369,0.6981374555273546,-0.6052399217311563,0.834659064605928,0.6407888561838733,-0.35189128883348875,0.14494804269381534,0.7044376539763382,0.48640209375192844
-0.16139901839798054,0.6065358648756914,-0.4927612358750214,0.2731101322543292,0.8174217103172332,0.36959668878574164,-0.09171772772736916,0.46359579376634896,0.4977580182920418,0.6318731694041894,0.4575942636359642,0.5404072098322679,0.45505878283546214,0.268106819507037,0.1976989597659739,0.06699147222148746,-0.323051957363442,-0.22022924366747526
-0.12588699790387026,0.08349965871118534,0.5632438340719189,-0.02980009627999139,0.3883093112212792,0.4186450574430619,0.011342176235734164,0.3417969798593241,0.006509678621305956,0.6327752529426414,0.3582582306176234,-0.37227260656409156,0.3946565252148324,0.9892915290828457,0.2575542505346133,0.509132676391321,0.5483981994489519,-0.08460249531254649
0.2697083955302337,-0.49210884496902213,-0.1848244267157303,0.49571440284250495,0.2081277319681713,-0.05636590725378267,0.20695427007990508,0.004332962479777491,0.03340126252256337,0.29109727226988513,-0.2625772346818227,0.04450442380370637,0.10981486257923052,-0.3995192094182106,-0.13346016207782826,0.8620047192474246,0.3886114662559853,-0.294713180138664
-0.492034573914769,0.07924161638036165,0.7485817896951882,0.04940392250285418,0.6469069977862016,0.26487948475205825,0.3919530282836144,-0.3308353585765709,0.5784620138451599,0.06948003023581403,0.5486898265896202,-0.12221514764918834,0.23981492631705079,0.30979636888813844,0.1073818606827392,0.33081326454754856,0.0624363572360823,-0.09062871390342594
0.7447583768793137,0.5221461703063047,-0.20178087425754299,0.3299427459995729,-0.19450651811873343,-0.37130883370320195,0.47579650277156316,-0.6193671240469897,0.4330150916425891,-0.03881619881725079,-0.02234591502023886,0.2261732140612885,0.4019020243754056,-0.16111477115385864,0.45651274307773,0.21477071478779403,-0.3329994175695106,0.10147270614580897
0.6583793494323751,0.7765056625070834,0.39280712625227565,-0.37026965205854334,0.30211050419116003,0.44621210475248185,0.5392414315880557,0.5629399537357341,0.3942634699595792,0.2199933027283494,0.005611239898959522,-0.5102159691400316,0.288723832623895,0.22728826339943006,0.37589746306848115,-0.382150351378603,0.4108738016645788,0.9746851637868654
0.033419615682912795,-0.02262656431086807,0.12564050580602865,0.8149743732558834,-0.4074195413082081,0.08332233672931025,-0.31669368438814244,-0.21563260380708274,-0.016666838621860483,0.5420985811763388,0.7235655248064099,0.18242614238159777,-0.14329897783782072,1.0044344580269808,-0.16368288116023466,-0.22111545437232152,-0.7026383064599174,0.5657755390694709
0.6520002479290417,1.2318242254271026,-0.29110732990672633,0.8479703339721678,0.29275621832697496,0.5871420977005786,-0.5220803059189407,0.7242632795889666,0.45163725105558,0.12146653660836076,0.39507562558729636,-0.1691675698940519,-0.11647684818801751,-0.07007865940549626,-0.625791958631449,0.4600025837260091,0.5919366317176887,-0.1652384738608744
0.11178547651746176,-0.1337119197121603,0.10381385497194642,-0.27852662634487746,-0.3808657922955201,0.39333422454903133,0.20423927178714446,1.0386310861783319,0.2483114917545975,-0.1406437103032554,0.7205638564113171,0.48210757149534944,0.42763292399988234,0.6131240500684804,-0.12423473901700494,0.08598245492719786,0.0683038459261956,-0.3794148362449345
-0.02151207914361021,0.6184757640704169,0.17885922243722602,-0.454500550218308,-0.5384117837462868,0.7498344044189958,-0.14740704868247853,-0.3702435268610735,-0.22087615053922777,-0.7022025463073593,0.4579586152242214,-0.2685006196148384,0.609297360850653,0.0829974355342103,0.6341495395826602,0.1650145493725184,0.4036298149029146,0.34997396819061893
0.44586683058598875,0.3357241949582847,0.10341011763896649,0.9627242807143446,-0.16622438995315986,0.19827346102246432,0.29974824937138744,0.45477020062575785,0.1220048409305488,0.41969242152418434,0.2262568652071628,-0.3389871076868105,0.1295559612823387,-0.3144910864324606,-0.5680192581999604,0.1804843750553541,0.3208883835874268,0.3364142636214307
0.30281462152489586,-0.697089269659226,-0.46846043244596963,0.8653549134424866,-0.3429371653137963,0.32028275117169386,-0.23833874395454596,0.06830540041881827,-0.21686537619764518,0.2610527665596504,0.09114595163847211,-0.14287960474590097,-0.33897327440516956,0.18820525246411898,-0.4039919461499215,0.25208799031545,1.1316895370818747,0.6211635939719194
0.254482298935022,-0.06709977491910221,-0.8083579066240534,-0.5617714141827169,0.4802602866184423,-0.3487592878725551,-0.20050874018177098,0.012931908810239121,-0.3456264044547742,-0.41151539473680687,0.05900246997127896,-0.27741968278496687,-0.15395568193404735,-0.17002466048129183,0.35139583551129805,0.0496014737793677,0.07102296281996914,0.3812301089010639
-0.14120819312216093,-0.195693857211854,0.10378779239908348,0.18288678759406757,-0.14322174963242654,-0.05214923958077622,-0.2050959535332859,-0.23665307890576492,0.4152791391467684,0.285596963377894,0.2897395137266757,0.2199618778502542,0.13526776424096545,0.39535121024409176,0.4908299583240976,0.4812776559912431,0.07647528753658929,0.6715835458785192
0.10368988203127665,0.2652560863646676,0.12514076567230004,0.11110829233201781,-0.2819951867617797,0.2928459446762786,1.2460361925157375,-0.041999595363351586,0.13631632072266098,-0.07056367118622324,-0.0872895260720921,0.7256982258001509,-0.2171675493913754,-0.137611331646934,-0.58297627179291,-0.25102383211728846,-0.6313390994817286,0.30474273738438207
1.063918437124286,-0.20263196907084652,-0.7226636248067326,0.30403941416125563,-0.3467304351827004,0.4637783206107785,-0.06568072031560068,-0.20559537683273507,-0.024052123497897402,0.3502416031748521,-0.043837353501885376,-0.151558982317105,-0.19651142534733962,-0.6257208579561448,0.04183385676180121,-0.831669421693755,-0.294627365901997,0.18677529937650647
0.14570195310885992,0.2606108691303293,-0.001535629151750463,0.49238111232997994,0.39436231864369004,0.20293904163484305,0.47471630006152943,0.4038674108975429,-0.07208741620264397,-0.43386157554042126,0.2718428394731617,0.32213368146868365,0.6192206010890187,-0.19149670538452496,-0.17954061907727287,0.3669919111567006,0.15456500909235782,-0.5712728395948589
-0.0019694056447551456,-0.8929818371420134,-0.530115291895782,0.38865987799761137,0.5779389359764147,-0.6382752185352162,-0.09171710004690996,0.05708852414965014,0.7525302859507951,-0.1571080642115929,-0.15071409429514349,0.6595297383033126,-0.17597231731843108,0.26282402735545524,-0.6169138422760989,-0.09454975386805833,-0.6898953915616898,-0.44823016861340964
0.38942168807718214,0.033778989581591715,-0.0739011502049131,-0.24575870357609025,-0.034521283280236334,0.17418641285655423,0.5416921689154497,-0.901532987307976,-0.18417878337437893,0.21216418320634725,0.1089804399458306,0.30987618334143496,0.07136504140862295,-0.1575982182393615,-0.24639235143686944,-0.13385166893619896,0.4238458668870986,-0.3284542462042843
-0.056517964309452516,0.04194161054749808,0.5927450968979129,-0.15151857834639565,0.3521273873525141,0.4613964862541386,-0.016219179079116366,-0.07500506471356208,-0.12233894190214353,-0.09304672677989001,0.35097847114787606,0.10168651781934851,0.0169135714296922,-0.5272917163901896,-0.46419834318834935,0.7801764176725364,-0.1483326023537314,-0.3871111104695996
0.5335637849019998,0.07384753813970169,0.19238608541208949,-0.09409471144633261,-0.16634511756444084,-0.10671043033263533,-0.41449123690010886,0.10343306745138287,0.2570172620363888,0.8787893247568435,0.17300365722142805,-0.7950667856647802,-0.1442948594893691,0.9891009668678018,0.2398458076184954,-0.431056263898956,0.12974191939670215,-0.4035060563314167
-0.4695395341908952,-0.06736427166578107,0.10859404932339231,-0.6768787273455105,-0.3876802425876066,0.07611769890078972,-0.14528559056796994,0.17590818828604804,-0.46788365109581287,0.303629179248932,-0.45551995899646636,0.6750774006026637,-0.6040217131474281,-0.3547401075494665,0.24922992181663023,0.7479749012029538,0.20829881505036682,0.307424768676855
-0.12235014470643645,-0.5399242870217372,-0.3254202446714115,-0.6141287933681705,-0.6408488924864085,0.03133466235223875,-0.7154315609504842,-0.13833876542595497,-0.7868894690037386,-0.14760716006859764,-0.46163339570048456,0.29648584534495825,0.18250663473176074,0.5473322336977914,-0.2492396100699423,0.07547641259780165,-0.3394157867463766,-0.11242302059763251
-0.2755163633657193,-0.46101796254272337,-0.6568758178061456,-0.7360816037289288,-1.1065739205508265,-0.5932132596692508,0.4140148217129767,-0.47638214976107424,-0.3842318754570831,0.879376691537405,-0.09158115689506269,0.29143566671017324,0.2032731941634197,0.21135678747573394,-0.662579356680002,-0.14607753639657423,-0.700944572244135,0.9248734791273513
-0.802234273322088,-0.5834202552637759,-0.5805245096524497,-0.7629483584050001,0.3767533961867703,0.8046949927175505,-0.3572418634539294,-0.6951114744666465,-1.061712415219291,-0.264585703137723,-0.29348838499345997,-0.42746066627294027,-0.03170771873374172,0.03781143680196145,0.008975482850927178,-0.24670776911162798,-0.5609065521539378,0.14607541879845326
-0.13394973727574958,0.2163877688894984,0.17707497874453082,-0.707660068663208,-0.7126441240274031,-0.4411715285405732,-0.39265434588812964,0.33195252781857787,0.17037568782330464,0.46952541494226185,0.18844654439250488,0.11331165017748517,0.4221011265470075,0.13010015030335875,-0.03055040021557312,0.5343904279816135,-0.011718432329544615,-0.17952702755782932
-0.47278955590150834,0.14354993122771606,0.35715996434653907,-0.1578952129638205,0.385505997121487,-0.9256662651790789,-0.1480657685225377,-0.14192238344114624,-0.4166821675623106,0.8276599965933776,-0.15236147167487624,-0.2889767272411451,-0.11079921936097632,-0.9223095601447101,-0.4251312348723444,0.27211192304378334,-0.3727622067074882,-0.45273412985448697
0.304747861548411,0.3170393673233824,-0.012266204192892427,-0.40110932667281607,-0.3148508191038786,-0.5407223776873328,-0.4277928412483718,-0.44765018896028685,-0.27710535635099687,-0.4437719899108119,-0.6553656410541735,0.057877474264648426,-0.061176678872106885,0.5253021921418449,-0.4223502585713628,-0.03657467538017348,-0.029929879519561057,-0.256549935679695
-0.04648147884136458,-0.03412323960094929,-0.21325047626221905,-0.44647079636035325,-0.4872269577630491,-0.8913164738600587,-0.5331213915715852,-0.4595572896851837,-0.6603429850962822,-0.03478469344944285,0.2678968674702955,-0.5739792530561686,0.005280777410558726,-0.5217402526991803,-0.230064665262961,-0.3842276285584065,0.13266246255528047,-0.3796110664241675
0.20233207856748134,-0.300620396380057,-0.4621735707531096,-0.7036541918532426,-0.10105028279703743,0.15575527397529476,0.02566377009643496,0.8118679340474548,0.48825024846985254,-0.20667583840512094,-0.21087570604114242,0.10421395527582657,-0.5255626336920921,0.27616036109117675,-0.04571475278438451,-0.08777139717840489,0.08442650558650856,0.49877699182580565
-0.044578033782059934,-0.15817632300561577,0.4905276746719694,0.2740599917393921,-0.2413521108105509,-0.11088559519345398,-0.0961094294496721,-0.02953661798319839,-0.7169017362008371,-0.7912556389458156,-0.5292178046261731,-0.5601571730297285,-0.38124592047440875,0.130167941950594,-0.1912879774153031,-0.04515847288133243,-0.6134376789023125,-0.3083731960537859
0.0985419630724238,0.10161988164520833,-0.42619063290067555,-0.07169614707369093,0.7431780397674206,-0.14340027332776764,-0.26936139954885097,-0.06159157683673683,0.04478422191886049,-0.052553973368092505,-0.004628501362473447,-0.5694653398666086,-0.5146170297230785,-0.18929893451729707,-0.19567202769767272,-0.35604054963269827,-0.20037027411927283,-0.1051588975230159
0.3263607031481377,-0.06908937355209283,0.13023660265762882,-0.24604480003524087,0.1994336099777203,0.12088743958327022,0.24083349156937361,0.1798908752752409,0.1300009394499042,-0.14486027316566635,-0.007517618884766958,0.31991026167805636,-0.34989635207958053,-0.340429635797209,-0.016493965138317926,0.07704535178771867,-0.41870912402406457,-0.11897154968378608
0.010879837627371991,-0.8376326989225023,-0.03935824838461799,-0.014447785820500603,-0.015637829810321746,0.6148450571497932,-0.5397943623508865,-0.3833240714291814,-1.0983533622750699,-0.24584170941699263,-0.2117324645977367,-0.2574659134810388,0.2340879329684502,0.13526400610973147,-0.1778403131181322,-0.35722822424099876,0.20149286441769165,-0.21688614675939452
-0.39451463447397983,-0.7537060899004174,-0.24373241646486973,0.2346508279624468,0.8434088569106392,-0.04256248043080632,-0.6656898892478723,-0.8335337665134361,-0.13876572467751103,-1.065394104153458,-0.13940964263779526,-0.03246304069458561,0.10238542052835618,-0.15999102954021244,0.1538499006539364,-0.0037510123134694567,-0.3833758975090262,0.6680385681852208
-0.1400356572264574,0.3109370147977129,-0.9668096184605367,0.5112244477301207,0.5881415924795819,0.012569609468404408,0.07733517629316738,0.0772328350410891,-0.4032866654582257,0.07267568457380011,-0.4696254255509582,-0.38967600706006644,0.22253013836679553,0.1616159573619571,-0.5107973197644411,-0.5216776563185402,-0.48648575990119286,0.06480870766807233
-0.4538752537842799,0.08880371415426004,0.24485738279359687,-0.08917952157736102,0.3501441372858501,-0.17560540925603801,-0.17504584757816918,-0.480402099633346,0.3173673318674788,-0.3961117859721516,0.05040511990542029,-0.11803003403097731,-0.608928661093222,-0.4314566933778851,0.36533345976773685,-0.10715241879476464,-0.5914755723952937,-0.06568412090908012
-0.009502710181453738,1.4305614633540369,0.16299243899327326,-0.10330703637018149,0.616954069571206,-0.6874715644607738,-0.06195746993996437,0.6980858653800258,-0.14616524623630497,-0.7930059503516349,-0.25805271825664244,0.48212168389121146,-0.024511690522640017,-0.5104819728559556,-0.44903665192255804,-0.3988196375108738,-0.030460375429350012,0.36033892412451285
0.4938790126300404,0.2553146803540235,-0.4597480965126213,-0.45826319808700455,0.28621061599587744,-0.4652786316627857,-0.10628664297441134,0.10560034392750117,-0.4710974326920452,-0.4257647682905151,-0.053708260374097094,0.18540028046265192,0.2052267750093802,0.02344064075209823,-0.1899180951592447,-0.5178586345789422,-0.6477435314939302,-0.42373156848778154
0.15803640452313597,0.12871165318184624,-0.8458986237591399,-0.32020864077609207,0.4758651911733715,0.025748189652564854,-0.7044483363019235,0.8046837015785314,-0.1492214639866349,0.01608881266463414,0.022165131357324765,-0.2846829575248035,-0.29051759093697505,0.8491818758179589,0.40179422963868294,0.3292867622350533,0.23102755847886697,-0.4008150743530912
0.4928427954904223,-0.3554223444103869,0.0951454380545711,-0.6739252433915147,-0.8345128214646951,0.10914719985555871,-0.40756829222264596,-0.879595613863592,0.13231521583414757,0.7641037230756331,0.47189551808734204,-0.18685573945095169,-0.18217442078834717,0.16936995924643988,0.2631386644668373,-0.32312683099740497,-0.17204145717729574,-0.06546662076131089
0.12545646332759663,-0.14932464158844289,-0.14412816281143387,0.4558388671178192,0.3877142161932184,0.09487016459049918,0.7301954568604713,-0.11202647603926703,0.6917412083030521,0.25955800626552,1.3509622777371355,-0.43444094186169135,-0.4212005822178032,0.022056649949352497,0.01343113986073019,0.6345931123391408,-0.41281235465068017,0.21650492614668715
0.3993590054074993,0.21623293642296007,-0.450024733235027,0.49747732563638025,0.4261037760608665,0.17420761145085203,-0.207622293829862,-0.19891816469569512,-0.32085568560919475,-0.03304731501238692,-0.2769074275354526,-0.6287713588545002,-0.35538835525128065,-0.23676619878116065,0.15290119969953697,0.053265968105673314,0.15018581999525593,0.2643735560982007
-0.3314411081917867,0.5057513295131041,-0.18759706864402487,-0.25388353173763867,0.11244175710794588,-0.8151168187750643,-0.30400773441534257,0.4046351649505584,-0.682762726151019,0.4592357242470876,0.6166606720174792,-0.13557608965567408,0.012937832095150092,0.3438475590650367,-0.2905029500927818,0.24332293333509866,-0.3722467929276426,-0.29482819220864565
-0.289054360190766,0.16773910521714486,0.49386784656544325,-0.04296494730764225,-0.4778194384257378,-0.4024025033755029,0.09300635039857871,0.6728131472080703,0.09265658157612158,-0.21959203841013852,0.2416401685904762,-0.160632872384336,-0.20157329100977434,-0.43364284634219724,0.5131203336344505,-1.0659423710623575,0.26888447604761595,-0.23575717918310654
-0.2519816363020072,0.589080718725763,-0.37349778060138267,-0.3598730053327262,-0.14000303928917426,0.07769361060353319,-0.2837846653579372,-0.7365859246551436,-0.4533216247934956,0.40549119014501833,-0.07713163678658483,0.07339256104073945,-0.2215819229462959,-0.38081251854638865,0.5540143398730837,-0.19229018289751312,-0.29436139188793164,0.32144350646505504
-0.3080547645249452,-0.25700155848758977,-0.015011947371231868,-0.01900257934271919,0.0847339181832947,0.8175570147802041,0.1681537209685461,-0.9175671626727223,0.1641739998002223,0.048806420223437466,0.051034432168181,0.13203334618606624,0.07182380569234864,0.06225028354011279,0.32851280467058286,-0.13353719811553202,-0.29577941349340187,1.2928077018112252
-0.20166935309338685,0.1247307894031371,-0.5135904759310405,0.1312609904396753,-0.2886165958566275,-0.09231555272089788,0.16203420967819976,-0.06718782927902026,-0.0286278468003221,-0.9644735919869949,0.4787664113013554,-0.7327441810069999,0.525268437629765,0.32246165830481355,0.14477720862609111,-0.4281498004511336,-0.02551995015997178,-0.27452445234572487
0.10132095899988858,-0.010243773236452106,-0.7257390722311915,0.538418790791607,0.05726226777802738,-0.10421502940312298,-0.3211206739908325,0.04639404968778188,-0.4544923161767144,-0.9990600042485428,0.06586214042438507,0.11065141832380329,-0.10645771570872029,-0.4857661359136707,0.00896923051804703,-0.6124179331631027,-0.4374972245127309,-0.3268841604393316
0.42277354672629885,-0.05984646180509049,-0.09394864634090791,0.8670749245341748,0.2261829172451619,0.22079572255960675,0.029957277918205363,-0.06071109105299577,-0.696725000005145,0.5653337887711387,0.357161458304267,0.10617117871635,0.0290432912474791,0.3783916768864035,-0.5379500572499599,-0.1520185606395408,-0.37058717317503076,0.7925376849766799
0.4043501285332767,-0.8269891406621893,-0.5514167348640339,0.001149646448961878,-0.13488816903701348,-0.47566496743879894,0.9076736746609587,0.2547847451937947,0.3196953087459996,-0.14703720009212257,0.41867843847196395,-0.022404324792041755,-0.17796854795447878,0.17976950545862494,-0.7162303044955989,0.5741798654689141,0.008324407418071306,0.44774640504069074
-0.4211131009724178,-0.36021124793616766,-0.4557052869648153,0.10917387074104512,0.03544812244240802,-0.17670992601736263,-0.21223127519368062,-0.3132421059319058,0.17400284177216876,0.007161690124991127,-0.08084639498287377,0.812232196413075,0.017614106131107726,0.5585615509789714,-0.16275649566487735,0.14845489092766406,0.028353970905667332,-0.6285045463990478
0.5654092394291624,-0.05998752588936903,0.29264120477678157,-0.3067375720610265,-0.07186383570830854,-0.3526670270457446,0.7087423676626492,0.3389067135375621,0.3611643852296471,0.7576166333992834,0.676879493316901,0.5204799890118059,-0.3842063728334495,-0.09378708182513787,-0.2170706884230055,0.4754980434318553,0.25274534268155613,-0.37172040747070234
0.14230016331982176,-0.37984708576319864,0.19653525329640884,-0.4443511530705611,0.42932884587815795,0.3689828989379422,0.9192854356033461,0.49525535406353044,-0.01305966406440763,0.4833340755743879,-0.40295951411347797,-0.22888300320784072,0.24317538304030278,-0.7533814948889123,0.09505405623670553,-0.29818694663710954,0.15044119227156416,-0.32117617300864665
0.3472340287017181,0.18526574318659844,0.7376811404721748,0.1802285873602914,-0.12992234826494392,0.07878043138872941,-0.4819270807976225,0.21822237989124607,0.291707576535179,1.0434458926861971,-0.19296691823269183,-0.051350351461003016,-0.004506429545934637,0.3106424606818413,0.37847319402119717,0.20444704245794731,0.6603273469785644,-0.02099482127255939
0.43731475235499717,0.25824427465514527,0.03803316523913362,-0.08312952310414594,1.0135122366912601,-0.2839583270981195,0.12762373207955824,-0.2916371668046606,0.7226987607407148,0.3631809928118739,-0.2628894902442652,0.21348845866468374,0.3286140802299766,0.01888588692945896,0.5288014786106238,0.3812579481611185,0.31181527727373537,0.20876790722242294
0.298451996998548,0.21778526455567127,0.1496675331686944,-0.13037616643633793,0.8035366962636845,-0.2941377773807314,0.4077759712332417,0.10862518676077054,0.9405403914610636,-0.12467153120819258,-0.057383821022789105,-0.15120574162338637,0.2522068769587801,-0.4263994072489207,-0.06859054132457056,-0.738125472563178,0.21898939822977218,-0.07726508692396909
-0.49467543618480964,0.5347910225775552,-0.4225194979660441,0.4193247373992178,-0.17986906820719017,0.7411758125461021,0.43683578369563053,-0.26620358022443924,-0.22981745275895055,0.379225650214896,0.032064315841105286,0.06927856531662578,0.40578017775953323,-0.4025909162972885,-0.0665978580791241,0.2787357505116165,0.22053162840493423,-0.1669604339575749
-0.09076745328856489,-0.6707312859558743,-0.39770309801357995,0.15213858968239188,-0.030357976524396077,0.054765730478988944,0.8027196951148883,-0.08791099236364569,0.2925461303682041,0.4625026366257512,0.10535427623145771,0.959609096832231,0.39047346074680184,0.14309207093704496,0.7447314518329774,-0.5725193717425142,0.023948227659270058,0.1735735276751672
-0.20491688500299515,0.28119095044166503,-0.2817278638005776,0.437128061024275,0.5840390409661365,0.26983849416590505,-0.6344889275746104,-0.2800872100150458,0.3325141997366323,0.11510965585631436,-0.9709708486256272,0.6037623519986642,0.27413600979242536,-0.10815645830912565,0.6174556463175581,-0.051542597871867185,-0.05590743975079346,0.3628144676965069
0.8179354243504914,0.754954911842728,0.24940464021521608,0.2904743041937013,0.42211961348750343,-0.3972734294941663,0.602018227416334,0.05072950529812972,0.4717501192741733,0.25337184151260606,0.5448422234012268,0.39160027855812507,-1.2371679432795557,0.06360084973103655,0.2489053459686694,0.1704155043843458,-0.04899021343446758,0.6489088418211267
0.17865571146335102,0.2291757798919291,0.47190321743491415,0.19914365969332615,-0.30510064155099487,-0.9212285056971624,-0.05716741343255294,0.4380591577271263,-0.007557585192442703,0.45415229628737147,0.19317221774278884,0.6489073754795535,-0.0013958152627042905,0.30373679821263544,0.3190448933997039,0.7173316166380375,-0.565964054948151,-0.06667244223570287
0.34148011899208697,0.6204322687481446,0.09810228189351755,-0.11500798893190937,0.3049210243064633,0.3495547469293586,0.13972712050980876,0.41571471684775013,0.7558026969415195,1.0397753892865125,0.5806337756708484,0.3012473506429689,0.16220492320460156,0.40679361649721396,0.13756585662798476,0.25969119322872014,-0.23931551219258512,0.7026578722162284
-0.4635114995942876,-0.18028231291602118,0.03159969560590939,0.7889571432206394,-0.1765108026757471,-0.2738439343189747,0.09828514807547897,0.9821707820535216,-0.806326882393412,-0.08248328985043832,1.411127398672817,0.5549647444056512,-0.146494168873786,0.2791326179919934,0.32288163728904673,0.6343499092241445,1.0317006119909276,0.4513204833735882
-0.10681874714737472,0.4239303508970913,-0.17020450468733483,-0.3042384243378022,-0.5948669747247685,-0.5169547837423508,-0.3146338684405065,-0.42717171307114615,0.16923880495908922,-0.43581653632041184,-1.2135223268006954,-0.373620515826584,-0.10000664190673561,-0.15344257796695404,0.6965470889055059,-0.15667980653382793,0.44110660246151134,0.08114417730948745
0.11647500172639816,-0.20075522354377717,0.10988383136313079,-0.17264155876352916,0.20140661769726584,0.038897038945962366,-0.2844445920677977,0.4901643170890804,0.2641427732174125,-0.08581851244805697,0.15160380002296636,0.059877572608056887,-0.26947875677569333,0.10575610973808182,-0.17084708379333352,-0.30041591611842344,-0.5715493139769937,-0.06588532328583603
0.27525080221442966,-0.22940120297060357,1.0567460152441281,0.40273679984203326,0.5701945914451315,0.3665597432104437,0.7738406868027479,-0.2821060965616981,-0.99160025743613,-0.14575554651383443,0.2559821270463339,0.09330148552651019,0.2409370871347353,0.6591120438155709,0.2835710725326217,0.4503132137840305,-0.24507705399348176,-0.30740943293879286
0.8392832748868335,0.2339983197358656,-0.055653967701415494,-0.05492009174180883,-0.06601154297826457,-0.08994590274129823,-0.5076898069559707,-0.5945988468027101,-0.07243243697627434,-0.23160103404266646,0.4484330282628115,0.12279997539225995,0.2697821319235192,-0.13359310312945433,0.11524369358033565,0.308055501344902,0.4501333557773961,0.12609832928497972
0.5447974416434233,0.11634365347691679,0.43028677732081166,-0.08279295352192043,-0.611887416713717,0.22049152512114875,0.47653889440318115,0.4165482018675587,0.35528393371950695,0.04697448276253602,-0.13628923143370603,0.40710057676204314,0.2748568678317366,-0.12008173498510401,0.5480475770292493,-0.24886830446661368,-0.12913145016398964,0.7588479862890926
0.5146291110345906,0.023992613584616476,0.28214861979844574,0.22911323375056086,-0.9310492100499257,-0.19539324384832715,0.06950632101254574,-0.052799622767464124,0.18868599378842657,0.5416378930354263,-0.038769346005312635,-0.33321695059288764,0.34437530317415965,0.08378530634262017,0.1520092394409805,0.09772515210851011,1.111169759774136,-0.6818470646294366
-0.07553163547728402,0.07832631551641764,-0.23265507113733705,0.43973225862708776,0.40510499726363025,0.06070007838035821,-0.004939865023918803,0.05854690342090005,0.06141497565443457,0.0719804258632538,0.028129996506839058,0.20430936295051597,0.31946344742284405,-0.47392543754773275,-0.4020869382015616,-0.6812285903017115,0.3647375816347379,0.11830793876788329
0.20898059839087096,-0.5649257033276248,0.720852841169818,-0.23666677124038044,0.07415591486226501,0.34862745628911146,-0.25358263328262753,-0.07732047436926548,0.21287797887615095,1.2841984992216837,0.261659166176611,0.7837537292880886,0.5798707069531598,0.24480546347418508,-0.2980768597758939,0.5215028932036716,-0.5016426877828413,0.7379514983472144
0.16353808459731745,-0.976553457609255,-0.052666476702720254,0.3451150896791915,-0.01127358790589137,0.3695382857074447,-0.4536241462602557,-0.6360074282903805,-0.14219264039437968,-0.10098821225937163,-0.2529682196002661,0.37730197948153954,-0.2234374748347672,0.2419117181537956,0.14383346368630592,-0.5060409056335775,-0.410966598246549,0.1214098817203084
0.7240720690419203,0.1632999943266591,-0.7586618604907185,-1.3126031564806004,0.22481350676888662,-0.10689332360414491,0.6430425089688202,-0.1657510471199042,0.3266211203080829,0.5250055063758176,0.007550665882079671,0.016101893072246243,0.027941372217737473,0.23490677840251278,0.012102637973616902,0.4074347748821759,-0.16693783592843073,-0.5135218424068626
0.8876842266772537,-0.14495941518499683,-0.1304827540551172,0.07057275100310798,0.12376652329357418,-0.05777937756333142,0.001067252254721561,-0.007864081536944408,0.07796854184264798,-0.9349541725606014,0.7603913338374648,-0.050874514379497845,0.35917026880310776,-0.42431931558929614,-0.06147888347538648,-0.1420051255038522,0.7148107268277317,-0.10740422171003951
0.2370795017972087,-0.3263206740481059,-0.24720006884040546,-0.1643725590591022,0.44738555775289224,-0.8220935565908754,-0.4454628638135018,-0.6981195079796555,-0.35419828960830885,-0.24383746218057162,-0.5649899433398844,-0.21285654034959628,-0.7634275105766455,-0.364737207710352,0.5226264417608008,0.20389350990916166,0.1174453506657316,-0.3586531407149253
-0.5107431745905311,-0.35197162118635367,0.08640687826895263,0.45096152091802594,0.4646377758814868,0.35593575402069183,-0.22108390533030925,0.08375877325846365,-0.054598171718029935,-0.006537065101031685,0.8887899990807936,-0.6308612545045766,-0.0031185986796632287,0.5754516905677038,-0.4956044703241742,-0.16674684241725907,-0.12086327133781473,0.0014362388676473214
-0.6761879692321537,0.20030931874554886,0.22870980761559073,0.16554502461751217,-0.3859545751060995,-0.003200789074748859,-0.22665597051672642,8.146100230352338e-05,0.9945072961792598,0.17139827634941102,-0.34189050508396074,0.20525426157647417,-0.5252674903859161,-0.464153276966597,-0.40099837434010865,-0.16227290083886567,0.3902384782750884,0.2468101592461434
0.2957089779555141,-0.3530589795796343,-0.13001489551767673,0.19531128940985806,-0.16481714749878246,-0.02483572946385665,0.14631523325926749,-0.16973731623323313,0.060195591888097776,0.6068631386551151,-0.09897176334751134,0.4415068801349702,0.2416459790972571,-0.5689988452203929,-0.42295685953109585,-0.3155404010536448,-0.3240360145987996,-0.01821794626841186
0.09828977143277104,0.3544955188819312,-0.024297812309924977,-0.32583967022124183,-0.9804643452519076,-0.1193320176330227,-0.23736119736742292,-0.17449777342983636,0.5948268442359137,0.24856934363180944,0.06635509245457488,-0.6325001268740593,-0.3037426043047593,-0.13648254739746274,-0.4087075542302034,0.10164110536798535,0.04421883506021995,-0.5338678218479389
0.36047449775715684,-0.07732805235774881,-0.8098806445781935,-0.13878932921928072,-0.005769603512131009,0.2708647586930033,-0.17975301571370136,0.2864128525158281,0.03009434024503147,-0.5707842980780866,-0.6108291638560603,0.4042614935966847,0.36484128502517443,0.015611305834355937,0.4847303021444783,0.3090915532891094,0.15989910546435518,-0.478076981821002
0.6655824342301606,0.18753150670053256,-0.1813245760274253,-0.2942970683048958,0.07572444642276613,-0.6954127001181587,0.2348574350896715,-0.42644020092908436,0.10323136847824113,-0.25366000999473737,-0.15077936014135504,-0.3477758241574995,-0.007134685347076647,0.8131089055321855,0.6113809379447003,0.19914866912342666,0.047239380899263037,0.39503756340239804
0.4900730425540948,-0.2938424679719396,0.007109337858191261,-0.6906984069161599,0.48732572901543014,0.8640945879914145,-0.1503578604963809,-1.0323949603068217,0.061165296285197374,-0.5440265768052472,-0.44773068701139906,0.06823964557078646,0.08640787022551963,-0.21065729011501083,-0.2752560330202359,0.034920642108762966,-0.1792000009845171,-0.45910863342077307
-0.058331726668982314,0.21053059522443537,0.003452159194508392,-0.4907098933769123,0.47031939447257753,-1.0208310288549718,-0.2557643414772108,-0.32529766128740306,-0.01794672831727072,0.14744644365525755,0.3734876438385775,-0.3621802288067008,0.040369073402022004,-0.11593650637878626,-0.87887961160466,0.5659522406422733,-0.7697739124274504,-0.026464952607484715
0.05617533216524938,0.010446067417781132,-0.29763939837849274,0.2310924149423512,-0.723955635091088,-0.1261401609834189,-0.3655969759755496,-0.4109662821813788,0.03145200962685213,0.2909443117333071,-0.27734941008931263,0.17222533061574483,-0.06596265323861447,-0.44295180311165727,-0.1890397567128794,-0.20565327573309983,-0.36452288441863256,0.08553425204587965
0.1628679081733831,-0.567250446216288,-0.5916009650042638,0.23888321437378116,-0.25710513842633453,0.18982589513160897,0.06333210632822811,-0.757421659877671,-0.8136554267459213,0.4207321480426709,-0.10841221173046364,-0.41673678758475563,-0.7257189163992442,-0.5563190749036506,-0.8283716697860629,0.0012221342954973624,-0.6628431967832672,0.08527109994576809
-0.3135244285160704,-0.5706129340549917,-0.32379349581358646,-1.2029395716086326,-0.2015802912776686,-0.22132053706012925,0.2727391824945927,-0.8116798873179463,0.4075886282208247,0.27108180187446806,0.4436595093548707,-0.07824646652624936,0.22385831164563777,-0.7701980359582266,0.10351860408634878,-0.49016552683544257,-0.8422611549646389,-0.6313566292612087
-0.020373572243067115,-0.35230571098181673,0.12784338498354464,-0.7458810496963824,-0.8734250451411201,0.526368945962655,0.17268474673972156,-0.6085540393863752,-0.19003516240906804,0.21896751905967735,-0.021155061704610012,-0.12954606654746087,0.4017016102559568,-0.32864501234957016,-0.02388864280323054,-0.04349947758603866,-0.14546484133749904,-0.19228222683738289
-0.20421421760632635,-0.21959851434351163,-0.6527325697515329,0.08735685122245634,-0.623915595844226,-0.32065489055659224,-0.2978935236035196,-0.03653988945181268,-1.0274229106024322,0.17658259145628424,-0.4505774735603647,0.3082039833953227,-0.34292394171936985,-0.1711954062065123,0.6138564441144614,-0.2625932554303755,0.34388198195647546,-0.13603993768708403
0.06391373632779843,-0.07427036002504761,0.23688685473045223,-0.37646644093081794,-0.4958732049972716,-0.35768427194040614,-0.15064758067499487,-0.2788592454247631,0.09357821938383931,0.3313609487239767,-0.5808670660986348,-0.4841112478502043,-0.7069783468344613,0.6796666167943219,-0.010614779860588982,0.059438348511311384,-0.6685659335217391,-0.13295057511206956
-0.17826704265633506,-0.4830693126353392,0.048316013508988676,0.5427662138355627,-0.76079136725915,-0.7908011348122479,-0.3753514988009406,0.6182305914170864,0.3926930542223639,-0.07846019970696934,-0.009625206829160224,-0.3508665230681985,-0.09342419389067214,-0.6013957866313673,-0.5534656727699455,-0.20591914837624303,-0.5246330322212343,-0.5434214543870843
-0.25760243905538316,0.056309644250217505,0.39676470892652016,-0.02763802836858037,0.05949316818269362,-0.34177414610746293,-0.43688418154652675,0.10782945661500605,-0.08526870643881147,-0.7228164957789398,-0.2849928856492792,-0.18692384567166145,-0.3930819287267075,0.4037954559015349,0.0030368328455707555,0.36037118524014317,-0.08352867725445214,-0.1563436473452849
-0.4778538511546663,-0.09844291083193996,-0.09799315384039056,-0.6500602777242599,-0.31902571201872465,-0.2325277635171116,0.023419395758227626,0.04256762293022148,-0.3744998146501429,0.045575419152692975,-0.21480399360346777,-1.2898204318060438,-0.30993599431653884,0.31554027452102956,-0.7887774841869938,-0.07097870136970577,0.5180493041381931,-0.42030036274011423
-0.2788058085576709,-0.8012719436199138,0.3712270159366835,-0.312998491527391,-0.261014703611138,0.2620547454735036,0.07210618691085979,-0.5427366639460286,-0.45139634058225897,0.005487350861986817,-0.44213359297250865,-1.0393824957955435,-0.12318888742449008,-0.6939776324187827,0.5446201334566314,-0.031177512863597864,-0.46396259066628914,-0.38134553383384046
-0.858371224180218,-0.5423969437428513,0.3039170919856299,0.7901022691663068,0.18794641624893355,-0.1394292044790615,-0.2718042181456444,-0.4816187933146227,0.7248858918518184,-0.17451994862982773,0.7472314641409239,0.4583873359599467,-0.7453901515146414,-0.31545253727984857,-0.3166896286456608,-0.08101012461842765,-0.07319728022163326,1.149424059183125
-0.480819222861837,0.04165990119382251,0.1966750239151878,-0.05055687485961194,-0.005855841959390262,-0.4678516307945684,0.036952397532970055,0.19891751816164613,0.1253981534003488,0.22243828125673393,0.5594010799463902,0.36914453645763406,-0.13308181493153787,-0.6303030010838239,-0.40160177021496046,-0.24945212109747877,-0.060661327793933704,-0.3529327649302707
-0.5586997926488277,-0.659685988623222,-0.8448776165972995,-0.2783867944849147,-0.7722726898032091,-0.5846167866380441,-0.2270491610923297,-0.6038553357111823,0.0824124634448701,0.2266008134876662,-0.2892592198647681,-0.2442993349986094,0.06413183308995674,-0.4364381138595459,-0.46393363960459233,0.3277593163088419,0.20283502051944063,0.08977992597189358
0.14688339603113454,-1.0142859426734478,0.31815976619074027,-0.06654960589300575,0.18093810107579134,-0.06850974087995758,-0.03822253095353473,-0.16791614577041902,0.08906528992888497,-0.18249162438741806,0.2893579792004478,-0.6923751186464774,-0.47632124461778014,0.5582383994905895,-0.5101230853290261,-0.3551643891254602,-0.6127232732400996,-0.1253526307457395
-0.4591993400125563,-0.2389377578784984,0.17485323045834986,-0.4441987514816047,0.15075106375041,0.16419834226846428,0.3653307361059476,-0.0004353038145538113,1.2398519290089445,0.3651617768350629,0.07329934798096069,-0.407021467414464,-0.17655052663718068,0.4328039144724893,0.5460869699629832,0.45360476388856746,0.17635004640432356,-0.6399909588057532
-0.008480240861646171,-0.6999059192131132,-0.7983334453442177,-0.10768149416101877,0.005934810915985966,0.15800587140040773,-0.045933504250174395,-0.03215360610751267,-0.6386490344015626,-0.28677867427847853,-0.8476347146584072,-1.0461356521646903,0.06333584162395414,-0.534170999829659,0.1160781585439459,0.21041778883874,-0.4806481721625546,0.0032031955088441255
-0.36964734767889584,-0.8435362060841688,-0.05586089445645582,-0.2935342081197435,-0.2812202604682919,0.684952590904771,-0.79301797669483,-0.02952672945317282,-0.5805980784596618,0.1806293801051685,-0.06330268913173494,-0.030937443929515793,-0.6578061594532931,-0.5860854777277185,0.09104989052596535,0.428468776278636,-0.08772718552271425,-0.6388186007209622
0.06348070207092435,0.8988941108211409,-0.03112558262633828,0.5126416368435368,-0.36822645324938785,-0.08892912756845768,0.14502357368759328,0.056128814542521874,-0.4093579808070881,-0.4266094916148636,0.2925112524784397,0.37381781629743427,0.41403571683499907,0.5307504868873782,-0.1369739318847304,-0.31530140410640634,0.3495746690976186,0.09440600632686572
-0.49221041204801597,-0.512682574788544,0.09754377196154429,-0.17013817317457924,-0.1098002904772584,0.32978503730309855,0.1624011574733933,0.39073559884675163,-0.9138281430699677,-0.039854533632140726,0.1366617084382617,-0.7518480431956946,-0.17971706201489018,-0.25395287042246895,0.09092046293306513,0.7333827819867242,0.8912769563750589,-0.24347382672021428
0.32387257428803895,0.3367688149475353,0.26829998269650834,0.2728415279863029,0.23474667507114047,0.7882777224131772,0.2803466533435503,-0.5847015114429797,0.15764847994854692,0.19630939740090808,-0.03465303754295719,0.29192979579741896,-0.0060127563597857266,-0.0010552816489003032,-0.03274615220858329,-0.8885400043992682,-0.11340172764175022,-0.3485425998612289
-0.5856610905804229,0.46252541459240903,0.0906011081103831,-0.12301433168121914,-0.3370032397443705,0.007385934548096079,0.17021534590524534,-0.5571454288405362,-0.2282904403324039,0.12086750811870911,-1.000759543055412,-0.2493869963839215,-0.18887032925138134,-0.07068572413437949,-0.2178052035811271,0.03789606105055234,0.7522971071367213,-0.1467227706037863
0.23216701047255817,0.9133811741985607,-0.10452362451410663,0.8413527464065031,0.1176118094857584,0.828241097180886,0.14176681757449783,-0.03547028737106114,-0.18456590515866445,-0.40793020835571403,-0.1279970124182887,0.2006309512039799,-0.08025490860908956,-0.2016594582351644,-0.1753233498815305,0.3219803092228,0.41505424582952094,-0.3418705417177695
-0.37947536867977666,0.039703342166064165,0.4989726002021212,0.34635589762424324,-0.6127811105727454,-0.2176706136975256,-0.40581027967963434,-0.14057386656993276,0.6081951406103123,-0.6026091173170364,-0.6811149751159056,-0.36499051917727043,-0.07204716298436205,0.06133052424154356,-0.011992030070145904,0.2833027572776475,-0.8922056417083308,0.2883632113288157
-0.10964406895479237,0.3077917829856713,-0.5141761116415576,0.0171767378673523,0.10970236729932967,0.4774944740630915,-0.6331281836554253,0.01327468480164255,-0.43312045106917635,0.20317208307099094,0.3118602799701314,0.515841762390916,-0.11248416716080971,0.47241820883805624,0.6458882495533613,-0.5557711733796468,0.3464655826019203,0.4849321160745825
0.03848069739044763,-0.34233817906462083,0.5191535543892879,-0.33783227907768015,0.07063067814106165,0.12592162882409097,0.23057055415915784,-0.30629729032745495,-0.32947814205358394,-0.016078475017197558,0.34691152452545776,0.859335333738817,-0.7965515828064531,-0.067422295780312,-0.6281731133886601,0.2139653943877538,-0.5689769218186365,-0.4634183901678728
-0.08343111106556429,0.12179765707211265,0.2815562713035172,0.34575779000343965,0.1499702140869209,-0.37967917641619836,0.3381484987271007,0.025850573137813845,0.5117279546089046,-0.23606147318894966,-0.5938758523373728,0.03342363752979491,0.5020433249692425,0.0480391043019569,-0.09620567001360605,-0.36447655740743673,0.6867688363278655,-0.42817878829837513
-0.2779972428932466,0.24017413859165854,-0.7302478157966665,0.5219967263105852,0.2618377058449916,0.3718528888824933,0.23404969061709693,-0.05364652114531277,-0.41445659822493397,-0.045227290652749,-0.37929163886381867,0.20526500986778867,0.3714366940623074,0.6394482143223498,0.1974318180642121,0.4185549044811413,-0.0701331330489901,-0.14258609336021114
0.31360302460515355,-0.030454880808330587,0.23180858380949604,-0.3003426074557355,-0.22851680471208752,0.37829798868574904,0.5323606851711218,-0.21657781257798897,0.44593037921125156,-0.03540961420542664,0.18428672548880723,0.7444624213249422,0.4146711542234634,0.4100250558231611,0.8551924039970705,-0.18987547580563513,-0.30267372938273435,-0.1971726474771523
0.022621256406487655,-0.8173985679476238,0.04145038309040952,-0.09340661498883111,0.43792558472825327,0.2653894293731497,-0.17413745810750744,0.3021255311453889,0.35544641692973517,-0.241277122916337,-0.13106850915274007,-0.8240040818389658,-0.4266071807978899,-0.2873310152196073,0.03932327959223279,-0.368496262794102,-0.19572398586981954,-0.4804754636832156
0.10951494198508172,0.21135522040653654,0.20201552194050243,0.04601383533467719,-0.5753598160279844,-0.20691208298456693,0.0017737196446251657,0.003378263403768844,0.19468887576795352,0.7349129375204265,0.48953487364585896,-0.23031072336745884,0.18262830224500343,0.16738809919264452,-0.41115983705427595,0.25081352118052563,-0.15288350225175534,-0.6527142438794279
0.3504398196431598,0.25514345923411275,0.07728767811397193,0.15337749579498322,-0.11927546176708176,0.4124109313071468,0.10970485849939447,0.19366464988225604,0.2699418820745139,-0.33474913346756513,-0.23062809644985596,-0.7568926715435188,0.25255131023611466,-0.4582296026587548,0.07968229079821271,0.1750496968157729,0.26759554239695993,-0.4549523586944719
0.2774592923191653,0.9716361078905413,0.9892498115691682,0.698453177186222,0.4385211951029775,-0.09851861596270936,0.26451626860222016,-0.08614087305293741,0.20127892855493673,-0.27606976349504775,-0.09210562669017261,0.04272656247636886,0.14091016020578156,0.23988800939233745,-0.18927907020172158,-0.49491485723584294,0.6923129395681561,1.0381005912175816
0.3526175079462973,-0.3559476144266984,-0.13562882327180492,0.3772962510857335,0.7100954681378602,-0.3115070303513966,0.06768021104580473,0.19578616516295283,0.4632447198997151,-0.02002709837478652,-0.5081125371434047,0.3658923631665261,0.4990881935120699,0.016133222745510448,0.21126584396614723,-0.14062668432725356,-0.289139310446783,0.4597400796624622
0.3459084707361108,0.3870575713710795,0.7917561908081717,-0.23102680211710283,-0.02990037565344244,0.25408347114420465,-0.21501321133410578,0.323966697879371,-0.06424760459120266,-0.3863010392284849,0.0370207538454556,0.07884759209310617,0.6051531778825519,0.38853671398298945,0.415738909267954,0.3593970263269096,0.15599134420724753,-0.0552072933204862
0.32332472363699094,0.07453947661978427,0.8837184311496468,0.744662300882528,0.4609250359138839,0.3591761586904348,0.09457818093900683,-0.3746876912073764,0.043292912002691426,0.17032181469358035,0.2215443911093426,0.3175763481378081,0.3877456864903296,-0.25764802133789133,-0.25401663554434895,0.5995562792365191,0.3276062430165151,-0.13709476951407293
-0.04367497820684049,-0.04187608929590521,0.011839138286607404,0.1882827262694995,1.0132065878139866,0.0751121138391152,0.33583332855659964,-0.6037966140895578,-0.12316592872503465,0.5623200694731414,0.23172022492914568,-1.6848517655594355,0.4450143584798628,0.9426708354048918,-0.6229579568945331,0.7831601478115892,-0.933377174696987,0.5506046555747495
0.19098457242442574,-0.7455444632685247,0.3728991537252364,0.6547799224901453,0.33999882435795103,0.42837507765316707,0.021947413921549107,-0.5579380432312351,0.4633634677919995,0.886519426635692,0.6384502005481574,-0.6085324729833648,-0.44170650365388897,-0.17413583748845168,-0.4729389212815728,0.18192722705290015,0.3216175813026937,-0.40785005406646246
0.3590578301450017,0.288648024042796,-0.17105720350269088,-0.02080234795880327,-0.7317140238264223,-0.08469841608003928,0.0186009598241533,0.08314600826329882,0.16719773498009258,0.1133436674642519,-0.09009050873424523,0.1301249471937497,0.6467407089899093,0.2077286823419524,0.37296586799848086,0.17145948660016277,-0.012775654926018384,0.45507977843285186
-0.13140565163616125,0.24514348642879707,0.10198687463593904,-0.030889144576136465,-0.04057240682674344,-0.11256367093435392,-0.507176866205961,0.3043016406943214,0.24376233274097275,0.49101170360904206,-0.061439158293073434,0.9092970528203116,-0.015534146211845571,-0.21368362394987067,-0.26111373500905827,-0.5572087283638573,0.7494113898852589,0.6847871892354724
0.6042891756086781,0.005555587344462959,1.0884981830784228,0.22330344584611253,0.25638077796411396,0.9388947426292054,0.4686027243845929,1.0854797460940815,0.30452739471985185,0.046226170760754096,-0.039683462791674326,-0.5337599802840068,0.11547171993319869,0.6847473645866328,0.46644369811810815,0.2350332316798428,-0.17106374847085126,0.31765923626077536
0.5240731675881911,0.2912353880980356,0.18564175336338554,-0.1998353758024406,0.46582041115484696,-1.1338142419876307,0.3881716869528804,1.2631621957846617,-0.36831595152591645,0.138485621526276,0.23186900735693183,0.050000277784191555,0.5416015296901049,0.3160322384086335,0.1879719816854408,0.4459608571342252,0.13375211629520994,1.3989976281959184
0.1256647760750659,0.1432388420082512,-0.6190612172169407,-0.1522541283090001,0.5240770753322934,-0.4690567375315796,-0.8002962324674122,0.07565282572839982,0.611024440243361,0.07967912873182015,-0.07172320379716757,-0.6806685378430223,0.36348431478114956,0.44709270925349015,-0.5301103339401679,0.6363956451791598,0.48886087605711587,0.6355090427192104
0.48113108455454856,0.5091941313457392,0.45600940730190737,0.5951099764216901,-0.47978205982835564,-0.3527027256273941,-0.16016527292411858,0.08230981848276879,0.28949265647506184,0.2641105484433301,0.5810802117342027,0.5936360065839306,-0.36678536211116863,0.07759912522653703,-0.3569639378823868,-0.09313013413507816,0.11088522882574645,-1.3813161493823278
0.9940363211971588,0.25610217630027515,-0.20874260482407733,0.8004866074333763,-0.1094337628531927,0.08254645967250815,-0.05212522124237079,0.8035178378940159,0.10072722039432797,0.2025147432124838,0.6242339641268585,0.37677688590111075,-0.16126062805721691,0.304634986939397,0.8758718897675926,-0.012557222483819575,-0.0928173668545616,-0.07127056855595554
0.5941950159008356,-0.1696558784449405,-0.04130380831643596,-0.5449539640824281,-0.40352392948776106,-0.13709678551095972,0.2471029603173039,0.9771110882495209,0.48387487991156275,-0.09535364613444453,-0.021714436204173126,0.8193772312337346,0.6031639547954584,0.16377977943346272,-0.02449077087175139,0.6024929496256386,-0.2448110353460931,0.30933197456679074
1.1379140750378864,0.3109927515811368,-0.08139331302408795,0.39299795974916896,0.04084699107441474,-0.3287958588208121,0.2362266665557661,0.40294601602681235,-0.16855041302210566,-0.19508201383158597,-0.42881390064180847,-0.10416198438010324,-0.07788377868341631,-0.25734950019544217,0.9039311066457025,0.333660701185663,0.376021617697601,0.500423402058831
0.4046585881438488,-0.06899987967875934,0.20526515062851347,-0.011368092264337524,0.27162955135059064,0.2329204558231923,-0.15220701394365502,-0.5308623987666939,0.059351913188228814,-0.08085070472089383,-0.7552918086814776,0.20392179795751275,0.5256544231214291,1.1508601683078992,-0.016961423103945515,-0.0759671803953082,-0.30425083395137764,0.22297434081912176
0.00373239214229254,-0.4017134139957491,-0.14716683288258553,-0.8686611468367922,0.29335581905224917,-0.3854665839499162,0.3455485331400197,-0.2112662948139002,0.12646963392058208,0.24757461229820055,0.3548947349208794,0.5513040799142161,0.6021016063506237,0.31955595006387805,0.41133739021463356,0.6049132169333908,0.25435472556521455,0.011788694708537384
0.5231262848019178,0.5486852366845584,0.3789078574863098,-0.46236951651454555,-0.21710253893796333,0.00953988068770207,0.349621240766396,0.02923426484381239,0.49252028585226165,0.5638674839697488,0.5174410199429189,0.5199890582641511,-0.2007427757748163,0.4071089858709813,-0.028956830293495495,-0.4455717464550084,0.09906633326633654,0.7439495723395716
0.19512543165114543,0.8179523762461168,0.08172068571100463,0.9899497290409232,0.0818371178105805,0.019820746065254566,-0.6503802003505151,0.3056009309351906,-0.3394742167581081,-0.39744322094540735,0.3738680603231122,0.32466490233646633,0.4573079811189803,-0.14038901938728376,-0.015902911887391954,-0.01945432484363188,0.31749470650366796,0.6259133016324007
0.33654929967351366,0.9792471117370943,0.5481684448073755,0.09537091994838356,0.5207752400457408,0.8716667890776602,0.7763661079428436,0.4518070524459421,-0.012679703930490546,-0.10962678701605844,0.20747831603086608,0.6466403127147283,0.25090107979414394,0.2592061796558877,0.09795257263520024,-0.053762994144121654,0.012539628250796207,0.13156382500657532
0.6463638087069246,-0.13676170120132508,-0.019831359424452126,-0.38702725395160786,0.24577623680025773,0.5057954816983088,0.3926543212106752,-0.1757990072937431,-0.02740310386033301,-0.3185649460400425,-0.045937345294218224,-0.13155875617234147,0.10251188237541177,0.13430760438566863,0.25997504083227635,-0.038454846463408875,-0.017792589356396486,0.7621509329434383
1.1933008356766213,-0.37266465127554954,-0.39470635361235556,-0.2737790029851919,0.06776676212264597,0.4673943325529708,0.26455277883039946,0.09686405672327802,0.23962582079425027,-0.24878286064025712,-0.06959750668995687,0.020013782660771966,-0.4578529888083547,-0.28869053514865195,-0.2727928777706772,0.48147683621389614,0.273975526169353,0.4202580267699637
-0.5701597490584278,-0.4277244275580834,0.43098842296515605,-0.9457656098038626,0.6555539899024798,-0.5636246105465581,0.40644887642379973,-0.28632293024897676,0.48867240572244136,1.3523752852204063,-0.8401601323946419,0.3472617787980677,-0.7668356037904928,0.1271370505340048,-0.12627938377375444,0.00834241063174044,-0.4082450288842917,0.2686459254456033
-0.6919998852417949,0.38399815510585367,-0.2763568726977156,-0.6737330210148784,0.5253179792826368,-0.13959381117730374,0.6443257228874498,0.3698137864359762,-0.4379869472039347,-0.1527245856640603,-0.07031348942393101,0.4917926147052151,0.08212536705144528,-0.022364669856816996,-0.1728335531347238,-0.11310453263725635,0.42895511597592906,-0.09139957797641096
-0.22027043796340598,-0.2880743956896108,-0.2837775909786009,-0.6231099278612421,-0.3624216527747277,0.5370965808159932,-0.17266232382046612,0.1917420478289719,-1.0815252267538011,0.13730190399288417,-0.15456370134111297,-0.282598628749671,-0.12038078284139644,-0.39109486733466026,-1.0423147337651915,0.17613441065892585,-0.0955577412705719,-0.3183417477089899
-0.4054711421834968,-0.6069399997973758,0.07056008947270123,0.6263793907356219,0.06226959734189347,-0.5721016357916522,0.12455258558328541,0.013168709869233214,0.38012334519761654,0.277199165732615,-1.1598231188760453,0.25260277653930713,-0.3040145839043531,-0.47131431668219914,0.02198781574785494,0.26176562350928506,-0.5589166642174493,0.379207746720301
0.14747675956106868,-0.13906830093177222,-0.5049082315423907,-0.5496099811272881,0.2525140731805197,-0.7623478540499333,0.17864243364691051,-0.3132254143329356,-0.28547955053790375,-0.930380832846091,-0.3058324027321956,-0.001711544276210536,-0.5645471486320922,0.16947123340943834,0.005621787980309212,-0.2874853590242226,0.3118861211052219,-0.9108858210827223
0.08011643862979342,0.5892182023616268,0.5174213947725745,0.09736682734771882,-0.17922817132002852,-0.3128768834867426,-0.33891279432068466,-0.00021957759126534082,-0.5406399989421943,0.0852270504617246,0.6355217304429018,-0.24249577080938584,-0.5780371662623651,-0.5781771434756081,0.2703469757355872,-0.06417771653322048,0.3104531134765782,-0.25373294461278284
0.21166438547078814,-0.18390470292503464,-0.41358665567472414,-0.2809844250660983,-0.599406775714439,0.6751587898875002,-0.15945724838950404,0.13690111250676917,-0.33565217611442894,-0.5416756517580386,-0.2144567273332833,0.31957249038557023,0.005284702778533268,-0.13463536975391943,0.27576311708550416,0.41318645962494444,0.8707166868791201,0.3550776106868447
0.12358250937199693,0.1536955327276316,-0.5952207148135492,-0.5193473902283148,-0.5675730778827571,-0.6668728643171553,0.13344266132031907,-0.06872125196234025,-0.15294286339126256,-1.22182789478875,0.6374494548196051,-0.5424500902892646,0.7437217716130524,-0.6566999230230571,-0.40196379418514544,-0.9581430837663826,0.06784665961454839,-0.5175060590870236
-0.5440088064605666,-0.6638144316909838,0.19613328027392044,0.16977671580579404,0.6100048116102894,-0.38909139325041414,-0.0615615254206746,-0.6648233528001753,-0.283104882933522,-0.3566273991518658,0.03669070915877359,0.25771944872788166,0.14649195173056082,-0.5870596334890835,0.1494524372471606,-0.267568779445158,-0.3797734829608452,-0.5333393193296065
-0.34541160909808005,0.5754882471250341,0.0015270152441502474,-0.0515925523529772,-0.22633603476823788,0.8569541532217523,0.2670654006866021,-0.5433636407714848,-0.3643848167338175,-0.3406366122003319,-0.19659000353892803,-0.535429191904542,0.027372488934065457,0.4326811324051126,-0.6736053640122784,-0.5994128152474401,-0.341417542529536,-0.3228723444537451
0.6797818074088046,0.2810791455163677,0.25812439835773787,-0.225350819894928,-0.23412990520429344,-0.7002867079957272,0.19813482041410588,0.08186057111849314,0.3998376750662925,-0.198893156147488,-0.17127292928517981,-0.04654305938076676,0.12328816992080106,-0.8215571091210288,0.060951593213312685,-0.24166908515116936,-0.6569257674635158,-1.0673131613436637
-0.25637850833494896,0.3772961697260204,0.4680848431129504,-0.05963853931556903,0.5830132419532915,-0.21896545676630555,0.22449172310118448,-0.337322053118499,-0.3626692332695875,-0.4278333443081826,-0.9810412764056531,0.3580072064228366,-0.4381462041514129,-0.502068740398285,-0.6534819011412766,-0.2632370031107196,0.5239036957276907,0.6560183118328806
-0.8661031095830822,-0.3435355576527618,-0.6154994672997283,0.19357873722235905,-0.08711894034467817,-0.4563840902141828,-0.06229090516756264,-0.28228758596705367,0.5543783003459885,0.1274636686024451,0.17660923096260497,-1.158087128617129,-0.21321361863425858,0.6467862365208794,0.34395348091193945,-0.9253339814708555,-0.31186848017617186,-0.6671059334702228
0.5236391239769141,-0.06309018725787063,-0.46791972406080845,-0.14713832275191846,-1.2037477117956275,-0.5947860215508647,-0.11432530090719792,0.20936735614360724,-0.9054284394766581,-0.2813649143186935,0.274971504169807,-0.7094841209870306,-0.1159720464787867,-0.18125537915005457,0.478106947750185,-0.29969965763711104,-0.27628541974248405,0.13433872087341947
-0.685002163594179,-0.24281597899478458,-0.33675270071064534,-0.21002742145648123,0.1848998832106941,0.06720189765842814,-0.4287908484127298,-0.07463824367037426,0.46685872063895045,-0.46186420452018134,-0.0712512128424542,-0.20658219577671066,-0.3145171891211121,-0.9415782316861616,0.2749899589384805,-0.5990559431416747,0.12111360527501186,-0.5378658260054058
-0.44344692119722096,0.29200423974726986,0.20430878095225288,-0.10977870085332368,0.11121515948361108,-0.3086661725414769,-0.29733791298482254,-0.5586406188827943,0.06763511782283735,-0.5713561943642075,0.30007167607787466,-0.42032452922519636,0.018093462529508192,0.3133812451847082,0.019435805398807265,-0.10927328879114961,-0.002119342200414126,0.367417378346008
-0.37981623172357326,-0.16517014577819705,-0.110560651933901,0.2311587353421714,-0.15461349241746578,0.6086442949285977,-0.16042558299904378,-0.19288360727511772,-0.16622300056009845,-0.6244667233762099,-0.5125008906164797,-0.31007690780864305,0.3371474369063983,-0.1304349263784576,-0.3110421784799362,0.37342939560898464,0.5032863505232507,0.3849684817294506
-0.6658521698140263,-0.5227156189974255,0.4008782572059244,-0.22816029411995437,-0.4316669968783946,-0.037276986387628275,0.22669299071035726,-0.4048064646041935,-0.08845065278491512,0.19439739145393567,-0.640341494616829,-0.1712884532624318,-0.6114430607427535,-0.5591193982931917,-0.390927230514589,0.02516061562932083,-0.2944962509777212,-0.42505444950982973
-0.19004077018398496,-0.6694476868205405,-0.03914130838040458,0.2418921092693554,-0.24234421190917327,-0.291722192834052,-0.0048996591018075145,-0.9656635679206532,0.0604511822511117,1.0864785211099104,-0.20334628883392342,-0.20192581387456754,0.23559061336837422,0.5962808806076856,0.32813495110215485,-0.9240949381049195,0.1635073483935996,0.9669198714251708
0.09042486539706762,-0.6203923186154183,-0.04581970353927284,-0.6708264538431452,0.3345699224008254,-0.5409045885178887,0.003965120829457214,-0.3688443338440911,-0.2443115560665484,0.568727925296846,0.015650532910126913,-0.24941332253764,-0.541543231556183,-0.8321326377612683,-0.5839642966105685,-0.038668346623742716,0.3086414642875716,-0.3075926401703743
0.4205588984481713,-0.4946587107307253,-0.3028632309913863,-0.6394892299743353,0.18864615198770784,0.6313457037783926,-0.8987173631625427,-0.3324554062419429,0.3119213600319505,-0.7727687873583041,0.03268298400037098,0.29459830129496467,-0.06318642411943444,0.12562727851388375,0.6098830045888737,0.6848926717782894,-0.11926483507596251,-0.30742908958186255
-0.3172477988673442,0.4415299057336195,-0.49796597755425287,-0.050285369634346516,0.09182015394392082,-0.1504567595253674,0.13487098293479494,1.0487482042442486,-0.025696559211471598,-0.1512193740438105,0.42907560667988653,0.11877633458535414,0.5320585598424785,0.022199299285815363,-0.14304503183048534,-0.7571657038798942,-0.6915696261667681,-0.7779552248129131
0.052567504639207424,-0.6440679538214724,0.4030627844932648,-0.08706953593210694,-0.19684292951515597,-0.4367101919562237,0.29229668269840825,-0.2784059444266388,-0.35075801823762653,0.5187331516324653,0.1852416477003348,-0.05057858790898315,0.16891232172236872,-0.0840881229268385,0.06554438800955555,-0.4144000331212999,0.740498571393131,-0.31950885924160793
0.5512762027544355,-0.14667786774734604,0.25170851823642953,0.22255907158489913,0.38761037403446286,-0.40737981089121333,0.41672530839983635,0.7250470882528677,-0.11700604380845138,0.00035357474514043086,-0.22290750910377022,-0.1521033529857485,0.6627839694240095,-0.42347896060106827,-0.3986326788892954,0.6225752244167642,0.22803422020635838,0.8263629494680231
-0.3040693735170868,-0.07338146349171773,-0.38816469589546726,-0.06657345092766709,-0.833532597300467,0.1500879042752578,-0.04424329527000635,-0.19665479365330915,-0.3297786585068075,-0.5315345236141814,0.1174522361461629,-0.6420689229483042,0.20449874731727535,0.8295209404213612,0.5939489779552974,-0.6023107945706832,-0.21495484163974304,0.16832067871971323
-0.09118312921194414,-0.6228326477191726,0.09105602018319242,-0.06707711845272381,0.7026598030353087,-0.16436184145318275,0.18707956119903524,-0.7869571541835914,-0.6913255120902044,0.008542990992194854,0.1533705193113487,-0.6630788833613581,-0.035589632272062965,-0.5978522642772589,-0.11770852538781941,0.2895485193840227,-0.2192039945200856,-0.1448344772431488
-0.620172510438703,-0.42759771657025264,0.5349900153654532,-0.13908439443342913,-0.5691774577805215,-0.29416313108747894,-0.5778165617306397,-0.34450939012009973,0.6052903823545666,0.004161516981343205,0.8174465571764677,0.023015351337562856,-0.08315993251621882,0.1875892093772289,-1.137803486927381,0.013207275421809501,-0.08836304926400111,0.5256471033664386
0.33744511850565745,-0.5019033133785097,0.44842880829124276,-0.15335244939218753,-0.4102079296782075,0.03041466118869147,-0.10141417168270145,0.5950796961942354,0.11594238197930984,0.06195713893722818,0.3399524037250018,0.4168422178199107,0.4350368823140285,0.6893802337210901,0.36506780976062414,0.1886554304857895,0.6172636694303205,0.08523638856225327
-0.09621277630713822,0.5791193840737631,0.5392582683370897,-0.11278170561433198,-0.29093201376724953,0.4757580172383966,0.22983705609851213,0.03590221461137169,-0.21907937114355136,0.042348344418264044,-0.09901367102265456,-0.3560655588967718,-0.011983762527876557,0.042568924293072366,-0.21375872073086305,0.29792958148103643,0.451932262961625,0.32435838349939444
-0.13823971256121423,0.2745882431997325,0.0034442005083997473,-0.5220387499019971,0.24135139292348198,0.030712297907162945,1.1547754352032833,0.7002645796869842,0.40181629714936984,0.21702443489083206,0.18284513639876748,-0.2841195270776829,-0.6564635308372299,-0.3098922835898915,0.020044552774562355,-0.8030843512408593,-0.1785973568663652,-0.05991385320703588
